Player,Country,CareerBatImpact,CareerBowlImpact,MatchesPlayed,TotalImpact,BatImpactperGame,BatImpactperGame_Z,BowlImpactperGame,BowlImpactperGame_Z,TotalImpactperGame,TotalImpactperGame_Z
A Athanaze ,WI,16.36785714,0,6,16.36785714,2.72797619,1.130442962,0,-0.687008106,2.72797619,0.443434855
A Balbirnie ,IRE,143.9829955,0,57,143.9829955,2.526017465,1.012794177,0,-0.687008106,2.526017465,0.325786071
A Dananjaya ,SL,-3.033658009,83.22175325,33,80.18809524,-0.091929031,-0.512261117,2.521871311,0.67505895,2.42994228,0.162797833
A Flintoff ,ENG,6.585197368,20.19166667,7,26.77686404,0.940742481,0.089310061,2.88452381,0.870928192,3.825266291,0.960238252
A Khan ,ENG,-2.25,5.95,1,3.7,-2.25,-1.769421095,5.95,2.526597184,3.7,0.757176089
A Martin ,WI,0,0,1,0,0,-0.458708894,0,-0.687008106,0,-1.145717
A Mishra ,IND,0,0,10,0,0,-0.458708894,0,-0.687008106,0,-1.145717
A Ndlovu ,ZIM,0.313304094,1.6,8,1.913304094,0.039163012,-0.435894922,0.2,-0.578987761,0.239163012,-1.014882682
A Nehra ,IND,-8.929757085,110.4,27,101.4702429,-0.330731744,-0.651372953,4.088888889,1.521407854,3.758157145,0.870034901
A Nel ,RSA,-3.25,8.65,2,5.4,-1.625,-1.405334372,4.325,1.648931873,2.7,0.243597501
A Nortje ,RSA,-26.83333333,159.9797619,38,133.1464286,-0.706140351,-0.870063016,4.209993734,1.58681679,3.503853383,0.716753775
A Shahzad ,ENG,-3.25,7.308333333,3,4.058333333,-1.083333333,-1.089792546,2.436111111,0.628739718,1.352777778,-0.461052828
A Simelane ,RSA,-1.560714286,3.516666667,8,1.955952381,-0.195089286,-0.572355964,0.439583333,-0.449588388,0.244494048,-1.021944352
A Symonds ,AUS,54.91270819,16.08589744,14,70.99860562,3.922336299,1.826204014,1.148992674,-0.066435176,5.071328973,1.759768837
A Zampa ,AUS,-21.59345238,385.9967391,96,364.4032867,-0.224931796,-0.589740382,4.020799366,1.484632585,3.79586757,0.894892202
AA Noffke ,AUS,0,0,2,0,0,-0.458708894,0,-0.687008106,0,-1.145717
AAP Atkinson ,ENG,-3.365384615,9.145588235,4,5.78020362,-0.841346154,-0.948825636,2.286397059,0.547878899,1.445050905,-0.400946737
AB Agarkar ,IND,0.113888889,12.475,3,12.58888889,0.037962963,-0.436593997,4.158333333,1.558914919,4.196296296,1.122320922
AB Barath ,WI,-0.797368421,0,2,-0.797368421,-0.398684211,-0.690957898,0,-0.687008106,-0.398684211,-1.377966004
AB Dinda ,IND,0.3,53.59166667,9,53.89166667,0.033333333,-0.439290936,5.95462963,2.529097655,5.987962963,2.089806719
AB de Villiers ,RSA,209.4546941,0,76,209.4546941,2.755982817,1.146757907,0,-0.687008106,2.755982817,0.459749801
AC Agar ,AUS,0.67091153,169.9208333,47,170.5917449,0.014274713,-0.45039332,3.615336879,1.265641595,3.629611593,0.815248274
AC Botha ,IRE,-4.298262032,30.55,7,26.25173797,-0.614037433,-0.816409496,4.364285714,1.670150156,3.750248281,0.853740659
AC Gilchrist ,AUS,40.44532364,0,13,40.44532364,3.111178742,1.353673299,0,-0.687008106,3.111178742,0.666665193
AC Thomas ,RSA,0,0,1,0,0,-0.458708894,0,-0.687008106,0,-1.145717
AC Voges ,AUS,18.43964211,8.95,7,27.38964211,2.634234587,1.075834845,1.278571429,0.003550533,3.912806016,1.079385378
ACL Richards ,WI,-0.533333333,0,1,-0.533333333,-0.533333333,-0.76939623,0,-0.687008106,-0.533333333,-1.456404337
AD Galiem ,RSA,0,0,1,0,0,-0.458708894,0,-0.687008106,0,-1.145717
AD Hales ,ENG,306.6391277,0,74,306.6391277,4.143771995,1.955198889,0,-0.687008106,4.143771995,1.268190782
AD Mascarenhas ,ENG,6.063029101,35.09166667,14,41.15469577,0.433073507,-0.206426792,2.506547619,0.666782598,2.939621126,0.460355806
AD Mathews ,SL,175.2916593,140.9641319,87,316.2557912,2.014846659,0.715017372,1.620277378,0.188106508,3.635124037,0.90312388
AD Poynter ,IRE,7.940686275,0,7,7.940686275,1.134383754,0.202113606,0,-0.687008106,1.134383754,-0.4848945
AD Russell ,WI,176.3035041,74.61937809,82,250.9228822,2.150042733,0.793774325,0.909992416,-0.195519629,3.060035149,0.598254696
ADS Fletcher ,WI,84.72383215,0,59,84.72383215,1.435997155,0.377815102,0,-0.687008106,1.435997155,-0.309193004
AF Milne ,NZL,-16.79830447,189.1797034,54,172.3813989,-0.311079712,-0.639924883,3.503327841,1.205145319,3.192248128,0.565220437
AG Cremer ,ZIM,-25.93517316,109.8583333,28,83.92316017,-0.926256184,-0.998289019,3.923511905,1.432087459,2.99725572,0.43379844
AG Prince ,RSA,-1.041666667,0,1,-1.041666667,-1.041666667,-1.065520098,0,-0.687008106,-1.041666667,-1.752528205
AJ Finch ,AUS,475.936768,-6.1,102,469.836768,4.666046745,2.259444172,-0.059803922,-0.719308308,4.606242824,1.540135864
AJ Hall ,RSA,0.675,9.65,2,10.325,0.3375,-0.262102064,4.825,1.918982738,5.1625,1.656880674
AJ Hosein ,WI,12.3552628,207.3083333,74,219.6635961,0.166963011,-0.361446469,2.801463964,0.826067425,2.968426975,0.464620956
AJ Ireland ,ZIM,-1.333333333,1.45,1,0.116666667,-1.333333333,-1.235427235,1.45,0.096139401,0.116666667,-1.139287834
AJ McKay ,NZL,-3.75,8.422727273,2,4.672727273,-1.875,-1.550969061,4.211363636,1.587556677,2.336363636,0.036587616
AJ Redmond ,NZL,18.21831502,5.964705882,7,24.1830209,2.602616431,1.057416044,0.85210084,-0.226786969,3.454717272,0.830629075
AJ Strauss ,ENG,5.766071429,0,4,5.766071429,1.441517857,0.381031125,0,-0.687008106,1.441517857,-0.305976981
AJ Turner ,AUS,-7.16476024,16.95,19,9.78523976,-0.377092644,-0.678379974,0.892105263,-0.205180511,0.515012619,-0.883560485
AJ Tye ,AUS,-2.516892829,131.0131752,31,128.4962824,-0.081190091,-0.506005269,4.226231459,1.595586814,4.145041368,1.089581545
AK Kitchen ,NZL,7.088596491,6.975,5,14.06359649,1.417719298,0.367167542,1.395,0.066433806,2.812719298,0.433601348
AK Markram ,RSA,217.665067,27.05,56,244.715067,3.886876197,1.80554713,0.483035714,-0.426119682,4.369911911,1.379427448
AK Perera ,SL,2.329545455,-4.8,6,-2.470454545,0.388257576,-0.232533809,-0.8,-1.11908949,-0.411742424,-1.351623299
AL Phehlukwayo ,RSA,-7.555614973,131.2440789,42,123.688464,-0.179895595,-0.56350505,3.124859023,1.000733656,2.944963428,0.437228606
AM Blignaut ,ZIM,0.05,0,1,0.05,0.05,-0.429581956,0,-0.687008106,0.05,-1.116590063
AM Ellis ,NZL,0.508333333,0.883333333,5,1.391666667,0.101666667,-0.399484121,0.176666667,-0.591590134,0.278333333,-0.991074255
AM Fernando ,SL,3.058333333,4.325,7,7.383333333,0.436904762,-0.204194938,0.617857143,-0.353302395,1.054761905,-0.557497333
AM Hardie ,AUS,22.13048223,28.90833333,14,51.03881556,1.580748731,0.462138505,2.064880952,0.428237667,3.645629683,0.890376172
AM McCarthy ,WI,-1.5625,0.7,1,-0.8625,-1.5625,-1.3689257,0.7,-0.308936896,-0.8625,-1.677862596
AM Phangiso ,RSA,-3.864473684,60.2,16,56.33552632,-0.241529605,-0.59940925,3.7625,1.345124651,3.520970395,0.745715401
AM Rahane ,IND,35.82788203,0,20,35.82788203,1.791394102,0.584847597,0,-0.687008106,1.791394102,-0.102160509
AN Cook ,ENG,7.001488095,0,4,7.001488095,1.750372024,0.560950647,0,-0.687008106,1.750372024,-0.126057459
AN Petersen ,RSA,-1.64047619,0,2,-1.64047619,-0.820238095,-0.936529374,0,-0.687008106,-0.820238095,-1.62353748
AP Devcich ,NZL,16.11893408,7.05,4,23.16893408,4.02973352,1.888767057,1.7625,0.264921192,5.79223352,2.153688249
AR Adams ,NZL,0.425,2.875,4,3.3,0.10625,-0.396814151,0.71875,-0.298809988,0.825,-0.69562414
AR Cusack ,IRE,2.568814519,64.85833333,18,67.42714785,0.142711918,-0.375573671,3.603240741,1.259108449,3.745952658,0.883534778
AR McBrine ,IRE,-3.515705128,7.275,14,3.759294872,-0.251121795,-0.604997072,0.519642857,-0.406348101,0.268521062,-1.011345173
AR Nurse ,WI,12.45138889,22.15,12,34.60138889,1.037615741,0.145742489,1.845833333,0.309929669,2.883449074,0.455672158
AR Patel ,IND,74.44215164,217.6800725,69,292.1222241,1.078871763,0.16977572,3.154783659,1.016896004,4.233655422,1.186671724
AR White ,IRE,4.199206349,0,6,4.199206349,0.699867725,-0.05100882,0,-0.687008106,0.699867725,-0.738016927
AS Joseph ,WI,4.766007823,130.2026039,41,134.9686117,0.116244093,-0.390992205,3.175673266,1.028178517,3.29191736,0.637186312
AT Carey ,AUS,4.289032351,0,38,4.289032351,0.112869272,-0.392958169,0,-0.687008106,0.112869272,-1.079966275
AT Rayudu ,IND,-5.108173077,0,6,-5.108173077,-0.851362179,-0.954660359,0,-0.687008106,-0.851362179,-1.641668465
AU Rashid ,ENG,-27.6105615,412.9297619,122,385.3192004,-0.226316078,-0.59054678,3.38467018,1.141058111,3.158354102,0.550511331
AY Patel ,NZL,-4.125,44.65,7,40.525,-0.589285714,-0.801990661,6.378571429,2.758069354,5.789285714,1.956078693
Aamer Jamal ,PAK,8.340746753,-2.992647059,5,5.348099694,1.668149351,0.513052753,-0.598529412,-1.010274877,1.069619939,-0.497222124
Aamer Yamin ,PAK,5.675,7.775,2,13.45,2.8375,1.194244826,3.8875,1.412637367,6.725,2.606882192
Abbas Afridi ,PAK,12.16872711,115.6392918,24,127.8080189,0.507030296,-0.163344096,4.818303825,1.915366123,5.325334121,1.752022026
Abdul Razzaq ,PAK,42.9959655,65.13809524,32,108.1340607,1.343623922,0.324004114,2.035565476,0.412404328,3.379189398,0.736408441
Abdul Samad ,PAK,6.11468254,0,5,6.11468254,1.222936508,0.253699018,0,-0.687008106,1.222936508,-0.433309089
Abdullah Shafique ,PAK,-3.470862471,0,6,-3.470862471,-0.578477078,-0.795694212,0,-0.687008106,-0.578477078,-1.482702318
Abdur Rauf ,PAK,0,0,1,0,0,-0.458708894,0,-0.687008106,0,-1.145717
Abdur Razzak ,BAN,-31.05416667,129.0666667,28,98.0125,-1.109077381,-1.104789452,4.60952381,1.802603675,3.500446429,0.697814223
Abdur Rehman ,PAK,-2.1875,22.98333333,7,20.79583333,-0.3125,-0.640752255,3.283333333,1.086325905,2.970833333,0.44557365
Abhishek Sharma ,IND,103.4249488,17.83333333,17,121.2582821,6.083820518,3.085352341,1.049019608,-0.120430802,7.132840126,2.964921539
Abrar Ahmed ,PAK,-4.75,50.09679487,14,45.34679487,-0.339285714,-0.656355972,3.578342491,1.245660861,3.239056777,0.589304889
Abu Hider ,BAN,8.985294118,3.366666667,12,12.35196078,0.74877451,-0.022518723,0.280555556,-0.535479566,1.029330065,-0.557998288
Abu Jayed ,BAN,-4.833333333,9.433333333,3,4.6,-1.611111111,-1.397243556,3.144444444,1.011311776,1.533333333,-0.38593178
Abul Hasan ,BAN,1.341666667,7.133333333,4,8.475,0.335416667,-0.263315686,1.783333333,0.276173311,2.11875,0.012857625
Afif Hossain ,BAN,77.28129189,12.66666667,63,89.94795856,1.226687173,0.255883925,0.201058201,-0.578416224,1.427745374,-0.322532299
Afsar Zazai ,AFG,-0.219047619,0,4,-0.219047619,-0.054761905,-0.490609826,0,-0.687008106,-0.054761905,-1.177617932
Aftab Ahmed ,BAN,27.48677428,-8.3,10,19.18677428,2.748677428,1.142502235,-0.83,-1.135292542,1.918677428,0.007209693
Aftab Alam ,AFG,-15.33333333,16.96521739,7,1.631884058,-2.19047619,-1.734746169,2.423602484,0.621983787,0.233126294,-1.112762382
Agha Salman ,PAK,43.60227675,7.983333333,20,51.58561009,2.180113838,0.811291909,0.399166667,-0.471417499,2.579280504,0.339874409
Ahmed Daniyal ,PAK,3.138636364,11.60833333,2,14.7469697,1.569318182,0.455479767,5.804166667,2.447832348,7.373484848,2.903312115
Ahmed Shehzad ,PAK,145.7377765,-1.3,54,144.4377765,2.698847713,1.113474495,-0.024074074,-0.700010555,2.674773639,0.41346394
Ahsan Ali ,PAK,1.0125,0,2,1.0125,0.50625,-0.163798649,0,-0.687008106,0.50625,-0.850806755
Aizaz Cheema ,PAK,-3.25,28,5,24.75,-0.65,-0.837359085,5.6,2.337561578,4.95,1.500202493
Al-Amin Hossain ,BAN,-3.783333333,115.7201681,26,111.9368347,-0.145512821,-0.543475751,4.450775695,1.716863544,4.305262874,1.173387792
Alok Kapali ,BAN,-8.240548341,6.15,6,-2.090548341,-1.373424723,-1.258782024,1.025,-0.133403834,-0.348424723,-1.392185857
Aminul Islam ,BAN,0.575,32.45833333,10,33.03333333,0.0575,-0.425212916,3.245833333,1.06607209,3.303333333,0.640859175
Amir Hamza ,AFG,-1.686764706,73.89824561,18,72.21148091,-0.09370915,-0.513298106,4.10545809,1.530356908,4.011748939,1.017058802
Anamul Haque ,BAN,43.99625651,0,18,43.99625651,2.444236473,0.96515358,0,-0.687008106,2.444236473,0.278145473
Anwar Ali ,PAK,8.728847296,23.6474359,16,32.37628319,0.545552956,-0.140903154,1.477964744,0.111243208,2.0235177,-0.029659946
Arafat Minhas ,PAK,2.711813187,6.141666667,3,8.853479853,0.903937729,0.067869866,2.047222222,0.418700156,2.951159951,0.486570022
Arafat Sunny ,BAN,-1.204166667,38.3,9,37.09583333,-0.133796296,-0.536650422,4.255555556,1.611424809,4.121759259,1.074774387
Ariful Haque ,BAN,-1.334722222,0.45,9,-0.884722222,-0.148302469,-0.54510083,0.05,-0.66000302,-0.098302469,-1.20510385
Arshad Iqbal ,PAK,-3.75,14.9,2,11.15,-1.875,-1.550969061,7.45,3.336749778,5.575,1.785780717
Arshdeep Singh ,IND,5.233150183,272.8582088,59,278.0913589,0.088697461,-0.407039186,4.624715403,1.810808681,4.713412863,1.403769495
Asad Ali ,PAK,0,0,2,0,0,-0.458708894,0,-0.687008106,0,-1.145717
Asad Shafiq ,PAK,16.56333362,0,10,16.56333362,1.656333362,0.506169482,0,-0.687008106,1.656333362,-0.180838624
Asghar Afghan ,AFG,74.7413937,3.95,48,78.6913937,1.557112369,0.448369408,0.082291667,-0.642562235,1.639404035,-0.194192827
Asif Ali ,PAK,65.28033999,0,52,65.28033999,1.255391154,0.272605107,0,-0.687008106,1.255391154,-0.414403
Avesh Khan ,IND,2.108333333,59.69096639,23,61.79929972,0.091666667,-0.405309508,2.595259408,0.714695988,2.686926075,0.30938648
Awais Zia ,PAK,3.205952381,0,5,3.205952381,0.641190476,-0.085190592,0,-0.687008106,0.641190476,-0.772198698
Azam Khan ,PAK,3.982539683,0,13,3.982539683,0.306349206,-0.280248609,0,-0.687008106,0.306349206,-0.967256715
Azmatullah Omarzai ,AFG,20.82866178,55.71829004,39,76.54695183,0.534068251,-0.14759344,1.428674104,0.084621248,1.962742354,-0.062972192
B Evans ,ZIM,2.466666667,15.60984848,5,18.07651515,0.493333333,-0.171323108,3.121969697,0.999173126,3.61530303,0.827850018
B Fernando ,SL,-4.570238095,58.53333333,22,53.96309524,-0.207738095,-0.579724386,2.660606061,0.749989828,2.452867965,0.170265443
B Geeves ,AUS,0,0,1,0,0,-0.458708894,0,-0.687008106,0,-1.145717
B Kumar ,IND,-19.62878788,312.3094156,84,292.6806277,-0.233676046,-0.594834247,3.717969233,1.321073506,3.484293187,0.726239259
B Laughlin ,AUS,0,0,3,0,0,-0.458708894,0,-0.687008106,0,-1.145717
B Lee ,AUS,8.211904762,86.00398724,25,94.215892,0.32847619,-0.267358783,3.44015949,1.171027983,3.76863568,0.903669201
B Mavuta ,ZIM,5.995238095,10.81666667,7,16.81190476,0.856462585,0.040213755,1.545238095,0.147577661,2.40170068,0.187791416
B Muzarabani ,ZIM,-40.20833333,210.5364389,54,170.3281056,-0.744598765,-0.892466532,3.898822943,1.418752908,3.154224178,0.526286375
B Sai Sudharsan,IND,0,0,1,0,0,-0.458708894,0,-0.687008106,0,-1.145717
B Stanlake ,AUS,-1.160714286,76.14166667,18,74.98095238,-0.064484127,-0.496273397,4.230092593,1.597672219,4.165608466,1.101398821
B White ,IRE,-10.45833333,54.95,23,44.49166667,-0.454710145,-0.723595176,2.389130435,0.603365373,1.93442029,-0.120229803
BA Carse ,ENG,-6.466176471,45.575,11,39.10882353,-0.587834225,-0.801145112,4.143181818,1.550731559,3.555347594,0.749586447
BA King ,WI,235.2127434,0,65,235.2127434,3.61865759,1.649299396,0,-0.687008106,3.61865759,0.96229129
BA Parchment ,WI,2.466666667,0,1,2.466666667,2.466666667,0.978220037,0,-0.687008106,2.466666667,0.291211931
BA Stokes ,ENG,82.96602841,63.79821429,43,146.7642427,1.929442521,0.665266152,1.483679402,0.114329705,3.413121923,0.779595856
BAW Mendis ,SL,-7.092857143,220.0666667,37,212.9738095,-0.191698842,-0.570380899,5.947747748,2.525380738,5.756048906,1.95499984
BB McCullum ,NZL,312.4141137,0,68,312.4141137,4.594325202,2.217663593,0,-0.687008106,4.594325202,1.530655487
BB Sran ,IND,0,0,2,0,0,-0.458708894,0,-0.687008106,0,-1.145717
BC Fortuin ,RSA,-6.956944444,50.79166667,25,43.83472222,-0.278277778,-0.620816484,2.031666667,0.410298574,1.753388889,-0.210517911
BCJ Cutting ,AUS,1.95625,-0.325,4,1.63125,0.4890625,-0.173811034,-0.08125,-0.730891372,0.4078125,-0.904702406
BE Hendricks ,RSA,-7.647727273,56.875,18,49.22727273,-0.424873737,-0.706214312,3.159722222,1.01956333,2.734848485,0.313349018
BG Lister ,NZL,-9.375,22.81195652,9,13.43695652,-1.041666667,-1.065520098,2.534661836,0.681967135,1.492995169,-0.383552963
BJ Bennett ,ZIM,81.46112398,20.83333333,29,102.2944573,2.809004275,1.177644962,0.718390805,-0.29900399,3.52739508,0.878640971
BJ Diamanti ,NZL,0,0,1,0,0,-0.458708894,0,-0.687008106,0,-1.145717
BJ Dwarshuis ,AUS,-10.39530075,48.875,10,38.47969925,-1.039530075,-1.064275451,4.8875,1.952739096,3.847969925,0.888463646
BJ Haddin ,AUS,35.31729229,0,34,35.31729229,1.038743891,0.14639968,0,-0.687008106,1.038743891,-0.540608427
BJ Hodge ,AUS,24.38916117,1.1,15,25.48916117,1.625944078,0.488466546,0.073333333,-0.647400646,1.699277412,-0.1589341
BJ Jacobs ,NZL,3.966666667,0,3,3.966666667,1.322222222,0.311536794,0,-0.687008106,1.322222222,-0.375471312
BJ McCarthy ,IRE,2.22495078,92.7004329,39,94.92538368,0.05705002,-0.425475046,2.376934177,0.596778153,2.433984197,0.171303107
BJ Rohrer ,AUS,1.607142857,0,1,1.607142857,1.607142857,0.477514106,0,-0.687008106,1.607142857,-0.209494
BJ Watling ,NZL,-2.80959596,0,5,-2.80959596,-0.561919192,-0.786048601,0,-0.687008106,-0.561919192,-1.473056707
BKG Mendis ,SL,247.2617869,0,77,247.2617869,3.211192037,1.41193492,0,-0.687008106,3.211192037,0.724926814
BM Duckett ,ENG,82.09944135,0,20,82.09944135,4.104972067,1.932596427,0,-0.687008106,4.104972067,1.24558832
BM Tickner ,NZL,-7.541666667,26.36904762,16,18.82738095,-0.471354167,-0.733290964,1.648065476,0.203114907,1.17671131,-0.530176056
BM Wheeler ,NZL,3.275,14.15242915,6,17.42742915,0.545833333,-0.140739823,2.358738192,0.58695047,2.904571525,0.446210647
BMAJ Mendis ,SL,20.71004481,40.425,22,61.13504481,0.941365673,0.089673094,1.8375,0.305428821,2.778865673,0.395101915
BOP Fernando ,SL,14.19715608,0,7,14.19715608,2.028165155,0.722775912,0,-0.687008106,2.028165155,0.035767806
BR Dunk ,AUS,16.15595238,0,5,16.15595238,3.231190476,1.423584786,0,-0.687008106,3.231190476,0.736576679
BR McDermott ,AUS,13.91659908,0,24,13.91659908,0.579858295,-0.120918964,0,-0.687008106,0.579858295,-0.807927071
BRM Taylor ,ZIM,82.78812087,8.15,41,90.93812087,2.01922246,0.717566446,0.198780488,-0.579646421,2.218002948,0.137920025
BT Foakes,ENG,0,0,1,0,0,-0.458708894,0,-0.687008106,0,-1.145717
BV Sears ,NZL,-2.65,44.71666667,16,42.06666667,-0.165625,-0.555191875,2.794791667,0.822463706,2.629166667,0.267271831
BV Vitori ,ZIM,-0.291666667,8.165909091,11,7.874242424,-0.026515152,-0.474154997,0.742355372,-0.286060686,0.71584022,-0.760215684
BW Hilfenhaus ,AUS,-9.875,33.65,7,23.775,-1.410714286,-1.280504639,4.807142857,1.909338064,3.396428571,0.628833426
Babar Azam ,PAK,530.3685576,0,119,530.3685576,4.456878635,2.137595641,0,-0.687008106,4.456878635,1.450587535
Bilawal Bhatti ,PAK,2.85,2.216666667,9,5.066666667,0.316666667,-0.274238288,0.246296296,-0.553983051,0.562962963,-0.828221339
C Bosch ,RSA,-1.016666667,25.60833333,7,24.59166667,-0.145238095,-0.543315713,3.658333333,1.288864054,3.513095238,0.74554834
C Campher ,IRE,52.36160001,4.083333333,41,56.44493334,1.277112195,0.285258455,0.099593496,-0.633217487,1.376705691,-0.347959032
C Connolly ,AUS,-1.0125,-1.65,5,-2.6625,-0.2025,-0.576672992,-0.33,-0.865241677,-0.5325,-1.441914669
C Green ,AUS,72.98054792,10.925,18,83.90554792,4.054474885,1.903179861,0.606944444,-0.359196362,4.661419329,1.543983499
C Jonker ,RSA,11.72916667,0,2,11.72916667,5.864583333,2.957638185,0,-0.687008106,5.864583333,2.270630078
C Karunaratne ,SL,7.96265237,47.71464173,39,55.6772941,0.204170574,-0.339771622,1.223452352,-0.026219375,1.427622926,-0.365990997
C Kieswetter ,ENG,58.76760475,0,25,58.76760475,2.35070419,0.9106674,0,-0.687008106,2.35070419,0.223659294
C Madande ,ZIM,18.72724359,0,26,18.72724359,0.7202786,-0.039118695,0,-0.687008106,0.7202786,-0.726126801
C Munro ,NZL,284.2962172,-6.85,65,277.4462172,4.373787958,2.089192101,-0.105384615,-0.743926519,4.268403342,1.345265582
C Olphert ,IRE,0,0,2,0,0,-0.458708894,0,-0.687008106,0,-1.145717
C Sakariya ,IND,-1.236111111,2.313636364,2,1.077525253,-0.618055556,-0.818750208,1.156818182,-0.062208606,0.538762626,-0.880958814
C Wickramasinghe ,SL,3.433333333,-0.025,3,3.408333333,1.144444444,0.207974349,-0.008333333,-0.691508954,1.136111111,-0.483534605
C Zhuwao ,ZIM,-4.170979021,0,5,-4.170979021,-0.834195804,-0.94466028,0,-0.687008106,-0.834195804,-1.631668386
C de Grandhomme ,NZL,49.75727931,27.35398551,41,77.11126482,1.213592178,0.248255584,0.667170378,-0.326668231,1.880762557,-0.078412648
CA Ingram ,RSA,25.78990122,0,9,25.78990122,2.86554458,1.210581881,0,-0.687008106,2.86554458,0.523573774
CA Lynn ,AUS,35.60956759,0,17,35.60956759,2.094680446,0.761523647,0,-0.687008106,2.094680446,0.074515541
CA Young ,IRE,-20.49292929,112.475,35,91.98207071,-0.585512266,-0.799792481,3.213571429,1.04864738,2.628059163,0.248854899
CAK Rajitha ,SL,-8.362301587,39.68333333,18,31.32103175,-0.46457231,-0.72934027,2.20462963,0.503716169,1.740057319,-0.2256241
CAK Walton ,WI,11.67489931,0,19,11.67489931,0.614468385,-0.100757246,0,-0.687008106,0.614468385,-0.787765352
CB Mpofu ,ZIM,-11.36458333,64.58598051,29,53.22139718,-0.391882184,-0.686995454,2.227102776,0.515853955,1.835220592,-0.171141499
CBRLS Kumara ,SL,-5.15,70.96500565,23,65.81500565,-0.223913043,-0.58914692,3.085435028,0.979440688,2.861521985,0.390293769
CD Barnwell ,WI,8.768181818,1.55,6,10.31818182,1.461363636,0.392592061,0.258333333,-0.547481826,1.71969697,-0.154889766
CD McMillan ,NZL,31.9905671,0,7,31.9905671,4.570081014,2.203540414,0,-0.687008106,4.570081014,1.516532308
CE McConchie ,NZL,-1.908333333,15.36491228,10,13.45657895,-0.190833333,-0.569876707,1.536491228,0.142853463,1.345657895,-0.427023244
CH Gayle ,WI,282.2916888,55.875,78,338.1666888,3.619124216,1.649571224,0.716346154,-0.30010831,4.335470369,1.349462914
CH Morris ,RSA,5.610085278,108.4138528,23,114.0239381,0.243916751,-0.316617933,4.713645775,1.858840128,4.957562526,1.542222195
CJ Anderson ,NZL,59.32378596,28.33333333,30,87.6571193,1.977459532,0.693237922,0.944444444,-0.176912029,2.921903977,0.516325893
CJ Bowes ,NZL,18.87869996,0,8,18.87869996,2.359837494,0.915987904,0,-0.687008106,2.359837494,0.228979797
CJ Boyce ,AUS,-2.75,23.73333333,7,20.98333333,-0.392857143,-0.687563405,3.39047619,1.144193948,2.997619048,0.456630542
CJ Chibhabha ,ZIM,54.01918057,29.99848485,34,84.01766542,1.588799428,0.466828348,0.882308378,-0.210471826,2.471107806,0.256356523
CJ Dala ,RSA,-5.607913165,32,10,26.39208683,-0.560791317,-0.78539157,3.2,1.041317428,2.639208683,0.255925858
CJ Ferguson ,AUS,-4.505555556,0,3,-4.505555556,-1.501851852,-1.333595803,0,-0.687008106,-1.501851852,-2.02060391
CJ Green ,AUS,-1.333333333,-0.8,1,-2.133333333,-1.333333333,-1.235427235,-0.8,-1.11908949,-2.133333333,-2.354516725
CJ Jordan ,ENG,62.94512794,262.5542781,91,325.499406,0.691704703,-0.055764097,2.885211847,0.871299802,3.57691655,0.815535705
CJ McKay ,AUS,-3.95,14.16590909,6,10.21590909,-0.658333333,-0.842213575,2.360984848,0.588163893,1.702651515,-0.254049682
CK Coventry ,ZIM,15.56263736,0,13,15.56263736,1.197125951,0.238663368,0,-0.687008106,1.197125951,-0.448344738
CK Kapugedera ,SL,89.39768007,0,42,89.39768007,2.128516192,0.78123428,0,-0.687008106,2.128516192,0.094226174
CK Langeveldt ,RSA,-6.833333333,55.38333333,9,48.55,-0.759259259,-0.901006838,6.153703704,2.636617906,5.394444444,1.735611068
CK Tshuma ,ZIM,0,0,1,0,0,-0.458708894,0,-0.687008106,0,-1.145717
CL Cairns ,NZL,-5.944444444,4.15,2,-1.794444444,-2.972222222,-2.190143529,2.075,0.433702982,-0.897222222,-1.756440547
CL White ,AUS,134.5425251,2.5,47,137.0425251,2.862606916,1.208870577,0.053191489,-0.658279291,2.915798406,0.550591286
CMW Read ,ENG,1.429545455,0,1,1.429545455,1.429545455,0.374056736,0,-0.687008106,1.429545455,-0.31295137
CP Schofield ,ENG,2.272619048,11.63152174,4,13.90414079,0.568154762,-0.127736726,2.907880435,0.883543145,3.476035197,0.755806419
CR Brathwaite ,WI,32.11790567,72.17005495,40,104.2879606,0.802947642,0.009039226,1.804251374,0.287471181,2.607199015,0.296510407
CR Ervine ,ZIM,76.27895181,0,49,76.27895181,1.556713302,0.448136936,0,-0.687008106,1.556713302,-0.23887117
CR Woakes ,ENG,16.14742063,86.15,33,102.2974206,0.489315777,-0.17366349,2.610606061,0.722984742,3.099921837,0.549321252
CRD Fernando ,SL,-8.383333333,58.86666667,16,50.48333333,-0.523958333,-0.76393493,3.679166667,1.300116173,3.155208333,0.536181243
CS Baugh ,WI,-2.755555556,0,3,-2.755555556,-0.918518519,-0.993781529,0,-0.687008106,-0.918518519,-1.680789635
CS Martin ,NZL,-0.541666667,11.41666667,5,10.875,-0.108333333,-0.521817259,2.283333333,0.546224176,2.175,0.024406917
CT Bancroft,AUS,0,0,1,0,0,-0.458708894,0,-0.687008106,0,-1.145717
CT Mumba ,ZIM,4.05625,-2.933333333,2,1.122916667,2.028125,0.72275252,-1.466666667,-1.47915731,0.561458333,-0.756404789
CT Mutombodzi ,ZIM,-9.225076313,16.29166667,11,7.066590354,-0.838643301,-0.947251119,1.481060606,0.112915288,0.642417305,-0.834335831
CT Tremlett ,ENG,0,0,1,0,0,-0.458708894,0,-0.687008106,0,-1.145717
CU Jayasinghe ,SL,6.792857143,0,5,6.792857143,1.358571429,0.332711616,0,-0.687008106,1.358571429,-0.354296491
CV Varun ,IND,-9.375,108.5071429,17,99.13214286,-0.551470588,-0.779961884,6.382773109,2.760338689,5.831302521,1.980376804
D Bishoo ,WI,-4.775,25.73333333,7,20.95833333,-0.682142857,-0.856083545,3.676190476,1.298508728,2.994047619,0.442425182
D Brevis ,RSA,58.42030767,0,10,58.42030767,5.842030767,2.944500441,0,-0.687008106,5.842030767,2.257492334
D Cleaver ,NZL,11.46450216,0,3,11.46450216,3.821500722,1.767463382,0,-0.687008106,3.821500722,1.080455275
D Ferreira ,RSA,11.08322511,-2.466666667,6,8.616558442,1.847204185,0.617359134,-0.411111111,-0.909049929,1.436093074,-0.291690795
D Foxcroft ,NZL,9.863073134,0,4,9.863073134,2.465768283,0.977696694,0,-0.687008106,2.465768283,0.290688588
D Ganga ,WI,2.996774194,0,1,2.996774194,2.996774194,1.287028216,0,-0.687008106,2.996774194,0.60002011
D Gough ,ENG,0,0,2,0,0,-0.458708894,0,-0.687008106,0,-1.145717
D Madushanka ,SL,-11.75,26.5,15,14.75,-0.783333333,-0.915030919,1.766666667,0.267171616,0.983333333,-0.647859304
D Mongia ,IND,4.811111111,0,1,4.811111111,4.811111111,2.343949787,0,-0.687008106,4.811111111,1.65694168
D Myers ,ZIM,34.98810058,-14.2,20,20.78810058,1.749405029,0.560387335,-0.71,-1.070480334,1.039405029,-0.510092999
D Padikkal ,IND,3.002173913,0,2,3.002173913,1.501086957,0.415732434,0,-0.687008106,1.501086957,-0.271275672
D Paterson ,RSA,6.425,23.89347826,8,30.31847826,0.803125,0.009142544,2.986684783,0.92610551,3.789809783,0.935248054
D Pretorius ,RSA,44.86159951,100.5025786,30,145.3641781,1.49538665,0.412411785,3.350085953,1.12237911,4.845472603,1.534790895
D Ramdin ,WI,50.93139342,0,70,50.93139342,0.727591335,-0.034858743,0,-0.687008106,0.727591335,-0.72186685
D Wiese ,RSA,12.64893648,73.92261905,20,86.57155553,0.632446824,-0.090284108,3.696130952,1.309278613,4.328577776,1.218994505
DA Miller ,RSA,382.2713255,0,122,382.2713255,3.13337152,1.366601453,0,-0.687008106,3.13337152,0.679593347
DA Warner ,AUS,500.0266032,0,107,500.0266032,4.673145824,2.26357966,0,-0.687008106,4.673145824,1.576571554
DAJ Bracewell ,NZL,21.87860473,49.91413043,20,71.79273516,1.093930236,0.178547865,2.495706522,0.660927302,3.589636758,0.839475167
DAS Gunaratne ,SL,21.78060778,5.659313725,12,27.43992151,1.815050648,0.598628453,0.471609477,-0.432291012,2.286660126,0.16633744
DBL Powell ,WI,-0.625,5.583333333,5,4.958333333,-0.125,-0.531526239,1.116666667,-0.083894509,0.991666667,-0.615420747
DC Drakes ,WI,-7.522619048,10.79166667,10,3.269047619,-0.752261905,-0.896930608,1.079166667,-0.104148323,0.326904762,-1.001078932
DC Jurel ,IND,-5.128571429,0,4,-5.128571429,-1.282142857,-1.205606799,0,-0.687008106,-1.282142857,-1.892614905
DC Thomas ,WI,-5.302492026,0,12,-5.302492026,-0.441874335,-0.71611782,0,-0.687008106,-0.441874335,-1.403125926
DE Bernard ,WI,-0.625,1.575,1,0.95,-0.625,-0.822795616,1.575,0.163652117,0.95,-0.659143499
DE Bollinger ,AUS,-0.625,30.50833333,9,29.88333333,-0.069444444,-0.499162974,3.389814815,1.143836738,3.32037037,0.644673763
DG Brownlie ,NZL,-14.575,0,5,-14.575,-2.915,-2.156809367,0,-0.687008106,-2.915,-2.843817474
DJ Bravo ,WI,128.9452577,217.1916667,91,346.1369244,1.416980854,0.36673737,2.386721612,0.602064364,3.803702466,0.968801733
DJ Hooda ,IND,52.89556989,32.21029412,21,85.105864,2.518836661,1.008611081,1.533823529,0.141412634,4.052660191,1.150023715
DJ Hussey ,AUS,78.80765954,74.92628205,39,153.7339416,2.020709219,0.71843254,1.921186719,0.350628163,3.941895938,1.069060703
DJ Malan ,ENG,276.7569013,0.2,62,276.9569013,4.463820989,2.141639831,0.003225806,-0.685265843,4.467046796,1.456373989
DJ Mitchell ,NZL,182.5664262,0.10974026,71,182.6761665,2.571358116,1.039206863,0.001545637,-0.686173305,2.572903753,0.353033558
DJ Vilas,RSA,0,0,1,0,0,-0.458708894,0,-0.687008106,0,-1.145717
DJ Willey ,ENG,16.77198455,148.2809524,43,165.0529369,0.390046152,-0.231491894,3.448394241,1.175475587,3.838440394,0.943983693
DJG Sammy ,WI,83.20652134,123.7575302,66,206.9640515,1.260704869,0.275700552,1.875114093,0.325744258,3.135818962,0.60144481
DJM Short ,AUS,78.367282,2.225,22,80.592282,3.562149182,1.616381058,0.101136364,-0.632384182,3.663285545,0.983996877
DK Butler ,WI,0,0,1,0,0,-0.458708894,0,-0.687008106,0,-1.145717
DL Chahar ,IND,9.446323529,96.579329,25,106.0256525,0.377852941,-0.238594912,3.86317316,1.399498399,4.241026101,1.160903487
DL Maddy ,ENG,18.27114695,9.15,4,27.42114695,4.567786738,2.202203909,2.2875,0.5484746,6.855286738,2.750678509
DL Vettori ,NZL,4.225764472,146.979386,33,151.2051504,0.128053469,-0.384112786,4.453920787,1.718562213,4.581974256,1.334449428
DM Bravo ,WI,35.26956486,0,26,35.26956486,1.356521725,0.331517584,0,-0.687008106,1.356521725,-0.355490522
DM Richards ,WI,-3.75,0,1,-3.75,-3.75,-2.643229228,0,-0.687008106,-3.75,-3.330237335
DM de Silva ,SL,78.52254867,57.64615385,41,136.1687025,1.915184114,0.656960077,1.406003752,0.072376952,3.321187866,0.729337029
DN Wellalage ,SL,-0.493650794,22.56785714,4,22.07420635,-0.123412698,-0.530601574,5.641964286,2.360226562,5.518551587,1.829624988
DO Christian ,WI,-3.75,0,2,-3.75,-1.875,-1.550969061,0,-0.687008106,-1.875,-2.237977168
DP Conway ,NZL,203.084632,0,50,203.084632,4.06169264,1.907384483,0,-0.687008106,4.06169264,1.220376377
DP Hyatt ,WI,7.633649684,0,5,7.633649684,1.526729937,0.430670464,0,-0.687008106,1.526729937,-0.256337643
DP Nannes ,AUS,0.169047619,92.425,15,92.59404762,0.011269841,-0.452143775,6.161666667,2.640918717,6.172936508,2.188774942
DPMD Jayawardene ,SL,189.4716167,-0.3,52,189.1716167,3.643684937,1.663878796,-0.005769231,-0.690124078,3.637915707,0.973754718
DR Briggs ,ENG,0,0,7,0,0,-0.458708894,0,-0.687008106,0,-1.145717
DR Flynn ,NZL,3.542481203,0.2,5,3.742481203,0.708496241,-0.045982376,0.04,-0.665404037,0.748496241,-0.711386413
DR Martyn ,AUS,18.80793651,0,4,18.80793651,4.701984127,2.280379089,0,-0.687008106,4.701984127,1.593370983
DR Mousley ,ENG,1.083333333,3.175,4,4.258333333,0.270833333,-0.300937981,0.79375,-0.258302359,1.064583333,-0.55924034
DR Sams ,AUS,23.48333333,7.527820006,10,31.01115334,2.348333333,0.909286284,0.752782001,-0.280429246,3.101115334,0.628857038
DR Smith ,WI,80.85949374,9.266666667,33,90.12616041,2.450287689,0.968678648,0.280808081,-0.535343176,2.73109577,0.433335472
DR Tuffey ,NZL,0.175,5.85,3,6.025,0.058333333,-0.424727467,1.95,0.366190266,2.008333333,-0.058537201
DS Kulkarni ,IND,-0.625,10.275,2,9.65,-0.3125,-0.640752255,5.1375,2.087764529,4.825,1.447012273
DS Smith ,WI,31.69738682,0,6,31.69738682,5.282897803,2.618783819,0,-0.687008106,5.282897803,1.931775713
DSK Madushanka ,SL,0,0,2,0,0,-0.458708894,0,-0.687008106,0,-1.145717
DT Christian ,AUS,12.75934066,17.74166667,23,30.50100733,0.554753942,-0.135543223,0.771376812,-0.270386156,1.326130753,-0.405929379
DT Johnston ,IRE,35.290412,74.75,16,110.040412,2.20565075,0.82616815,4.671875,1.836279661,6.87752575,2.66244781
DT Tiripano ,ZIM,4.51837819,22.21992754,16,26.73830573,0.282398637,-0.294200743,1.388745471,0.063055724,1.671144108,-0.231145019
DW Steyn ,RSA,-13.95,210.6491228,45,196.6991228,-0.31,-0.639295908,4.681091618,1.841257572,4.371091618,1.201961664
Danish Aziz ,PAK,3.625757576,5.366666667,2,8.992424242,1.812878788,0.59736326,2.683333333,0.762264868,4.496212121,1.359628127
Darwish Rasooli ,AFG,10.753663,0,7,10.753663,1.536237572,0.43620903,0,-0.687008106,1.536237572,-0.250799077
Dawlat Ahmadzai ,AFG,-1.333333333,2.4,2,1.066666667,-0.666666667,-0.847068065,1.2,-0.038886031,0.533333333,-0.885954096
Dawlat Zadran ,AFG,-9.191666667,60.9727591,16,51.78109244,-0.574479167,-0.793365273,3.810797444,1.371210184,3.236318277,0.577844911
Dhiman Ghosh ,BAN,-2.375,0,1,-2.375,-2.375,-1.842238439,0,-0.687008106,-2.375,-2.529246546
E Chigumbura ,ZIM,76.57480506,16.925,50,93.49980506,1.531496101,0.433446939,0.3385,-0.504183671,1.869996101,-0.070736732
E Leie ,RSA,0,0,2,0,0,-0.458708894,0,-0.687008106,0,-1.145717
E Lewis ,WI,270.2449005,0,63,270.2449005,4.289601595,2.040150282,0,-0.687008106,4.289601595,1.353142176
EC Joyce ,IRE,10.92595389,0,8,10.92595389,1.365744236,0.336890054,0,-0.687008106,1.365744236,-0.350118053
EC Joyce ,ENG,-2.791666667,0,2,-2.791666667,-1.395833333,-1.271835907,0,-0.687008106,-1.395833333,-1.958844014
EC Rainsford ,ZIM,-1.875,-3.766666667,2,-5.641666667,-0.9375,-1.004838978,-1.883333333,-1.704199697,-2.820833333,-2.709038675
EJG Morgan ,ENG,359.4607983,0,113,359.4607983,3.181069012,1.39438709,0,-0.687008106,3.181069012,0.707378984
EMDY Munaweera ,SL,27.16200631,-4.75,13,22.41200631,2.089385101,0.758438903,-0.365384615,-0.884352969,1.724000485,-0.125914066
EP Thompson ,NZL,-0.625,6.95,1,6.325,-0.625,-0.822795616,6.95,3.066698913,6.325,2.243903297
Ebadot Hossain ,BAN,0,0,3,0,0,-0.458708894,0,-0.687008106,0,-1.145717
Elias Sunny ,BAN,0.841666667,31.05,4,31.89166667,0.210416667,-0.336133031,7.7625,3.505531568,7.972916667,3.169398538
F Behardien ,RSA,73.45810991,12.35,38,85.80810991,1.933108156,0.667401526,0.325,-0.511475044,2.258108156,0.155926481
F Hand ,IRE,-3.35,-10.64761905,13,-13.99761905,-0.257692308,-0.60882465,-0.819047619,-1.129377142,-1.076739927,-1.738201792
F Mutizwa ,ZIM,0.135294118,0,3,0.135294118,0.045098039,-0.432437538,0,-0.687008106,0.045098039,-1.119445645
F du Plessis ,RSA,215.7994942,5.9,46,221.6994942,4.691293351,2.274151298,0.12826087,-0.617734189,4.819554221,1.656417109
FA Allen ,WI,33.49151518,75.66060606,39,109.1521212,0.8587568,0.041550224,1.94001554,0.360797642,2.79877234,0.402347865
FH Allen ,NZL,202.1214021,0,46,202.1214021,4.393943524,2.1009335,0,-0.687008106,4.393943524,1.413925393
FH Edwards ,WI,-9.45,48.59631465,26,39.14631465,-0.363461538,-0.670439326,1.869089025,0.322490108,1.505627487,-0.347949218
FL Reifer ,WI,2.85,0,1,2.85,2.85,1.20152656,0,-0.687008106,2.85,0.514518454
Faheem Ashraf ,PAK,44.37840034,116.1738095,54,160.5522099,0.821822228,0.020034404,2.151366843,0.474948846,2.973189072,0.494983251
Fakhar Zaman ,PAK,239.8659439,-2.3,86,237.5659439,2.789138882,1.1660726,-0.026744186,-0.701452688,2.762394696,0.464619913
Fareed Ahmad ,AFG,-0.861111111,77.54844029,26,76.68732917,-0.033119658,-0.478002378,2.982632319,0.923916767,2.949512661,0.445914389
Farhad Reza ,BAN,-1.197435897,0.85,10,-0.347435897,-0.11974359,-0.528464176,0.085,-0.641099459,-0.03474359,-1.169563635
Fawad Ahmed ,AUS,-1.375,8.65,2,7.275,-0.6875,-0.859204289,4.325,1.648931873,3.6375,0.789727585
Fawad Alam ,PAK,16.58281675,18.58333333,22,35.16615009,0.753764398,-0.01961192,0.84469697,-0.230785812,1.598461368,-0.250397732
Fazal Niazai ,AFG,0.05,-2.8,1,-2.75,0.05,-0.429581956,-2.8,-2.199292949,-2.75,-2.628874905
Fazalhaq Farooqi ,AFG,-6.033333333,154.5038733,36,148.47054,-0.167592593,-0.556338074,4.291774259,1.630986593,4.124181666,1.074648519
G Coetzee ,RSA,2.082512626,23.00791925,12,25.09043188,0.173542719,-0.357613535,1.917326605,0.348543309,2.090869323,-0.009070226
G Gambhir ,IND,120.0614841,0,36,120.0614841,3.335041225,1.484081872,0,-0.687008106,3.335041225,0.797073766
G Motie ,WI,3.553787879,84.09166667,36,87.64545455,0.09871633,-0.401202806,2.33587963,0.574604521,2.43459596,0.173401715
G Wijekoon ,SL,-3.75,-0.475,2,-4.225,-1.875,-1.550969061,-0.2375,-0.815282267,-2.1125,-2.366251328
GA Lamb ,ZIM,-2.676190476,14,5,11.32380952,-0.535238095,-0.770505828,2.8,0.825276736,2.264761905,0.054770908
GA Stuurman ,RSA,0,0,1,0,0,-0.458708894,0,-0.687008106,0,-1.145717
GB Brent ,ZIM,-2.5,11.05833333,3,8.558333333,-0.833333333,-0.944157857,3.686111111,1.30386688,2.852777778,0.359709022
GB Hogg ,AUS,5.875,21.83333333,15,27.70833333,0.391666667,-0.230547881,1.455555556,0.099139966,1.847222222,-0.131407915
GC Smith ,RSA,138.3527148,-12.15,32,126.2027148,4.323522339,2.05991043,-0.3796875,-0.892077982,3.943834839,1.167832448
GC Tonge ,WI,0,0,1,0,0,-0.458708894,0,-0.687008106,0,-1.145717
GC Wilson ,IRE,49.40010846,0,33,49.40010846,1.496972984,0.413335885,0,-0.687008106,1.496972984,-0.273672221
GD Elliott ,NZL,9.812208217,38.3,16,48.11220822,0.613263014,-0.101459421,2.39375,0.605860408,3.007013014,0.504400987
GD McGrath ,AUS,-2.083333333,13.775,2,11.69166667,-1.041666667,-1.065520098,6.8875,3.032942555,5.845833333,1.967422457
GD Phillips ,NZL,278.8045319,13.58863636,76,292.3931683,3.668480683,1.678323279,0.178797847,-0.59043908,3.84727853,1.087884199
GE Mathurin ,WI,-1.625,13.1,3,11.475,-0.541666667,-0.77425072,4.366666667,1.671436112,3.825,0.897185392
GF Linde ,RSA,23.1242674,72.94166667,22,96.06593407,1.051103064,0.153599377,3.315530303,1.103715544,4.366633367,1.257314921
GH Bodi ,RSA,-1.95,0,1,-1.95,-1.95,-1.594659468,0,-0.687008106,-1.95,-2.281667574
GH Dockrell ,IRE,82.94354888,79.25085139,80,162.1944003,1.036794361,0.145264003,0.990635642,-0.151964083,2.027430003,-0.00670008
GH Worker ,NZL,14.82125506,2.2,2,17.02125506,7.41062753,3.858268848,1.1,-0.092896204,8.51062753,3.765372644
GHS Garton ,ENG,-2.25,-0.175,1,-2.425,-2.25,-1.769421095,-0.175,-0.781525909,-2.425,-2.550947004
GI Hume ,IRE,5.374509804,23.15,9,28.5245098,0.597167756,-0.110835532,2.572222222,0.702253564,3.169389978,0.591418032
GJ Bailey ,AUS,63.60613306,0,29,63.60613306,2.193314933,0.818982058,0,-0.687008106,2.193314933,0.131973952
GJ Batty ,ENG,-1.821428571,0.866666667,1,-0.954761905,-1.821428571,-1.519761628,0.866666667,-0.218919941,-0.954761905,-1.738681569
GJ Delany ,IRE,62.41856807,76.83722944,45,139.2557975,1.38707929,0.34931855,1.707493987,0.235212349,3.094573278,0.584530899
GJ Hopkins ,NZL,3.820903361,0,10,3.820903361,0.382090336,-0.236126465,0,-0.687008106,0.382090336,-0.923134571
GJ Maxwell ,AUS,451.0408208,97.01089744,120,548.0517183,3.758673507,1.730864094,0.808424145,-0.250376827,4.567097652,1.480487267
GJ Snyman ,RSA,-2.666666667,-2.3,1,-4.966666667,-2.666666667,-2.012145576,-2.3,-1.929242084,-4.966666667,-3.94138766
GJ Thompson ,IRE,-5.0125,0,7,-5.0125,-0.716071429,-0.875848253,0,-0.687008106,-0.716071429,-1.56285636
GJP Kruger ,RSA,-1.875,0.075,1,-1.8,-1.875,-1.550969061,0.075,-0.646500477,-1.8,-2.197469538
GL Cloete ,RSA,-0.65,0,2,-0.65,-0.325,-0.64803399,0,-0.687008106,-0.325,-1.335042096
GO Jones ,ENG,5.199675325,0,2,5.199675325,2.599837662,1.055797303,0,-0.687008106,2.599837662,0.368789197
GP Swann ,ENG,-2.346398046,193.3916667,39,191.0452686,-0.060164052,-0.493756786,4.958760684,1.991227115,4.898596631,1.497470328
GR Adair ,IRE,40.34973608,0,10,40.34973608,4.034973608,1.891819611,0,-0.687008106,4.034973608,1.204811505
GS Ballance ,ZIM,3.686206897,0,1,3.686206897,3.686206897,1.688649485,0,-0.687008106,3.686206897,1.001641379
GSNFG Jayasuriya ,SL,14.70065421,-5.275,17,9.425654207,0.864744365,0.045038213,-0.310294118,-0.854598496,0.554450247,-0.809560283
GW Aldridge ,NZL,0,0,1,0,0,-0.458708894,0,-0.687008106,0,-1.145717
Gulbadin Naib ,AFG,94.86894424,68.91785714,53,163.7868014,1.78998008,0.584023875,1.300336927,0.015306117,3.090317007,0.599329992
H Davids ,RSA,11.0520749,4.15,9,15.2020749,1.228008322,0.256653546,0.461111111,-0.437961198,1.689119433,-0.181307652
H Klaasen ,RSA,142.3777439,-3.3,54,139.0777439,2.636624888,1.077227288,-0.061111111,-0.720014323,2.575513777,0.357212965
H Masakadza ,ZIM,186.3975753,-0.4,58,185.9975753,3.213751298,1.413425789,-0.006896552,-0.690732946,3.206854746,0.722692843
HB Shipley ,NZL,-1.25,-0.408333333,5,-1.658333333,-0.25,-0.604343583,-0.081666667,-0.731116414,-0.331666667,-1.335459997
HC Brook ,ENG,126.8511066,0,43,126.8511066,2.950025734,1.259795427,0,-0.687008106,2.950025734,0.57278732
HD Rutherford ,NZL,20.07318422,0,8,20.07318422,2.509148028,1.002967076,0,-0.687008106,2.509148028,0.31595897
HDRL Thirimanne ,SL,22.71764058,0,26,22.71764058,0.873755407,0.050287494,0,-0.687008106,0.873755407,-0.636720613
HE van der Dussen ,RSA,186.80997,0,57,186.80997,3.277367895,1.450484922,0,-0.687008106,3.277367895,0.763476816
HF Gurney ,ENG,0,0,2,0,0,-0.458708894,0,-0.687008106,0,-1.145717
HG Kuhn ,RSA,2.025,0,7,2.025,0.289285714,-0.290188754,0,-0.687008106,0.289285714,-0.97719686
HGJM Kulatunga ,SL,-1.75,0,1,-1.75,-1.75,-1.478151717,0,-0.687008106,-1.75,-2.165159823
HH Dippenaar ,RSA,-3.125,0,1,-3.125,-3.125,-2.279142506,0,-0.687008106,-3.125,-2.966150613
HH Gibbs ,RSA,37.56066238,0,22,37.56066238,1.707302835,0.535861175,0,-0.687008106,1.707302835,-0.151146931
HH Pandya ,IND,304.8911755,239.9154762,109,544.8066517,2.797166748,1.170749143,2.201059415,0.50178789,4.998226162,1.672537033
HJH Marshall ,NZL,-3.767857143,0,3,-3.767857143,-1.255952381,-1.190349831,0,-0.687008106,-1.255952381,-1.877357938
HK Bennett ,NZL,-1.875,24.86666667,11,22.99166667,-0.170454545,-0.558005273,2.260606061,0.533949136,2.090151515,-0.024056136
HM Amla ,RSA,150.3930541,0,40,150.3930541,3.759826352,1.731535671,0,-0.687008106,3.759826352,1.044527565
HM Nicholls ,NZL,-0.540166443,0,10,-0.540166443,-0.054016644,-0.490175683,0,-0.687008106,-0.054016644,-1.177183789
HMCM Bandara ,SL,-3.555555556,13.425,4,9.869444444,-0.888888889,-0.976521121,3.35625,1.125708323,2.467361111,0.149187202
HMRKB Herath ,SL,-7,69.8297619,16,62.8297619,-0.4375,-0.7135696,4.364360119,1.670190342,3.926860119,0.956620742
HR Walsh ,WI,-15.22211538,67.69166667,31,52.46955128,-0.49103598,-0.744756383,2.183602151,0.492359191,1.69256617,-0.252397192
HT Tector ,IRE,101.0620972,25.325,55,126.3870972,1.837492677,0.611701804,0.460454545,-0.43831581,2.297947222,0.173385994
HV Patel ,IND,7.415909091,74.99278309,25,82.40869219,0.296636364,-0.285906716,2.999711324,0.933141167,3.296347687,0.647234452
Haider Ali ,PAK,57.34542008,0,34,57.34542008,1.686630002,0.523818449,0,-0.687008106,1.686630002,-0.163189657
Hamid Hassan ,AFG,0.510714286,43.37264493,11,43.88335921,0.046428571,-0.431662452,3.942967721,1.442595579,3.989396292,1.010933127
Hammad Azam ,PAK,0.066666667,0,5,0.066666667,0.013333333,-0.450941711,0,-0.687008106,0.013333333,-1.137949817
Harbhajan Singh ,IND,13.99805195,102.6583333,26,116.6563853,0.538386613,-0.145077826,3.948397436,1.445528177,4.486784049,1.300450351
Haris Rauf ,PAK,-15.76004274,329.8080909,81,314.0480481,-0.194568429,-0.572052545,4.071704826,1.512126712,3.877136397,0.940074167
Haris Sohail ,PAK,11.41388889,0,14,11.41388889,0.815277778,0.016222008,0,-0.687008106,0.815277778,-0.670786098
Harshit Rana ,IND,0,0,1,0,0,-0.458708894,0,-0.687008106,0,-1.145717
Hasan Ali ,PAK,26.76369048,187.9194011,50,214.6830916,0.53527381,-0.146891155,3.758388022,1.342903764,4.293661832,1.196012609
Hasan Mahmud ,BAN,-6,72.26050725,22,66.26050725,-0.272727273,-0.6175831,3.284568511,1.086993027,3.011841238,0.469409927
Hasan Murad ,BAN,0,0,2,0,0,-0.458708894,0,-0.687008106,0,-1.145717
Hasan Nawaz ,PAK,49.32842294,0,14,49.32842294,3.523458782,1.593842401,0,-0.687008106,3.523458782,0.906834294
Haseebullah Khan ,PAK,1.857894737,0,3,1.857894737,0.619298246,-0.097943665,0,-0.687008106,0.619298246,-0.784951771
Hashmatullah Shahidi ,AFG,4.30952381,0,5,4.30952381,0.861904762,0.043384034,0,-0.687008106,0.861904762,-0.643624073
Hazratullah Zazai ,AFG,143.3401534,0,37,143.3401534,3.874058201,1.79808015,0,-0.687008106,3.874058201,1.111072044
Hussain Talat ,PAK,37.59829265,8.2,17,45.79829265,2.211664274,0.82967126,0.482352941,-0.426488449,2.694017215,0.403182812
I Kaia ,ZIM,10.35889724,1.7,7,12.05889724,1.479842463,0.403356693,0.242857143,-0.555840544,1.722699606,-0.15248385
I Sharma ,IND,-1.45,19.13333333,14,17.68333333,-0.103571429,-0.519043265,1.366666667,0.051130924,1.263095238,-0.467912341
I Udana ,SL,26.47197205,73.56235994,35,100.034332,0.756342059,-0.018110332,2.101781713,0.448167832,2.858123771,0.430057499
IDR Bradshaw ,WI,0,0,1,0,0,-0.458708894,0,-0.687008106,0,-1.145717
IE O'Brien ,NZL,0,0,3,0,0,-0.458708894,0,-0.687008106,0,-1.145717
IG Butler ,NZL,-8,59.25416667,18,51.25416667,-0.444444444,-0.717615008,3.291898148,1.090951777,2.847453704,0.373336769
IJL Trott ,ENG,8.599264706,0,7,8.599264706,1.228466387,0.256920386,0,-0.687008106,1.228466387,-0.43008772
IK Pathan ,IND,19.66577381,82.80833333,23,102.4741071,0.855033644,0.039381341,3.600362319,1.257553809,4.455395963,1.29693515
IR Bell ,ENG,22.47704604,0,8,22.47704604,2.809630754,1.17800991,0,-0.687008106,2.809630754,0.491001804
IS Sodhi ,NZL,-23.10665931,400.4995106,119,377.3928513,-0.194173608,-0.571822546,3.365542106,1.130727006,3.171368498,0.55890446
Ibrahim Zadran ,AFG,97.95306074,0,36,97.95306074,2.720918354,1.126331499,0,-0.687008106,2.720918354,0.439323392
Iftikhar Ahmed ,PAK,129.8879608,17.13333333,63,147.0212941,2.061713663,0.742319218,0.271957672,-0.540123297,2.333671335,0.202195921
Iftikhar Anjum ,PAK,0,0,2,0,0,-0.458708894,0,-0.687008106,0,-1.145717
Ihsanullah (PAK),PAK,-0.325,19.74927536,4,19.42427536,-0.08125,-0.506040168,4.937318841,1.979646338,4.856068841,1.47360617
Ihsanullah (AFG),AFG,3.521428571,0,1,3.521428571,3.521428571,1.592659725,0,-0.687008106,3.521428571,0.905651618
Ijaz Ahmad Ahmadzai ,AFG,5.373395722,0,3,5.373395722,1.791131907,0.584694859,0,-0.687008106,1.791131907,-0.102313248
Imad Wasim ,PAK,58.82457787,275.4333333,69,334.2579112,0.852530114,0.037922938,3.99178744,1.468963193,4.844317554,1.506886131
Imam-ul-Haq ,PAK,-0.191666667,0,2,-0.191666667,-0.095833333,-0.514535525,0,-0.687008106,-0.095833333,-1.201543631
Imran Farhat ,PAK,4.308974359,0,7,4.308974359,0.615567766,-0.100116814,0,-0.687008106,0.615567766,-0.78712492
Imran Khan (1) ,PAK,-3.75,4.35,3,0.6,-1.25,-1.186882339,1.45,0.096139401,0.2,-1.090742938
Imran Nazir ,PAK,71.75170125,0,23,71.75170125,3.119639185,1.358601835,0,-0.687008106,3.119639185,0.671593729
Imran Tahir ,RSA,-0.583333333,195.0445652,34,194.4612319,-0.017156863,-0.468703432,5.736604859,2.411342099,5.719447997,1.942638668
Imrul Kayes ,BAN,-7.529545455,0,14,-7.529545455,-0.537824675,-0.772012611,0,-0.687008106,-0.537824675,-1.459020718
Inzamam-ul-Haq ,PAK,0.458333333,0,1,0.458333333,0.458333333,-0.191711964,0,-0.687008106,0.458333333,-0.878720071
Irfan Khan ,PAK,24.21329365,0,14,24.21329365,1.729520975,0.548804103,0,-0.687008106,1.729520975,-0.138204003
Ishan Kishan ,IND,106.0811524,0,32,106.0811524,3.315036014,1.472428061,0,-0.687008106,3.315036014,0.785419955
Izatullah Dawlatzai ,AFG,-3.25,-0.933333333,2,-4.183333333,-1.625,-1.405334372,-0.466666667,-0.93905558,-2.091666667,-2.344389952
J Andrew ,WI,10.77651515,0,3,10.77651515,3.592171717,1.633870349,0,-0.687008106,3.592171717,0.946862242
J Blades ,WI,-4.095238095,1.925,4,-2.170238095,-1.023809524,-1.05511762,0.48125,-0.427084149,-0.542559524,-1.482201769
J Botha ,RSA,28.10957792,128.8977273,39,157.0073052,0.720758408,-0.038839188,3.30506993,1.098065879,4.025828338,1.059226691
J Campbell ,ZIM,9.62255291,0,9,9.62255291,1.069172546,0.16412555,0,-0.687008106,1.069172546,-0.522882556
J Charles ,WI,193.0888866,0,61,193.0888866,3.165391583,1.385254381,0,-0.687008106,3.165391583,0.698246274
J Fraser-McGurk ,AUS,17.91800843,0,5,17.91800843,3.583601685,1.628877973,0,-0.687008106,3.583601685,0.941869867
J Gumbie ,ZIM,3.189880952,0,3,3.189880952,1.063293651,0.160700866,0,-0.687008106,1.063293651,-0.52630724
J Lewis ,ENG,-3,12.23333333,2,9.233333333,-1.5,-1.332517028,6.116666667,2.616614139,4.616666667,1.284097111
J Liyanage ,SL,-2.725920193,0,3,-2.725920193,-0.908640064,-0.988026947,0,-0.687008106,-0.908640064,-1.675035053
J Louw ,RSA,-0.625,6.4,2,5.775,-0.3125,-0.640752255,3.2,1.041317428,2.8875,0.400565173
J Mubarak ,SL,13.6564766,-5.85,14,7.806476605,0.975462615,0.109535884,-0.417857143,-0.912693472,0.557605472,-0.803157588
J Mulder ,IRE,-3.875,15.33333333,5,11.45833333,-0.775,-0.91017643,3.066666667,0.969303864,2.291666667,0.059127434
J Nyumbu ,ZIM,-2.408333333,-5.266666667,2,-7.675,-1.204166667,-1.160182646,-2.633333333,-2.109275994,-3.8375,-3.26945864
J Overton ,ENG,-5.147619048,32.13928571,12,26.99166667,-0.428968254,-0.708599527,2.67827381,0.75953221,2.249305556,0.050932683
J Theron ,RSA,1.11875,33.91413043,9,35.03288043,0.124305556,-0.38629609,3.768236715,1.34822306,3.892542271,0.96192697
JA Clarkson ,NZL,3.551923077,2.95,8,6.501923077,0.443990385,-0.200067288,0.36875,-0.487845594,0.812740385,-0.687912881
JA Duffy ,NZL,-5.025,130.2575758,26,125.2325758,-0.193269231,-0.571295711,5.00990676,2.018851199,4.816637529,1.447555488
JA Morkel ,RSA,94.08349421,65.50833333,48,159.5918275,1.960072796,0.683109474,1.364756944,0.05009948,3.324829741,0.733208953
JA Richardson ,AUS,9.578571429,52.05833333,18,61.63690476,0.532142857,-0.148715056,2.89212963,0.875036108,3.424272487,0.726321052
JA Rudolph ,RSA,-0.357142857,0,1,-0.357142857,-0.357142857,-0.66675845,0,-0.687008106,-0.357142857,-1.353766556
JA Turner ,ENG,0,0,2,0,0,-0.458708894,0,-0.687008106,0,-1.145717
JAH Marshall ,NZL,-1.570454545,0,3,-1.570454545,-0.523484848,-0.763659106,0,-0.687008106,-0.523484848,-1.450667213
JB Little ,IRE,-17.27940948,194.3989177,49,177.1195083,-0.35264101,-0.664135949,3.967324852,1.455750907,3.614683842,0.791614958
JC Archer ,ENG,0.258333333,110.694617,30,110.9529503,0.008611111,-0.453692588,3.689820566,1.305870363,3.698431677,0.852177774
JC Buttler ,ENG,572.1982074,0,132,572.1982074,4.334834904,2.066500438,0,-0.687008106,4.334834904,1.379492331
JC Tredwell ,ENG,-0.1,14.68224638,16,14.58224638,-0.00625,-0.462349761,0.917640399,-0.19138894,0.911390399,-0.653738701
JD Campbell ,WI,-3.560714286,3.2,2,-0.360714286,-1.780357143,-1.495835929,1.6,0.177154661,-0.180357143,-1.318681268
JD Ryder ,NZL,52.41159447,10.8,21,63.21159447,2.495790213,0.995185631,0.514285714,-0.409241503,3.010075927,0.585944129
JD Unadkat ,IND,0,0,10,0,0,-0.458708894,0,-0.687008106,0,-1.145717
JD Wildermuth ,AUS,-0.625,-1.35,2,-1.975,-0.3125,-0.640752255,-0.675,-1.051576774,-0.9875,-1.692329029
JDF Vandersay ,SL,3.846428571,19.67380952,17,23.5202381,0.226260504,-0.326903381,1.157282913,-0.061957604,1.383543417,-0.388860985
JDP Oram ,NZL,59.66487253,40.675,34,100.3398725,1.754849192,0.563558771,1.196323529,-0.040871699,2.951172721,0.522687072
JDS Neesham ,NZL,103.8361026,51.99404762,74,155.8301502,1.403190576,0.358703998,0.702622265,-0.307520606,2.105812841,0.051183392
JE Root ,ENG,119.3277365,2.133333333,32,121.4610698,3.728991765,1.713573329,0.066666667,-0.651001324,3.795658431,1.062572005
JE Taylor ,WI,19.97420635,93.08333333,30,113.0575397,0.665806878,-0.070850584,3.102777778,0.988807537,3.768584656,0.917956954
JEC Franklin ,NZL,52.34504431,56.60714286,37,108.9521872,1.414730927,0.3654267,1.52992278,0.139305833,2.944653707,0.504732533
JF Mooney ,IRE,2.212876013,-6.6,14,-4.387123987,0.158062572,-0.36663132,-0.471428571,-0.941627493,-0.313365999,-1.308258813
JF Smith,RSA,0,0,1,0,0,-0.458708894,0,-0.687008106,0,-1.145717
JG Bethell ,ENG,49.82628968,7.05,13,56.87628968,3.832791514,1.774040706,0.542307692,-0.394106784,4.375099206,1.379933922
JH Kallis ,RSA,83.38855314,35.1,24,118.4885531,3.474523048,1.565335439,1.4625,0.102890673,4.937023048,1.668226112
JJ Bumrah ,IND,-9.505555556,341.9340226,66,332.428467,-0.144023569,-0.542608205,5.180818524,2.111160938,5.036794955,1.568552733
JJ Roy ,ENG,222.6359518,0,64,222.6359518,3.478686747,1.567760956,0,-0.687008106,3.478686747,0.880752849
JJ van der Wath ,RSA,5.483333333,25.76666667,8,31.25,0.685416667,-0.059427122,3.220833333,1.052569547,3.90625,0.993142425
JK Masara ,ZIM,0,0,1,0,0,-0.458708894,0,-0.687008106,0,-1.145717
JL Denly ,ENG,-1.323493826,18.40833333,13,17.08483951,-0.101807217,-0.518015544,1.416025641,0.077789791,1.314218424,-0.440225753
JL Ontong ,RSA,21.33028711,-9.2,14,12.13028711,1.523591937,0.428842457,-0.657142857,-1.0419321,0.86644908,-0.613089643
JL Pattinson ,AUS,1.841666667,6.425,4,8.266666667,0.460416667,-0.190498342,1.60625,0.180530296,2.066666667,-0.009968045
JL Smith ,ENG,26.0525641,0,5,26.0525641,5.210512821,2.576616762,0,-0.687008106,5.210512821,1.889608655
JM Anderson ,ENG,-4.375,46.09166667,18,41.71666667,-0.243055556,-0.600298175,2.560648148,0.696002387,2.317592593,0.095704212
JM Bairstow ,ENG,237.234173,0,76,237.234173,3.121502276,1.359687158,0,-0.687008106,3.121502276,0.672679052
JM Cox ,ENG,-0.933333333,0,2,-0.933333333,-0.466666667,-0.730560313,0,-0.687008106,-0.466666667,-1.41756842
JM How ,NZL,-0.537626263,0,5,-0.537626263,-0.107525253,-0.521346521,0,-0.687008106,-0.107525253,-1.208354627
JM Kemp ,RSA,31.21549423,1.2,8,32.41549423,3.901936778,1.814320502,0.15,-0.605992847,4.051936778,1.208327655
JM Muirhead ,AUS,-2.928571429,18.875,5,15.94642857,-0.585714286,-0.799910165,3.775,1.351875922,3.189285714,0.551965757
JM Sharma ,IND,9.938596491,0,8,9.938596491,1.242324561,0.26499331,0,-0.687008106,1.242324561,-0.422014796
JM Vince ,ENG,65.86008933,0,17,65.86008933,3.874122902,1.798117841,0,-0.687008106,3.874122902,1.111109735
JN Gillespie ,AUS,3.783333333,0.825,1,4.608333333,3.783333333,1.745229399,0.825,-0.24142418,4.608333333,1.503805219
JN Malan ,RSA,34.01724391,0,11,34.01724391,3.092476719,1.342778646,0,-0.687008106,3.092476719,0.65577054
JN Mohammed ,WI,0.71875,0.9,9,1.61875,0.079861111,-0.412186702,0.1,-0.632997933,0.179861111,-1.045184635
JN Snape ,ENG,-1.284090909,-2.3,1,-3.584090909,-1.284090909,-1.206741615,-2.3,-1.929242084,-3.584090909,-3.135983699
JNK Shannon ,IRE,6.916666667,0,3,6.916666667,2.305555556,0.884366571,0,-0.687008106,2.305555556,0.197358464
JNT Seales ,WI,2.55,-0.8,1,1.75,2.55,1.026764933,-0.8,-1.11908949,1.75,-0.092324557
JO Holder ,WI,81.33084335,215.2752748,74,296.6061181,1.099065451,0.181539326,2.909125334,0.884215518,4.008190785,1.065754844
JP Behrendorff ,AUS,-1.839285714,54.95,17,53.11071429,-0.108193277,-0.521735671,3.232352941,1.058791307,3.124159664,0.537055636
JP Bray ,IRE,-6.75,0,2,-6.75,-3.375,-2.424777195,0,-0.687008106,-3.375,-3.111785301
JP Duminy ,RSA,267.642898,48.13095238,79,315.7738504,3.387884785,1.514865293,0.609252562,-0.357949744,3.997137346,1.156915549
JP Faulkner ,AUS,13.6693363,109.8835327,24,123.552869,0.569555679,-0.126920637,4.578480529,1.785837146,5.148036208,1.658916508
JP Greaves,WI,0,0,1,0,0,-0.458708894,0,-0.687008106,0,-1.145717
JP Inglis ,AUS,115.3554228,0,33,115.3554228,3.495618873,1.577624575,0,-0.687008106,3.495618873,0.890616469
JR Hazlewood ,AUS,-8.322619048,238.6113636,53,230.2887446,-0.157030548,-0.550185274,4.502101201,1.744584538,4.345070653,1.194399264
JR Hopes ,AUS,12.51666667,31.025,12,43.54166667,1.043055556,0.148911392,2.585416667,0.709379907,3.628472222,0.858291298
JR Philippe ,AUS,6.22672833,0,12,6.22672833,0.518894028,-0.156433013,0,-0.687008106,0.518894028,-0.843441119
JRMVB Sanjaya ,SL,2.078571429,26.21775362,8,28.29632505,0.259821429,-0.307352842,3.277219203,1.083023653,3.537040631,0.775670811
JS Foster ,ENG,0.958333333,0,4,0.958333333,0.239583333,-0.319142317,0,-0.687008106,0.239583333,-1.006150424
JS Patel ,NZL,-6.075,51.37318841,11,45.29818841,-0.552272727,-0.780429161,4.670289855,1.835423521,4.118017128,1.05499436
JT Ball ,ENG,0,0,2,0,0,-0.458708894,0,-0.687008106,0,-1.145717
JT Smuts ,RSA,11.49325397,-5.479166667,13,6.014087302,0.884096459,0.056311557,-0.421474359,-0.914647137,0.4626221,-0.858335579
JW Dernbach ,ENG,-5.814285714,109.7547619,34,103.9404762,-0.171008403,-0.558327917,3.228081232,1.05648415,3.057072829,0.498156233
JW Hastings ,AUS,5.823611111,19.38333333,9,25.20694444,0.647067901,-0.081766764,2.153703704,0.476210989,2.800771605,0.394444225
JW Wilson ,NZL,2.314285714,-1.675,1,0.639285714,2.314285714,0.889452227,-1.675,-1.591678503,0.639285714,-0.702226277
JWM Dalrymple ,ENG,4.673677249,4.85,3,9.523677249,1.557892416,0.448823816,1.616666667,0.186156356,3.174559083,0.634980172
Jahandad Khan ,PAK,-3.625,-0.051260504,8,-3.676260504,-0.453125,-0.722671768,-0.006407563,-0.690468842,-0.459532563,-1.41314061
Jahurul Islam ,BAN,4.330555556,0,2,4.330555556,2.165277778,0.802649329,0,-0.687008106,2.165277778,0.115641222
Jaker Ali ,BAN,59.30627579,0,25,59.30627579,2.372251032,0.923219271,0,-0.687008106,2.372251032,0.236211164
Javed Ahmadi ,AFG,-3.45,0,2,-3.45,-1.725,-1.463588248,0,-0.687008106,-1.725,-2.150596354
Joginder Sharma ,IND,0,0,4,0,0,-0.458708894,0,-0.687008106,0,-1.145717
Jubair Hossain ,BAN,0,0,1,0,0,-0.458708894,0,-0.687008106,0,-1.145717
Junaid Khan ,PAK,-1,18.175,9,17.175,-0.111111111,-0.523435422,2.019444444,0.403697331,1.908333333,-0.119738092
Junaid Siddique ,BAN,26.76487322,0,5,26.76487322,5.352974644,2.659606295,0,-0.687008106,5.352974644,1.972598189
K Mishara ,SL,-4.608333333,0,3,-4.608333333,-1.536111111,-1.35355315,0,-0.687008106,-1.536111111,-2.040561256
K Nitish Kumar Reddy ,IND,13.80784314,8.558333333,4,22.36617647,3.451960784,1.552192046,2.139583333,0.468584552,5.591544118,2.020776599
K Pierre ,WI,-3.65,11.45833333,10,7.808333333,-0.365,-0.67133554,1.145833333,-0.068141541,0.780833333,-0.739477081
K Rabada ,RSA,14.04233158,215.1641304,64,229.206462,0.219411431,-0.330893232,3.361939538,1.128781252,3.581350969,0.79788802
K Santokie ,WI,0,0,12,0,0,-0.458708894,0,-0.687008106,0,-1.145717
K Sinclair ,WI,-5.6875,9.158333333,6,3.470833333,-0.947916667,-1.01090709,1.526388889,0.137397172,0.578472222,-0.873509917
K Weeraratne ,SL,4.546153846,9.383333333,4,13.92948718,1.136538462,0.203368807,2.345833333,0.579980534,3.482371795,0.783349341
KA Jamieson ,NZL,3.197222222,21.60833333,12,24.80555556,0.266435185,-0.303500073,1.800694444,0.285550077,2.06712963,-0.017949996
KA Maharaj ,RSA,-6.474801587,109.6120047,36,103.1372031,-0.1798556,-0.563481751,3.044777907,0.957481707,2.864922308,0.393999956
KA Pollard ,WI,232.861981,85.05833333,101,317.9203144,2.305564169,0.884371588,0.842161716,-0.232155107,3.147725885,0.652216481
KAJ Roach ,WI,0.875,31.61666667,11,32.49166667,0.079545455,-0.412370584,2.874242424,0.865375198,2.953787879,0.453004614
KC Sangakkara ,SL,168.5523245,0,54,168.5523245,3.121339343,1.359592243,0,-0.687008106,3.121339343,0.672584137
KD Karthik ,IND,127.042565,-5.3,56,121.742565,2.268617232,0.862848566,-0.094642857,-0.738124877,2.173974375,0.124723689
KD Mills ,NZL,-4.473448773,122.5712815,41,118.0978327,-0.109108507,-0.522268828,2.98954345,0.927649481,2.880434944,0.405380654
KDK Vithanage ,SL,0.753846154,0,3,0.753846154,0.251282051,-0.312327361,0,-0.687008106,0.251282051,-0.999335467
KH Pandya ,IND,15.7828602,45.42189441,19,61.20475461,0.830676852,0.025192566,2.390626022,0.604173142,3.221302874,0.629365708
KIC Asalanka ,SL,136.1067639,11.83333333,57,147.9400972,2.387837963,0.932299262,0.207602339,-0.574881724,2.595440302,0.357417538
KJ Abbott ,RSA,-0.4625,80.99206192,21,80.52956192,-0.02202381,-0.471538617,3.856764854,1.396037261,3.834741044,0.924498644
KJ O'Brien ,IRE,59.71830177,39.875,50,99.59330177,1.194366035,0.23705561,0.7975,-0.256276977,1.991866035,-0.019221367
KK Ahmed ,IND,-3.875,45.35,18,41.475,-0.215277778,-0.584116543,2.519444444,0.673748195,2.304166667,0.089631652
KL Rahul ,IND,314.5531371,0,68,314.5531371,4.625781428,2.235988064,0,-0.687008106,4.625781428,1.548979958
KM Dabengwa ,ZIM,-0.520512821,-4.25,6,-4.770512821,-0.086752137,-0.509245376,-0.708333333,-1.069580165,-0.79508547,-1.578825541
KM Jadhav ,IND,15.25384615,0,9,15.25384615,1.694871795,0.528619613,0,-0.687008106,1.694871795,-0.158388494
KM Jarvis ,ZIM,-10.30037879,69.8929074,20,59.59252861,-0.515018939,-0.758727386,3.49464537,1.200455902,2.979626431,0.441728516
KMA Paul ,WI,12.44770854,56.21587809,22,68.66358663,0.565804934,-0.129105592,2.555267186,0.69309612,3.12107212,0.563990528
KMC Bandara ,SL,-1.75,-1.8,1,-3.55,-1.75,-1.478151717,-1.8,-1.659191219,-3.55,-3.137342936
KMDN Kulasekara ,SL,-13.85586219,200.6518194,55,186.7959573,-0.251924767,-0.605464834,3.648214899,1.28339907,3.396290132,0.677934235
KNA Bandara ,SL,12.44300334,2.7,6,15.14300334,2.07383389,0.74937972,0.45,-0.443962328,2.52383389,0.305417392
KO Meth ,ZIM,0,0,2,0,0,-0.458708894,0,-0.687008106,0,-1.145717
KOA Powell ,WI,0.192857143,0,1,0.192857143,0.192857143,-0.346362134,0,-0.687008106,0.192857143,-1.03337024
KOK Williams ,WI,-4.682142857,106.3681818,25,101.686039,-0.187285714,-0.567810081,4.254727273,1.610977452,4.067441558,1.043167371
KP Pietersen ,ENG,187.8387968,-1.15,37,186.6887968,5.076724237,2.498679727,-0.031081081,-0.703795052,5.045643156,1.794884675
KR Mayers ,WI,127.3828587,-10.8,37,116.5828587,3.442779964,1.546843863,-0.291891892,-0.844659422,3.150888072,0.702184441
KS Lokuarachchi ,SL,-3.075,5.775,2,2.7,-1.5375,-1.354362231,2.8875,0.872535637,1.35,-0.481826594
KS Williamson ,NZL,342.8994508,12.65,88,355.5494508,3.896584669,1.811202691,0.14375,-0.609368483,4.040334669,1.201834208
KT Maphaka ,RSA,-4.976298701,34.25285592,11,29.27655722,-0.452390791,-0.722244063,3.113895993,0.994812505,2.661505202,0.272568442
KTGD Prasad ,SL,0,0,1,0,0,-0.458708894,0,-0.687008106,0,-1.145717
KU Carty ,WI,6.455681818,0,4,6.455681818,1.613920455,0.48146232,0,-0.687008106,1.613920455,-0.205545787
KV Sharma ,IND,0,0,1,0,0,-0.458708894,0,-0.687008106,0,-1.145717
KW Richardson ,AUS,-8.660714286,128.9482371,36,120.2875228,-0.240575397,-0.598853386,3.581895474,1.247579834,3.341320077,0.648726447
Kamran Akmal ,PAK,92.83690908,0,54,92.83690908,1.71920202,0.542792912,0,-0.687008106,1.71920202,-0.144215195
Karim Janat ,AFG,30.14863502,107.195933,55,137.344568,0.548157,-0.139386197,1.949016964,0.365659326,2.497173964,0.226273129
Karim Sadiq ,AFG,5.927695317,13.06666667,17,18.99436198,0.34868796,-0.255584644,0.768627451,-0.271871091,1.117315411,-0.527455735
Khaled Ahmed ,BAN,0,0,1,0,0,-0.458708894,0,-0.687008106,0,-1.145717
Khalid Latif ,PAK,19.7666836,0,13,19.7666836,1.520514123,0.427049512,0,-0.687008106,1.520514123,-0.259958595
Khurram Manzoor ,PAK,-4.078968254,0,2,-4.078968254,-2.039484127,-1.64678744,0,-0.687008106,-2.039484127,-2.333795546
Khushdil Shah ,PAK,27.09822291,1.966666667,35,29.06488958,0.77423494,-0.007687035,0.056190476,-0.656659533,0.830425417,-0.664346568
Kuldeep Yadav ,IND,-0.15783208,238.475,40,238.3171679,-0.003945802,-0.461007477,5.961875,2.533010892,5.957929198,2.072003415
L Balaji ,IND,0,0,5,0,0,-0.458708894,0,-0.687008106,0,-1.145717
L Croospulle ,SL,2.683333333,0,1,2.683333333,2.683333333,1.104436767,0,-0.687008106,2.683333333,0.417428661
L Gregory ,ENG,2.414393939,2.708333333,9,5.122727273,0.268265993,-0.302433556,0.300925926,-0.524477493,0.569191919,-0.82691105
L McCarthy ,IRE,2.216666667,-6.425,1,-4.208333333,2.216666667,0.832585348,-6.425,-4.157161718,-4.208333333,-3.32457637
L Ngidi ,RSA,-11.46964286,194.5348475,49,183.0652047,-0.234074344,-0.595066271,3.970098929,1.457249191,3.736024585,0.86218292
L Ronchi ,AUS,10.86590909,0,3,10.86590909,3.621969697,1.651228827,0,-0.687008106,3.621969697,0.964220721
L Ronchi ,NZL,29.09444824,0,28,29.09444824,1.039087437,0.146599809,0,-0.687008106,1.039087437,-0.540408298
L Sipamla ,RSA,-5.2,0.329166667,11,-4.870833333,-0.472727273,-0.734090851,0.029924242,-0.670845971,-0.44280303,-1.404936823
L Vincent ,NZL,8.595723233,0,8,8.595723233,1.074465404,0.167208846,0,-0.687008106,1.074465404,-0.519799261
L Wood ,ENG,-1.5,35.9,7,34.4,-0.214285714,-0.583538627,5.128571429,2.082942192,4.914285714,1.499403564
LA Dawson ,ENG,14.66388889,32.3,14,46.96388889,1.047420635,0.151454219,2.307142857,0.559083741,3.354563492,0.71053796
LA Pomersbach ,AUS,4.282142857,0,1,4.282142857,4.282142857,2.035805278,0,-0.687008106,4.282142857,1.348797172
LB Williams ,RSA,-18.41666667,48.53442029,15,30.11775362,-1.227777778,-1.173937033,3.235628019,1.060560183,2.007850242,-0.113376851
LD Chandimal ,SL,82.75086044,0,66,82.75086044,1.253800916,0.271678731,0,-0.687008106,1.253800916,-0.415329375
LD Madushanka ,SL,-4.35942029,-0.8,3,-5.15942029,-1.453140097,-1.305219318,-0.266666667,-0.831035234,-1.719806763,-2.136254552
LE Bosman ,RSA,43.4780642,0,14,43.4780642,3.105576014,1.350409493,0,-0.687008106,3.105576014,0.663401387
LE Plunkett ,ENG,-7.259090909,75.43141711,22,68.1723262,-0.329958678,-0.650922612,3.428700778,1.164839113,3.0987421,0.513916502
LG Pretorius ,RSA,13.42257236,0,8,13.42257236,1.677821545,0.518687181,0,-0.687008106,1.677821545,-0.168320925
LH Ferguson ,NZL,-15.82142857,193.6347826,39,177.813354,-0.405677656,-0.695031851,4.964994426,1.99459397,4.55931677,1.299562119
LHD Dilhara ,SL,0,0,1,0,0,-0.458708894,0,-0.687008106,0,-1.145717
LJ Tucker ,IRE,67.4996166,0,50,67.4996166,1.349992332,0.327713959,0,-0.687008106,1.349992332,-0.359294147
LJ Woodcock ,NZL,0,0,3,0,0,-0.458708894,0,-0.687008106,0,-1.145717
LJ Wright ,ENG,63.75662327,45.275,50,109.0316233,1.275132465,0.284105186,0.9055,-0.19794599,2.180632465,0.086159195
LL Tsotsobe ,RSA,-6.517857143,61.31666667,22,54.79880952,-0.296266234,-0.631295457,2.787121212,0.81832088,2.490854978,0.187025423
LM Jongwe ,ZIM,26.71128282,121.2814229,43,147.9927057,0.621192624,-0.096840116,2.820498208,0.836347853,3.441690831,0.739507738
LMP Simmons ,WI,198.3852811,11.33333333,68,209.7186144,2.917430604,1.240807501,0.166666667,-0.596991152,3.084097271,0.643816349
LPC Silva ,SL,10.37582656,4.95,15,15.32582656,0.691721771,-0.055754154,0.33,-0.508774536,1.021721771,-0.56452869
LRPL Taylor ,NZL,228.8024634,0,99,228.8024634,2.311135994,0.887617392,0,-0.687008106,2.311135994,0.200609286
LS Baker ,WI,0,0,3,0,0,-0.458708894,0,-0.687008106,0,-1.145717
LS Livingstone ,ENG,143.0352294,54.70833333,56,197.7435627,2.554200525,1.029211902,0.976934524,-0.159364081,3.531135049,0.869847821
LU Igalagamage ,SL,-3.75,0,1,-3.75,-3.75,-2.643229228,0,-0.687008106,-3.75,-3.330237335
Litton Das ,BAN,266.5024983,0,94,266.5024983,2.83513296,1.192865933,0,-0.687008106,2.83513296,0.505857827
M Bhanuka ,SL,3.241321045,0,5,3.241321045,0.648264209,-0.081069868,0,-0.687008106,0.648264209,-0.768077975
M Faraz Akram ,ZIM,11.69932524,-2.888095238,8,8.811229998,1.462415655,0.393204902,-0.361011905,-0.881991261,1.10140375,-0.488786359
M Jansen ,RSA,25.96897759,40.63991228,14,66.60888987,1.854926971,0.621857956,2.902850877,0.880826673,4.757777848,1.502684628
M Kartik ,IND,0,0,1,0,0,-0.458708894,0,-0.687008106,0,-1.145717
M Klinger ,AUS,20.70380657,0,3,20.70380657,6.901268856,3.561547679,0,-0.687008106,6.901268856,2.874539573
M Labuschagne ,AUS,-2.25,0,1,-2.25,-2.25,-1.769421095,0,-0.687008106,-2.25,-2.456429201
M Markande ,IND,0,0,1,0,0,-0.458708894,0,-0.687008106,0,-1.145717
M Morkel ,RSA,0.858333333,155.1905606,41,156.048894,0.020934959,-0.446513469,3.785135625,1.357350191,3.806070585,0.910836722
M Mosehle ,RSA,30.22424242,0,7,30.22424242,4.317748918,2.056547189,0,-0.687008106,4.317748918,1.369539082
M Muralidaran ,SL,-6.75,48.69166667,12,41.94166667,-0.5625,-0.786386944,4.057638889,1.504529675,3.495138889,0.718142731
M Ntini ,RSA,-3.816666667,7.875,10,4.058333333,-0.381666667,-0.681044519,0.7875,-0.261677995,0.405833333,-0.942722514
M Pathirana ,SL,-20.51547619,81.11032695,18,60.59485076,-1.139748677,-1.12265667,4.506129275,1.746760108,3.366380598,0.624103438
M Prasidh Krishna ,IND,0,0,5,0,0,-0.458708894,0,-0.687008106,0,-1.145717
M Pushpakumara ,SL,0,0,1,0,0,-0.458708894,0,-0.687008106,0,-1.145717
M Shumba ,ZIM,-5.125895863,-1.6,18,-6.725895863,-0.284771992,-0.624599616,-0.088888889,-0.735017149,-0.373660881,-1.359616765
M Theekshana ,SL,-35.53011364,175.137782,57,139.6076683,-0.623335327,-0.82182588,3.072592666,0.972504506,2.449257339,0.150678626
M Vijay ,IND,15.64159565,1.45,9,17.09159565,1.737955072,0.553717291,0.161111111,-0.599991717,1.899066183,-0.046274425
M Zondeki ,RSA,-3.75,0.116666667,1,-3.633333333,-3.75,-2.643229228,0.116666667,-0.623996238,-3.633333333,-3.267225466
M de Lange ,RSA,0,0,6,0,0,-0.458708894,0,-0.687008106,0,-1.145717
MA Aponso ,SL,-3.75,12.225,3,8.475,-1.25,-1.186882339,4.075,1.513906441,2.825,0.327024102
MA Carberry ,ENG,-0.075,0,1,-0.075,-0.075,-0.502399301,0,-0.687008106,-0.075,-1.189407407
MA Starc ,AUS,-3.481547619,244.1738722,63,240.6923246,-0.055262661,-0.490901536,3.875775749,1.406305078,3.820513088,0.915403543
MA Wood ,ENG,-2.552777778,144.9156162,36,142.3628385,-0.070910494,-0.500017005,4.025433785,1.487135642,3.954523291,0.987118638
MC Bascombe ,WI,-2.303571429,0,1,-2.303571429,-2.303571429,-1.800628528,0,-0.687008106,-2.303571429,-2.487636634
MC Henriques ,AUS,38.66762103,14.91666667,24,53.5842877,1.611150876,0.479848933,0.621527778,-0.351319879,2.232678654,0.128529054
MC Sorensen ,IRE,-3.267307692,24.55833333,10,21.29102564,-0.326730769,-0.64904223,2.455833333,0.639391724,2.129102564,-0.009650506
MD Bates ,NZL,0,0,3,0,0,-0.458708894,0,-0.687008106,0,-1.145717
MD Gunathilaka ,SL,78.83122077,15.35,45,94.18122077,1.751804906,0.561785356,0.341111111,-0.502773405,2.092916017,0.059011951
MD Shanaka ,SL,157.7398016,69.07683983,98,226.8166415,1.609589813,0.478939553,0.704865713,-0.306308916,2.314455525,0.172630637
MDK Perera ,SL,-6.541666667,9.933333333,3,3.391666667,-2.180555556,-1.728967014,3.311111111,1.101328731,1.130555556,-0.627638283
MDKJ Perera ,SL,271.2629289,0,77,271.2629289,3.522895181,1.593514082,0,-0.687008106,3.522895181,0.906505975
ME Trescothick ,ENG,26.4542741,0,3,26.4542741,8.818091367,4.67817108,0,-0.687008106,8.818091367,3.991162974
MEK Hussey ,AUS,107.0358461,1.2,38,108.2358461,2.816732793,1.182147123,0.031578947,-0.669952262,2.84831174,0.51219486
MF Maharoof ,SL,-5.774621212,20.225,8,14.45037879,-0.721827652,-0.879201476,2.528125,0.678436578,1.806297348,-0.200764898
MG Bracewell ,NZL,30.54988622,89.23333333,33,119.7832196,0.925754128,0.080578764,2.704040404,0.773448792,3.629794532,0.854027556
MG Johnson ,AUS,4.045167333,129.8043478,30,133.8495152,0.134838911,-0.380160003,4.326811594,1.649910319,4.461650505,1.269750316
MH Yardy ,ENG,8.795543346,40.725,14,49.52054335,0.628253096,-0.092727117,2.908928571,0.884109246,3.537181668,0.791382129
MJ Clarke ,AUS,37.77193548,4,34,41.77193548,1.110939279,0.188456291,0.117647059,-0.623466727,1.228586338,-0.435010435
MJ Guptill ,NZL,511.3130664,-1.8,115,509.5130664,4.446200577,2.131375258,-0.015652174,-0.695461873,4.430548403,1.435913386
MJ Hay ,NZL,0.030153509,0,11,0.030153509,0.002741228,-0.457112022,0,-0.687008106,0.002741228,-1.144120129
MJ Henry ,NZL,-4.051960784,112.6583333,25,108.6063725,-0.162078431,-0.553125862,4.506333333,1.74687032,4.344254902,1.193744459
MJ Humphreys ,IRE,-3.25,22.75,5,19.5,-0.65,-0.837359085,4.55,1.770454763,3.9,0.933095677
MJ Lumb ,ENG,78.75487719,0,26,78.75487719,3.029033738,1.305820651,0,-0.687008106,3.029033738,0.618812545
MJ Mason ,NZL,-1,6.766666667,3,5.766666667,-0.333333333,-0.652888479,2.255555556,0.53122135,1.922222222,-0.121667129
MJ McClenaghan ,NZL,2.442857143,97.15,27,99.59285714,0.09047619,-0.406003007,3.598148148,1.256357931,3.688624339,0.850354925
MJ North ,AUS,1.430952381,0,1,1.430952381,1.430952381,0.374876326,0,-0.687008106,1.430952381,-0.312131781
MJ Owen ,AUS,21.85926764,0.35,7,22.20926764,3.12275252,1.360415474,0.05,-0.66000302,3.17275252,0.700412454
MJ Potts ,ENG,0,0,1,0,0,-0.458708894,0,-0.687008106,0,-1.145717
MJ Prior ,ENG,15.34493088,0,10,15.34493088,1.534493088,0.4351928,0,-0.687008106,1.534493088,-0.251815306
MJ Santner ,NZL,58.84166974,366.0148781,103,424.8565478,0.571278347,-0.125917117,3.553542506,1.232266347,4.124820853,1.10634923
MJ Swepson ,AUS,7.341666667,29.89166667,8,37.23333333,0.917708333,0.075891777,3.736458333,1.331059501,4.654166667,1.406951278
MK Pandey ,IND,93.41159621,0,39,93.41159621,2.395169134,0.936569953,0,-0.687008106,2.395169134,0.249561847
MK Tiwary ,IND,0.330882353,0,3,0.330882353,0.110294118,-0.394458296,0,-0.687008106,0.110294118,-1.081466402
ML Hayden ,AUS,56.39793609,0,9,56.39793609,6.266437343,3.19173372,0,-0.687008106,6.266437343,2.504725613
ML Lewis ,AUS,0,0,2,0,0,-0.458708894,0,-0.687008106,0,-1.145717
ML Nkala ,ZIM,-2.791666667,0,1,-2.791666667,-2.791666667,-2.084962921,0,-0.687008106,-2.791666667,-2.771971027
ML Udawatte ,SL,3.136009093,0,8,3.136009093,0.392001137,-0.23035304,0,-0.687008106,0.392001137,-0.917361146
MM Ali ,ENG,152.8082863,125.2261905,87,278.0344768,1.756417084,0.564472129,1.4393815,0.090404331,3.195798584,0.65487646
MM Patel ,IND,-3.75,10.1,3,6.35,-1.25,-1.186882339,3.366666667,1.131334383,2.116666667,-0.055547956
MM Sharma ,IND,-3.625,17.975,8,14.35,-0.453125,-0.722671768,2.246875,0.526532967,1.79375,-0.196138801
MN Samuels ,WI,205.8876935,55.125,66,261.0126935,3.119510507,1.358526876,0.835227273,-0.235900412,3.95473778,1.122626464
MN Waller ,ZIM,89.83698995,-0.4,30,89.43698995,2.994566332,1.285742051,-0.013333333,-0.694209463,2.981232998,0.591532588
MN van Wyk ,RSA,33.99487179,0,8,33.99487179,4.249358974,2.016707396,0,-0.687008106,4.249358974,1.32969929
MNK Fernando ,SL,-1.2625,0,1,-1.2625,-1.2625,-1.194164073,0,-0.687008106,-1.2625,-1.88117218
MP Breetzke ,RSA,20.42550701,0,10,20.42550701,2.042550701,0.73115605,0,-0.687008106,2.042550701,0.044147944
MP Kuhnemann ,AUS,0,0,1,0,0,-0.458708894,0,-0.687008106,0,-1.145717
MP Stoinis ,AUS,178.9459464,69.95714286,68,248.9030893,2.631558036,1.07427565,1.028781513,-0.131361432,3.660339548,0.942914218
MP Vaughan ,ENG,0.289285714,0,2,0.289285714,0.144642857,-0.374448824,0,-0.687008106,0.144642857,-1.06145693
MP Yadav ,IND,-0.625,16.725,3,16.1,-0.208333333,-0.580071135,5.575,2.324059035,5.366666667,1.7439879
MR Adair ,IRE,23.92770172,190.3920619,50,214.3197636,0.478554034,-0.179932622,3.807841238,1.369613532,4.286395273,1.18968091
MR Gillespie ,NZL,-7.199404762,27.26787926,10,20.0684745,-0.719940476,-0.878102123,2.726787926,0.785734768,2.00684745,-0.092367355
MR Marsh ,AUS,262.582169,43,67,305.582169,3.919136851,1.824340211,0.641791045,-0.340375653,4.560927896,1.483964558
MS Atapattu ,SL,-1.5625,0,2,-1.5625,-0.78125,-0.913817297,0,-0.687008106,-0.78125,-1.600825403
MS Chapman ,NZL,141.8125121,5.6,67,147.4125121,2.116604659,0.77429535,0.08358209,-0.641865275,2.200186748,0.132430075
MS Crane ,ENG,0,0,2,0,0,-0.458708894,0,-0.687008106,0,-1.145717
MS Dhoni ,IND,249.3975518,0,96,249.3975518,2.597891164,1.054663393,0,-0.687008106,2.597891164,0.367655286
MS Kasprowicz ,AUS,-1.375,15.35833333,2,13.98333333,-0.6875,-0.859204289,7.679166667,3.460523091,6.991666667,2.601318802
MS Panesar ,ENG,-2.375,5.2,1,2.825,-2.375,-1.842238439,5.2,2.121520887,2.825,0.279282448
MS Sinclair ,NZL,-7.5,0,2,-7.5,-3.75,-2.643229228,0,-0.687008106,-3.75,-3.330237335
MS Wade ,AUS,162.4939633,0,89,162.4939633,1.825774868,0.604875726,0,-0.687008106,1.825774868,-0.08213238
MV Boucher ,RSA,16.54895758,0,24,16.54895758,0.689539899,-0.057025179,0,-0.687008106,0.689539899,-0.744033286
MVT Fernando ,SL,-1,-0.3,1,-1.3,-1,-1.04124765,-0.3,-0.849038625,-1.3,-1.890286275
MW Forde ,WI,8.63452381,13.64779412,8,22.28231793,1.079315476,0.170034201,1.705974265,0.234391544,2.785289741,0.404425745
MW Parkinson ,ENG,-10.95,15.825,6,4.875,-1.825,-1.521842123,2.6375,0.737510205,0.8125,-0.784331918
MW Short ,AUS,51.68232083,11.33333333,14,63.01565416,3.691594345,1.691787883,0.80952381,-0.249782897,4.501118154,1.442004986
Mahedi Hasan ,BAN,6.809756716,174.3380952,55,181.147852,0.123813758,-0.386582581,3.16978355,1.024997471,3.293597308,0.63841489
Mahmudul Hasan Joy ,BAN,-1.875,-3.8,2,-5.675,-0.9375,-1.004838978,-1.9,-1.713201392,-2.8375,-2.71804037
Mahmudullah ,BAN,247.0139234,93.84166667,124,340.8555901,1.992047769,0.701736135,0.756787634,-0.278265796,2.748835404,0.423470339
Mandeep Singh ,IND,11.71203704,0,3,11.71203704,3.904012346,1.815529601,0,-0.687008106,3.904012346,1.128521494
Mansoor Amjad ,PAK,0,0,1,0,0,-0.458708894,0,-0.687008106,0,-1.145717
Mashrafe Mortaza ,BAN,35.29740672,76.53405797,47,111.8314647,0.751008654,-0.021217247,1.628384212,0.192485023,2.379392866,0.171267775
Mehidy Hasan Miraz ,BAN,35.29746604,20.50833333,32,55.80579938,1.103045814,0.183858042,0.640885417,-0.340864785,1.743931231,-0.157006743
Mehrab Hossain jnr ,BAN,-1.354411765,0.170588235,2,-1.183823529,-0.677205882,-0.853207566,0.085294118,-0.640940606,-0.591911765,-1.494148172
Mirwais Ashraf ,AFG,8.279612299,-12.93333333,7,-4.653721034,1.182801757,0.23031897,-1.847619048,-1.684910349,-0.664817291,-1.454591379
Mirza Baig ,PAK,5.555555556,0,2,5.555555556,2.777777778,1.159454317,0,-0.687008106,2.777777778,0.47244621
Misbah-ul-Haq ,PAK,78.51459362,0,35,78.51459362,2.243274103,0.848085211,0,-0.687008106,2.243274103,0.161077105
Mohammad Ali ,PAK,-0.625,-5.066666667,3,-5.691666667,-0.208333333,-0.580071135,-1.688888889,-1.599179916,-1.897222222,-2.179251051
Mohammad Amir ,PAK,-10.34581668,227.0156593,57,216.6698427,-0.181505556,-0.564442915,3.982730866,1.464071722,3.80122531,0.899628807
Mohammad Ashraful ,BAN,54.76248335,17.275,21,72.03748335,2.607737303,1.06039915,0.822619048,-0.242710136,3.43035635,0.817689014
Mohammad Asif ,PAK,11.475,38.58333333,10,50.05833333,1.1475,0.209754328,3.858333333,1.3968844,5.005833333,1.606638728
Mohammad Hafeez ,PAK,299.9006849,211.6321429,114,511.5328277,2.630707762,1.073780333,1.856422306,0.315648791,4.487130068,1.389429124
Mohammad Haris ,PAK,58.20288748,0,23,58.20288748,2.530560325,1.015440569,0,-0.687008106,2.530560325,0.328432463
Mohammad Hasnain ,PAK,-5.025,64.525,28,59.5,-0.179464286,-0.563253796,2.304464286,0.55763704,2.125,-0.005616756
Mohammad Irfan ,PAK,-4.666666667,42.56323529,21,37.89656863,-0.222222222,-0.588161951,2.026820728,0.407681274,1.804598506,-0.180480677
Mohammad Ishaq ,AFG,6.954545455,0,5,6.954545455,1.390909091,0.351549557,0,-0.687008106,1.390909091,-0.335458549
Mohammad Mithun ,BAN,-10.9744637,0,15,-10.9744637,-0.731630914,-0.884912256,0,-0.687008106,-0.731630914,-1.571920363
Mohammad Nabi ,AFG,227.0086961,195.5738095,95,422.5825056,2.389565222,0.933305458,2.058671679,0.424884028,4.448236901,1.358189485
Mohammad Naim ,BAN,69.8797866,0,36,69.8797866,1.941105183,0.672060104,0,-0.687008106,1.941105183,-0.014948002
Mohammad Nawaz (3) ,PAK,56.29578444,179.375,59,235.6707844,0.954165838,0.097129686,3.040254237,0.955038465,3.994420075,1.052168151
Mohammad Rafique ,BAN,5.275,4.2,1,9.475,5.275,2.614183043,4.2,1.581419157,9.475,4.1956022
Mohammad Rizwan ,PAK,425.24991,0,100,425.24991,4.2524991,2.018536641,0,-0.687008106,4.2524991,1.331528534
Mohammad Saifuddin ,BAN,30.9393608,107.9119565,36,138.8513173,0.859426689,0.04194046,2.997554348,0.931976181,3.856981037,0.973916641
Mohammad Saleem ,AFG,0,0,1,0,0,-0.458708894,0,-0.687008106,0,-1.145717
Mohammad Salman ,PAK,-1.041666667,0,1,-1.041666667,-1.041666667,-1.065520098,0,-0.687008106,-1.041666667,-1.752528205
Mohammad Sami ,PAK,-0.096428571,57.94166667,12,57.8452381,-0.008035714,-0.463390009,4.828472222,1.920858091,4.820436508,1.457468082
Mohammad Shahid ,BAN,0,0,1,0,0,-0.458708894,0,-0.687008106,0,-1.145717
Mohammad Shahzad ,AFG,134.9548701,0,38,134.9548701,3.551443951,1.610144846,0,-0.687008106,3.551443951,0.92313674
Mohammad Wasim (1) ,PAK,-7.841117216,92.8,28,84.95888278,-0.280039901,-0.621842989,3.314285714,1.10304334,3.034245814,0.48120035
Mohammad Yousuf ,PAK,4.909356725,0,3,4.909356725,1.636452242,0.494587959,0,-0.687008106,1.636452242,-0.192420148
Mohammed Shami ,IND,-5.75,53.27047101,22,47.52047101,-0.261363636,-0.610963342,2.421385046,0.620786145,2.16002141,0.009822803
Mohammed Siraj ,IND,-2.664285714,48.875,15,46.21071429,-0.177619048,-0.562178873,3.258333333,1.072823362,3.080714286,0.510644489
Mominul Haque ,BAN,7.917763158,-4.1,6,3.817763158,1.319627193,0.310025089,-0.683333333,-1.056077622,0.63629386,-0.746052532
Mosaddek Hossain ,BAN,22.50812672,53.10151515,30,75.60964187,0.750270891,-0.021647023,1.770050505,0.268999233,2.520321396,0.24735221
Mrittunjoy Chowdhury ,BAN,-2.340909091,-3.3,1,-5.640909091,-2.340909091,-1.822379163,-3.3,-2.469343814,-5.640909091,-4.291722977
Mubasir Khan,PAK,0,0,1,0,0,-0.458708894,0,-0.687008106,0,-1.145717
Muhammad Musa ,PAK,0,0,2,0,0,-0.458708894,0,-0.687008106,0,-1.145717
Mujeeb Ur Rahman ,AFG,-9.405128205,209.375,45,199.9698718,-0.209002849,-0.580461154,4.652777778,1.825965218,4.443774929,1.245504064
Mukesh Kumar ,IND,3.175,50.52147092,17,53.69647092,0.186764706,-0.349911215,2.971851231,0.918093883,3.158615936,0.568182668
Mukhtar Ahmed ,PAK,27.02301587,0,6,27.02301587,4.503835979,2.164950114,0,-0.687008106,4.503835979,1.477942007
Muktar Ali ,BAN,3.091666667,-0.55,1,2.541666667,3.091666667,1.342306759,-0.55,-0.984064058,2.541666667,0.358242702
Munim Shahriar ,BAN,-4.534722222,0,5,-4.534722222,-0.906944444,-0.987039182,0,-0.687008106,-0.906944444,-1.674047289
Mushfiqur Rahim ,BAN,125.2686162,0,90,125.2686162,1.391873513,0.35211137,0,-0.687008106,1.391873513,-0.334896736
Mustafizur Rahman ,BAN,-40.57619048,369.8492599,99,329.2730695,-0.40986051,-0.697468526,3.73585111,1.330731539,3.325990601,0.633263014
N Boje ,RSA,0,0,1,0,0,-0.458708894,0,-0.687008106,0,-1.145717
N Burger ,RSA,-2.791666667,8.416666667,5,5.625,-0.558333333,-0.783959699,1.683333333,0.222163138,1.125,-0.561796561
N Deonarine ,WI,0.290948276,-3.866666667,8,-3.575718391,0.036368534,-0.437522813,-0.483333333,-0.948057276,-0.446964799,-1.385580089
N Dickwella ,SL,60.17461133,0,28,60.17461133,2.149093262,0.793221221,0,-0.687008106,2.149093262,0.106213114
N M'shangwe ,ZIM,-1.908333333,6.391666667,3,4.483333333,-0.636111111,-0.829268269,2.130555556,0.463708634,1.494444444,-0.365559635
N Madziva ,ZIM,3.055206197,22.93129371,13,25.9864999,0.235015861,-0.321803047,1.76394567,0.265702,1.998961531,-0.056101046
N Peter ,RSA,2.917857143,14.35833333,12,17.27619048,0.243154762,-0.317061822,1.196527778,-0.040761384,1.43968254,-0.357823206
N Pooran ,WI,329.9013387,0,102,329.9013387,3.23432685,1.425411845,0,-0.687008106,3.23432685,0.738403739
N Pradeep ,SL,-6.95,18.93106061,16,11.98106061,-0.434375,-0.711749166,1.183191288,-0.047964446,0.748816288,-0.759713612
N Rana ,IND,-2.75,0,2,-2.75,-1.375,-1.259699683,0,-0.687008106,-1.375,-1.94670779
N Thushara ,SL,-11.825,81.50595238,20,69.68095238,-0.59125,-0.803134933,4.075297619,1.514067186,3.484047619,0.710932252
N Vimukthi ,SL,-1.75,5.075,1,3.325,-1.75,-1.478151717,5.075,2.054008171,3.325,0.575856454
NA Rock ,IRE,-7.560347985,0,13,-7.560347985,-0.58156523,-0.797493179,0,-0.687008106,-0.58156523,-1.484501286
NA Saini ,IND,-2.094444444,44.77282609,11,42.67838164,-0.19040404,-0.569626627,4.070256917,1.511344694,3.879852877,0.941718067
ND McKenzie ,RSA,-0.1875,0,2,-0.1875,-0.09375,-0.513321902,0,-0.687008106,-0.09375,-1.200330009
NE Bonner ,WI,-0.206818182,-0.8,2,-1.006818182,-0.103409091,-0.518948697,-0.4,-0.903048798,-0.503409091,-1.421997495
NG Jones ,IRE,5.481818182,-0.3,3,5.181818182,1.827272727,0.605748287,-0.1,-0.741018279,1.727272727,-0.135269992
NJ Astle ,NZL,8.492263142,12.60588235,4,21.0981455,2.123065786,0.778059207,3.151470588,1.015106609,5.274536374,1.793165816
NJ Maddinson ,AUS,2.466666667,0,6,2.466666667,0.411111111,-0.219220739,0,-0.687008106,0.411111111,-0.906228845
NJ O'Brien ,IRE,21.88324946,0,14,21.88324946,1.563089247,0.451851171,0,-0.687008106,1.563089247,-0.235156935
NJ Reardon ,AUS,-2,0,2,-2,-1,-1.04124765,0,-0.687008106,-1,-1.728255756
NL McCullum ,NZL,-8.094734269,190.0054189,61,181.9106846,-0.132700562,-0.536012114,3.114842932,0.995323948,2.98214237,0.459311834
NLTC Perera ,SL,157.0916586,63.59626623,79,220.6879249,1.988502008,0.699670592,0.805016028,-0.252217557,2.793518036,0.447453034
NM Coulter-Nile ,AUS,8.324782891,89.74166667,27,98.06644956,0.308325292,-0.279097462,3.323765432,1.108163352,3.632090724,0.82906589
NM Hauritz ,AUS,-2.402380952,7.525,3,5.122619048,-0.800793651,-0.925202231,2.508333333,0.667747065,1.707539683,-0.257455166
NM Lyon ,AUS,-0.25,-0.975,2,-1.225,-0.125,-0.531526239,-0.4875,-0.9503077,-0.6125,-1.481833938
NO Miller ,WI,1.25224359,36.70530303,9,37.95754662,0.139138177,-0.377655514,4.078367003,1.515724965,4.21750518,1.138069452
NT Broom ,NZL,3.733562271,0,11,3.733562271,0.339414752,-0.260986647,0,-0.687008106,0.339414752,-0.947994753
NT Ellis ,AUS,-16.11558442,118.8454545,24,102.7298701,-0.671482684,-0.849873581,4.951893939,1.987518374,4.280411255,1.137644793
NT Tilak Varma ,IND,129.3234195,10.1,24,139.4234195,5.388475813,2.680287102,0.420833333,-0.459715295,5.809309146,2.220571807
NV Ojha ,IND,-3.455555556,0,2,-3.455555556,-1.727777778,-1.465206411,0,-0.687008106,-1.727777778,-2.152214518
NW Bracken ,AUS,-1.476515152,72.54746377,19,71.07094862,-0.077711324,-0.503978752,3.818287567,1.375255612,3.740576243,0.87127686
Nadif Chowdhury ,BAN,1.379761905,0,3,1.379761905,0.459920635,-0.1907873,0,-0.687008106,0.459920635,-0.877795406
Naeem Islam ,BAN,12.45711527,6.991666667,10,19.44878194,1.245711527,0.266966349,0.699166667,-0.309386981,1.944878194,-0.042420632
Najeeb Tarakai ,AFG,26.83974635,0,8,26.83974635,3.354968294,1.495690162,0,-0.687008106,3.354968294,0.808682055
Najibullah Zadran ,AFG,164.3568807,0,76,164.3568807,2.162590535,0.801083906,0,-0.687008106,2.162590535,0.114075799
Najmul Hossain Shanto ,BAN,99.62774495,-1.9,43,97.72774495,2.316924301,0.890989306,-0.044186047,-0.710873067,2.272738255,0.180116239
Nangeyalia Kharote ,AFG,-8.910714286,15.34166667,6,6.430952381,-1.485119048,-1.323848296,2.556944444,0.69400201,1.071825397,-0.629846286
Naseem Shah ,PAK,-3.071825397,49.15789474,26,46.08606934,-0.118147131,-0.527534177,1.890688259,0.334155892,1.772541128,-0.193378284
Nasir Hossain ,BAN,36.41865251,12.30543478,25,48.72408729,1.4567461,0.389902167,0.492217391,-0.421160642,1.948963492,-0.031258475
Nasir Jamshed ,PAK,38.80933922,0,18,38.80933922,2.156074401,0.797288005,0,-0.687008106,2.156074401,0.110279899
Nasum Ahmed ,BAN,-11.07990196,113.1528075,34,102.0729055,-0.325879469,-0.648546315,3.32802375,1.110463276,3.00214428,0.461916962
Nauman Anwar ,PAK,4.1,0,1,4.1,4.1,1.929700005,0,-0.687008106,4.1,1.242691898
Naved-ul-Hasan ,PAK,2.599206349,16.59166667,4,19.19087302,0.649801587,-0.080174286,4.147916667,1.553288859,4.797718254,1.473114573
Naveen-ul-Haq ,AFG,-16.47970085,167.4392857,38,150.9595849,-0.433676338,-0.711342169,4.406296992,1.69284052,3.972620654,0.981498351
Nawroz Mangal ,AFG,5.814520202,1.191666667,12,7.006186869,0.48454335,-0.176443614,0.099305556,-0.633373004,0.583848906,-0.809816618
Nazimuddin ,BAN,9.855147059,0,6,9.855147059,1.64252451,0.49812529,0,-0.687008106,1.64252451,-0.188882816
Nazmul Hossain ,BAN,-5.5,0.6,3,-4.9,-1.833333333,-1.526696613,0.2,-0.578987761,-1.633333333,-2.105684374
Nazmul Islam ,BAN,1.294444444,34.15,13,35.44444444,0.09957265,-0.400703967,2.626923077,0.731797591,2.726495726,0.331093624
Nazmus Sadat ,BAN,0.083333333,0,1,0.083333333,0.083333333,-0.410163998,0,-0.687008106,0.083333333,-1.097172104
Nijat Masood ,AFG,-0.75,11.1,3,10.35,-0.25,-0.604343583,3.7,1.311368293,3.45,0.70702471
Noor Ahmad ,AFG,-9.269444444,15.66666667,11,6.397222222,-0.842676768,-0.94960077,1.424242424,0.08222769,0.581565657,-0.86737308
Noor Ali Zadran ,AFG,31.09153446,0,13,31.09153446,2.391656497,0.934523706,0,-0.687008106,2.391656497,0.2475156
Nurul Hasan ,BAN,30.82730958,0,39,30.82730958,0.790443835,0.001755274,0,-0.687008106,0.790443835,-0.685252832
O Thomas ,WI,-13.94166667,46.83333333,21,32.89166667,-0.663888889,-0.845449901,2.23015873,0.517504481,1.566269841,-0.327945421
OA Shah ,ENG,47.69439181,0,16,47.69439181,2.980899488,1.277780585,0,-0.687008106,2.980899488,0.590772479
OC McCoy ,WI,-8.435714286,137.3059524,40,128.8702381,-0.210892857,-0.581562157,3.43264881,1.166971452,3.221755952,0.585409296
OEG Baartman ,RSA,-6.875,38.625,10,31.75,-0.6875,-0.859204289,3.8625,1.399134824,3.175,0.539930535
OF Smith ,WI,26.76642157,44.66666667,26,71.43308824,1.029477753,0.141001795,1.717948718,0.240858967,2.747426471,0.381860762
OP Stone ,ENG,-3.75,-0.8,1,-4.55,-3.75,-2.643229228,-0.8,-1.11908949,-4.55,-3.762318718
Omair Yousuf ,PAK,2.992393571,0,6,2.992393571,0.498732262,-0.168178023,0,-0.687008106,0.498732262,-0.855186129
P Awana ,IND,0,0,2,0,0,-0.458708894,0,-0.687008106,0,-1.145717
P Jayawickrama ,SL,-3.25,2.357142857,5,-0.892857143,-0.65,-0.837359085,0.471428571,-0.43238872,-0.178571429,-1.269747805
P Kumar ,IND,-8.25,27.66666667,10,19.41666667,-0.825,-0.939303368,2.766666667,0.807273345,1.941666667,-0.132030023
P Mustard ,ENG,11.51282051,0,2,11.51282051,5.756410256,2.894623175,0,-0.687008106,5.756410256,2.207615068
P Nissanka ,SL,237.4374231,0,59,237.4374231,4.024363103,1.885638581,0,-0.687008106,4.024363103,1.198630474
P Utseya ,ZIM,-24.75586219,71.93550725,31,47.17964505,-0.7985762,-0.92391048,2.320500234,0.566298083,1.521924034,-0.357612397
PA Hitchcock ,NZL,1.629545455,3.033333333,1,4.662878788,1.629545455,0.490564488,3.033333333,0.951300473,4.662878788,1.441864961
PA Nixon ,ENG,5.247727273,0,1,5.247727273,5.247727273,2.598295622,0,-0.687008106,5.247727273,1.911287516
PA Patel ,IND,4.033333333,0,2,4.033333333,2.016666667,0.716077597,0,-0.687008106,2.016666667,0.02906949
PADLR Sandakan ,SL,-8.66461039,79.0530303,20,70.38841991,-0.433230519,-0.711082462,3.952651515,1.447825813,3.519420996,0.736743351
PBB Rajapaksa ,SL,78.71789649,0,39,78.71789649,2.018407602,0.717091759,0,-0.687008106,2.018407602,0.030083653
PC Connell ,IRE,-6.625,-4.971428571,3,-11.59642857,-2.208333333,-1.745148647,-1.657142857,-1.58203383,-3.86547619,-3.327182476
PC de Silva ,SL,-0.575,-7.6,2,-8.175,-0.2875,-0.626188786,-3.8,-2.739394678,-4.0875,-3.365583465
PD Collingwood ,ENG,63.27239459,25.6,34,88.87239459,1.860952782,0.625368224,0.752941176,-0.280343275,2.613893958,0.345024949
PD McGlashan ,NZL,-1.958012821,0,10,-1.958012821,-0.195801282,-0.572770729,0,-0.687008106,-0.195801282,-1.259778836
PD Salt ,ENG,189.4282453,0,39,189.4282453,4.857134496,2.370760192,0,-0.687008106,4.857134496,1.683752086
PDRL Perera ,SL,0,0,2,0,0,-0.458708894,0,-0.687008106,0,-1.145717
PE Kruger ,RSA,6.606089744,20.9,7,27.50608974,0.943727106,0.09104872,2.985714286,0.925581343,3.929441392,1.016630063
PG Fulton ,NZL,-6.650510632,0,11,-6.650510632,-0.604591876,-0.810907093,0,-0.687008106,-0.604591876,-1.4979152
PHKD Mendis ,SL,40.11000755,4.083333333,23,44.19334088,1.743913372,0.557188232,0.177536232,-0.591120481,1.921449603,-0.033932249
PJ Cummins ,AUS,14.8762987,214.7,56,229.5762987,0.265648191,-0.303958527,3.833928571,1.383703346,4.099576763,1.079744818
PJ Hughes ,AUS,-0.825,0,1,-0.825,-0.825,-0.939303368,0,-0.687008106,-0.825,-1.626311474
PJ Ingram ,NZL,-4.426086957,0,3,-4.426086957,-1.475362319,-1.318164624,0,-0.687008106,-1.475362319,-2.00517273
PJ Moor ,ZIM,40.10111491,0,17,40.10111491,2.358889112,0.915435434,0,-0.687008106,2.358889112,0.228427328
PJ van Biljon ,RSA,14.9592803,0,10,14.9592803,1.49592803,0.41272716,0,-0.687008106,1.49592803,-0.274280947
PKD Chase ,IRE,-5.866666667,31.30833333,7,25.44166667,-0.838095238,-0.946931851,4.472619048,1.728661176,3.63452381,0.781729325
PM Nevill ,AUS,20.925,0,9,20.925,2.325,0.895693713,0,-0.687008106,2.325,0.208685607
PM Siddle ,AUS,-0.625,9.9,2,9.275,-0.3125,-0.640752255,4.95,1.986495454,4.6375,1.345743199
PP Chawla ,IND,-3.75,15.65,7,11.9,-0.535714286,-0.770783228,2.235714286,0.520505046,1.7,-0.250278182
PP Ojha ,IND,2.666666667,33.61666667,6,36.28333333,0.444444444,-0.19980278,5.602777778,2.339061861,6.047222222,2.139259081
PP Shaw ,IND,-3.75,0,1,-3.75,-3.75,-2.643229228,0,-0.687008106,-3.75,-3.330237335
PR Brown ,ENG,-1.638888889,3.341666667,4,1.702777778,-0.409722222,-0.697387968,0.835416667,-0.23579812,0.425694444,-0.933186088
PR Stirling ,IRE,261.6078332,14.24166667,84,275.8494999,3.114378967,1.355537554,0.169543651,-0.595437287,3.283922617,0.760100267
PSP Handscomb ,AUS,2.369444444,0,2,2.369444444,1.184722222,0.231437715,0,-0.687008106,1.184722222,-0.455570391
PVD Chameera ,SL,-11.78809524,136.434878,50,124.6467827,-0.235761905,-0.596049341,2.728697559,0.786766164,2.492935654,0.190716824
PW Hasaranga ,SL,49.33693928,379.6083333,73,428.9452726,0.675848483,-0.065000959,5.200114155,2.121582542,5.875962639,2.056581583
PWA Mulder ,RSA,8.179990842,12,11,20.17999084,0.743635531,-0.025512377,1.090909091,-0.09780622,1.834544622,-0.123318597
Parvez Hossain Emon ,BAN,30.39305904,0,14,30.39305904,2.170932789,0.805943592,0,-0.687008106,2.170932789,0.118935485
Parvez Rasool ,IND,-1.041666667,2.95,1,1.908333333,-1.041666667,-1.065520098,2.95,0.906291995,1.908333333,-0.159228103
Pramod Madushan ,SL,-2.791666667,23.72884615,6,20.93717949,-0.465277778,-0.729751232,3.954807692,1.448990368,3.489529915,0.719239136
Q de Kock ,RSA,387.3994202,0,87,387.3994202,4.452866899,2.135258649,0,-0.687008106,4.452866899,1.448250543
Qais Ahmad ,AFG,-2.177777778,32.44166667,8,30.26388889,-0.272222222,-0.617288889,4.055208333,1.503216928,3.782986111,0.885928039
Qasim Akram ,PAK,2.26547619,2.45,3,4.71547619,0.75515873,-0.018799667,0.816666667,-0.245925027,1.571825397,-0.264724694
R Ashwin ,IND,25.16317641,229.4601449,62,254.6233213,0.405857684,-0.222281064,3.700970079,1.311892234,4.106827763,1.08961117
R Dhawan ,IND,-1.875,1.7,1,-0.175,-1.875,-1.550969061,1.7,0.231164834,-0.175,-1.319804228
R Dravid ,IND,5.31547619,0,1,5.31547619,5.31547619,2.637761993,0,-0.687008106,5.31547619,1.950753886
R Frylinck ,RSA,0,0,3,0,0,-0.458708894,0,-0.687008106,0,-1.145717
R McLaren ,RSA,-5.5,50.92173913,12,45.42173913,-0.458333333,-0.725705824,4.243478261,1.604901841,3.785144928,0.879196017
R Mondol ,BAN,-3.75,-0.85,2,-4.6,-1.875,-1.550969061,-0.425,-0.916551341,-2.3,-2.467520403
R Mutumbami ,ZIM,20.67417301,0,21,20.67417301,0.984484429,0.11479144,0,-0.687008106,0.984484429,-0.572216666
R Ngarava ,ZIM,-26.31845238,151.2422591,50,124.9238067,-0.526369048,-0.765339264,3.024845181,0.946716007,2.498476134,0.181376743
R Parag ,IND,19.42457265,16,9,35.42457265,2.15828585,0.79857626,1.777777778,0.273172746,3.936063628,1.071749006
R Powell ,WI,282.8676492,-5.075,95,277.7926492,2.977554202,1.275831826,-0.053421053,-0.715860909,2.924133149,0.559970917
R Rampaul ,WI,-10.27083333,85.69570715,27,75.42487382,-0.380401235,-0.680307356,3.17391508,1.027228917,2.793513845,0.346921561
R Ravindra ,NZL,49.05704994,33.5,25,82.55704994,1.962281998,0.68439642,1.34,0.036728211,3.302281998,0.721124631
R Sai Kishore ,IND,0,0,2,0,0,-0.458708894,0,-0.687008106,0,-1.145717
R Sharma ,IND,0,0,2,0,0,-0.458708894,0,-0.687008106,0,-1.145717
R Shepherd ,WI,104.4157682,116.3426923,61,220.7584605,1.711733905,0.538442445,1.907257251,0.343104834,3.618991156,0.881547279
R Telemachus ,RSA,1.541666667,6.35,3,7.891666667,0.513888889,-0.1593487,2.116666667,0.456207221,2.630555556,0.296858521
R Vinay Kumar ,IND,-1.75,29.59166667,9,27.84166667,-0.194444444,-0.571980319,3.287962963,1.088826376,3.093518519,0.516846057
RA Herman ,RSA,16.73637387,0,5,16.73637387,3.347274775,1.491208389,0,-0.687008106,3.347274775,0.804200282
RA Jadeja ,IND,61.19428426,155.072514,70,216.2667983,0.874204061,0.050548852,2.215321629,0.509490936,3.08952569,0.560039788
RA Reifer ,WI,5.365217391,-3.6,3,1.765217391,1.788405797,0.583106794,-1.2,-1.335130182,0.588405797,-0.752023388
RA Tripathi ,IND,13.94930556,0,5,13.94930556,2.789861111,1.166493327,0,-0.687008106,2.789861111,0.47948522
RAS Lakmal ,SL,-9.7,11.54848485,11,1.848484848,-0.881818182,-0.972402161,1.049862259,-0.119975685,0.168044077,-1.092377845
RD Chahar ,IND,-0.325,21.625,5,21.3,-0.065,-0.496573913,4.325,1.648931873,4.26,1.15235796
RD Gaikwad ,IND,95.17496824,0,22,95.17496824,4.32613492,2.06143236,0,-0.687008106,4.32613492,1.374424253
RD Rickelton ,RSA,50.58870223,0,16,50.58870223,3.161793889,1.383158584,0,-0.687008106,3.161793889,0.696150478
RE Levi ,RSA,26.4147258,0,13,26.4147258,2.031901984,0.72495276,0,-0.687008106,2.031901984,0.037944654
RE van der Merwe ,RSA,0.225,35.56666667,12,35.79166667,0.01875,-0.447786292,2.963888889,0.913793408,2.982638889,0.466007116
RG Sharma ,IND,599.6503485,-10.86666667,153,588.7836819,3.919283324,1.824425537,-0.071023965,-0.725368273,3.848259359,1.099057264
RJ Gleeson ,ENG,-5.583333333,27.86666667,6,22.28333333,-0.930555556,-1.00079357,4.644444444,1.82146437,3.713888889,0.820670801
RJ Harris ,AUS,2,14.90681818,3,16.90681818,0.666666667,-0.070349723,4.968939394,1.996724654,5.635606061,1.92637493
RJ Kirtley ,ENG,-1.75,-4.8,1,-6.55,-1.75,-1.478151717,-4.8,-3.279496408,-6.55,-4.757648125
RJ Nicol ,NZL,28.67837128,11.93333333,21,40.61170461,1.365636727,0.336827426,0.568253968,-0.380093155,1.933890696,-0.043265729
RJ Peterson ,RSA,4.205103035,77.63333333,21,81.83843637,0.200243002,-0.342059585,3.696825397,1.309653684,3.897068399,0.967594099
RJ Sidebottom ,ENG,0.8,72.16666667,17,72.96666667,0.047058824,-0.431295306,4.245098039,1.605776686,4.292156863,1.174481381
RJMGM Rupasinghe ,SL,1.510714286,0,2,1.510714286,0.755357143,-0.018684084,0,-0.687008106,0.755357143,-0.70569219
RJW Topley ,ENG,-7.2625,78.34569597,32,71.08319597,-0.226953125,-0.590917885,2.448302999,0.635324578,2.221349874,0.044406692
RK Kleinveldt ,RSA,8.282142857,24.875,6,33.15714286,1.380357143,0.345402639,4.145833333,1.552163647,5.526190476,1.897566285
RK Singh ,IND,86.95310303,8.7,32,95.65310303,2.71728447,1.12421462,0.271875,-0.540167949,2.98915947,0.584046671
RL Chase ,WI,66.12395031,61.125,39,127.2489503,1.695485905,0.528977356,1.567307692,0.159497489,3.262793598,0.688474845
RLB Rambukwella ,SL,2.39375,2.875,2,5.26875,1.196875,0.238517179,1.4375,0.08938813,2.634375,0.327905309
RM Hira ,NZL,4.41532634,31.09404762,15,35.50937396,0.294355089,-0.287235647,2.072936508,0.432588487,2.367291597,0.14535284
RM West ,IRE,-2.825,9.375,5,6.55,-0.565,-0.787843291,1.875,0.325682636,1.31,-0.462160655
RMS Eranga ,SL,-0.557142857,8.641666667,3,8.08452381,-0.185714286,-0.566894663,2.880555556,0.868784931,2.69484127,0.301890268
RN Lewis ,WI,-3.75,-0.8,1,-4.55,-3.75,-2.643229228,-0.8,-1.11908949,-4.55,-3.762318718
RP Arnold ,SL,-0.375,0,1,-0.375,-0.375,-0.677160927,0,-0.687008106,-0.375,-1.364169034
RP Burl ,ZIM,105.1669951,76.60833333,60,181.7753284,1.752783251,0.56235528,1.276805556,0.002596782,3.029588806,0.564952062
RP Meredith ,AUS,0,0,5,0,0,-0.458708894,0,-0.687008106,0,-1.145717
RP Singh ,IND,-1.125,50.75833333,9,49.63333333,-0.125,-0.531526239,5.639814815,2.359065629,5.514814815,1.82753939
RR Emrit ,WI,-2.666666667,8.3,4,5.633333333,-0.666666667,-0.847068065,2.075,0.433702982,1.408333333,-0.413365082
RR Hendricks ,RSA,331.0039597,-8.517647059,80,322.4863126,4.137549496,1.951574042,-0.106470588,-0.744513055,4.031078908,1.207060986
RR Pant ,IND,149.6690047,0,72,149.6690047,2.078736176,0.752235492,0,-0.687008106,2.078736176,0.065227385
RR Rossouw ,RSA,124.5667074,0,28,124.5667074,4.44881098,2.132895919,0,-0.687008106,4.44881098,1.445887813
RR Sarwan ,WI,32.18673749,7.7,18,39.88673749,1.788152083,0.582958996,0.427777778,-0.455964589,2.215929861,0.126994407
RS Bopara ,ENG,70.22419695,44.01136364,36,114.2355606,1.950672137,0.677633226,1.222537879,-0.026713284,3.173210016,0.650919942
RS Fernando ,SL,-0.075,-4.8,1,-4.875,-0.075,-0.502399301,-4.8,-3.279496408,-4.875,-3.781895709
RS Morton ,WI,2.500730739,0,7,2.500730739,0.357247248,-0.250598526,0,-0.687008106,0.357247248,-0.937606633
RT Ponting ,AUS,47.36584309,0,17,47.36584309,2.786226064,1.164375771,0,-0.687008106,2.786226064,0.477367664
RTM Mendis ,SL,-3.375,7.766666667,4,4.391666667,-0.84375,-0.950225969,1.941666667,0.361689418,1.097916667,-0.588536551
RV Uthappa ,IND,26.46396093,0,12,26.46396093,2.205330077,0.825981346,0,-0.687008106,2.205330077,0.138973239
RW Chakabva ,ZIM,18.17176781,0,30,18.17176781,0.605725594,-0.10585026,0,-0.687008106,0.605725594,-0.792858367
RW Price ,ZIM,-15.24166667,40.62738095,14,25.38571429,-1.088690476,-1.09291329,2.901955782,0.88034323,1.813265306,-0.212570059
Raees Ahmadzai ,AFG,8.066666667,0,5,8.066666667,1.613333333,0.481120299,0,-0.687008106,1.613333333,-0.205887808
Rafatullah Mohmand ,PAK,-0.779166667,0,3,-0.779166667,-0.259722222,-0.610007154,0,-0.687008106,-0.259722222,-1.297015261
Rahmanullah Gurbaz ,AFG,183.8704784,0,56,183.8704784,3.2834014,1.453999672,0,-0.687008106,3.2834014,0.766991566
Rahmat Shah ,AFG,-2.125,0,1,-2.125,-2.125,-1.69660375,0,-0.687008106,-2.125,-2.383611857
Rakibul Hasan ,BAN,12.48333333,-0.85,2,11.63333333,6.241666667,3.17730384,-0.425,-0.916551341,5.816666667,2.260752499
Ramandeep Singh ,IND,5.175,0.65,2,5.825,2.5875,1.048610137,0.325,-0.511475044,2.9125,0.537135092
Rameez Raja (2) ,PAK,-0.52037037,0,2,-0.52037037,-0.260185185,-0.610276848,0,-0.687008106,-0.260185185,-1.297284955
Raqibul Hasan ,BAN,-1.763461538,0,5,-1.763461538,-0.352692308,-0.664165832,0,-0.687008106,-0.352692308,-1.351173939
Rashid Khan ,AFG,40.01066287,472.7666667,78,512.7773295,0.512957216,-0.159891435,6.061111111,2.586608487,6.574068327,2.426717052
Ravi Bishnoi ,IND,4.5875,196.4916667,41,201.0791667,0.111890244,-0.393528491,4.792479675,1.901418454,4.904369919,1.507889964
Raza Hasan ,PAK,-0.108333333,43.20833333,10,43.1,-0.010833333,-0.465019731,4.320833333,1.64668145,4.31,1.181661719
Rehan Ahmed ,ENG,4.170238095,29.38333333,10,33.55357143,0.41702381,-0.215776363,2.938333333,0.899990809,3.355357143,0.684214446
Rishad Hossain ,BAN,-0.04478022,100.2083333,32,100.1635531,-0.001399382,-0.459524088,3.131510417,1.004326085,3.130111035,0.544801997
Robiul Islam ,BAN,0,0,1,0,0,-0.458708894,0,-0.687008106,0,-1.145717
Rohail Nazir ,PAK,-0.333333333,0,2,-0.333333333,-0.166666667,-0.555798687,0,-0.687008106,-0.166666667,-1.242806793
Rony Talukdar ,BAN,32.43271122,0,11,32.43271122,2.948428293,1.258864856,0,-0.687008106,2.948428293,0.571856749
Rubel Hossain ,BAN,-22.53333333,63.81317523,27,41.2798419,-0.834567901,-0.944877041,2.363450934,0.589495831,1.528883033,-0.35538121
Rumman Raees ,PAK,0,0,5,0,0,-0.458708894,0,-0.687008106,0,-1.145717
S Aravind ,IND,0,0,1,0,0,-0.458708894,0,-0.687008106,0,-1.145717
S Badree ,WI,-15.56742424,204.675,49,189.1075758,-0.317702536,-0.643782934,4.177040816,1.569018862,3.859338281,0.925235929
S Badrinath ,IND,6.030405405,0,1,6.030405405,6.030405405,3.054235968,0,-0.687008106,6.030405405,2.367227862
S Chanderpaul ,WI,30.16414359,0,22,30.16414359,1.371097436,0.3400085,0,-0.687008106,1.371097436,-0.346999606
S Daniel ,SL,1.725,0,1,1.725,1.725,0.54617046,0,-0.687008106,1.725,-0.140837647
S Dhawan ,IND,231.3256003,0,67,231.3256003,3.4526209,1.552576589,0,-0.687008106,3.4526209,0.865568483
S Dube ,IND,67.6391296,12.19166667,33,79.83079627,2.049670594,0.735303664,0.369444444,-0.487470523,2.419115038,0.247833141
S Joseph ,WI,5.35,30.35833333,12,35.70833333,0.445833333,-0.198993699,2.529861111,0.679374255,2.975694444,0.480380556
S Kaul ,IND,0,0,3,0,0,-0.458708894,0,-0.687008106,0,-1.145717
S Mahmood ,ENG,-9.80530303,56.1,19,46.29469697,-0.516068581,-0.759338843,2.952631579,0.907713316,2.436562998,0.148374473
S Matsikenyeri ,ZIM,-7.772913855,-1.15,8,-8.922913855,-0.971614232,-1.02471184,-0.14375,-0.76464773,-1.115364232,-1.78935957
S Muthusamy ,RSA,-4.393055556,16.20833333,5,11.81527778,-0.878611111,-0.970533918,3.241666667,1.063821667,2.363055556,0.093287749
S Prasanna ,SL,28.90311147,35.80833333,20,64.71144481,1.445155574,0.383150236,1.790416667,0.279999032,3.23557224,0.663149267
S Qeshile,RSA,0,0,2,0,0,-0.458708894,0,-0.687008106,0,-1.145717
S Randiv ,SL,0.05,25.35833333,7,25.40833333,0.007142857,-0.454547903,3.622619048,1.269574706,3.629761905,0.815026803
S Samarawickrama ,SL,28.2651238,0,19,28.2651238,1.487638094,0.407897951,0,-0.687008106,1.487638094,-0.279110156
S Sandeep Warrier ,IND,0,0,1,0,0,-0.458708894,0,-0.687008106,0,-1.145717
S Sreesanth ,IND,-0.966666667,23.46666667,9,22.5,-0.107407407,-0.521277872,2.607407407,0.721257144,2.5,0.199979272
S Tyagi ,IND,0,0,1,0,0,-0.458708894,0,-0.687008106,0,-1.145717
SA Abbott ,AUS,-11.25416667,57.42463768,22,46.17047101,-0.51155303,-0.75670836,2.610210804,0.722771263,2.098657773,-0.033937097
SA Yadav ,IND,426.2210404,7.7,78,433.9210404,5.464372313,2.724499755,0.098717949,-0.633690372,5.563090262,2.090809383
SB Styris ,NZL,66.80708157,63.825,29,130.6320816,2.303692468,0.88328125,2.200862069,0.501681303,4.504554537,1.384962553
SC Getkate ,IRE,7.227614053,30.4,14,37.62761405,0.516258147,-0.157968516,2.171428571,0.48578422,2.687686718,0.327815705
SC Kuggeleijn ,NZL,15.43452381,35.26775362,18,50.70227743,0.857473545,0.040802678,1.959319646,0.371223823,2.816793191,0.412026501
SC Meaker ,ENG,0,0,2,0,0,-0.458708894,0,-0.687008106,0,-1.145717
SC Williams ,ZIM,107.5403144,84.95833333,55,192.4986477,1.955278444,0.680316578,1.54469697,0.147285398,3.499975413,0.827601976
SCJ Broad ,ENG,2.142478355,190.15,54,192.2924784,0.039675525,-0.435596363,3.521296296,1.214850113,3.560971821,0.77925375
SD Hope ,WI,161.9136819,0,50,161.9136819,3.238273637,1.427711002,0,-0.687008106,3.238273637,0.740702895
SD Parry ,ENG,0,0,4,0,0,-0.458708894,0,-0.687008106,0,-1.145717
SE Bond ,NZL,-6.822619048,79.3952381,19,72.57261905,-0.359085213,-0.667889947,4.178696742,1.569913231,3.819611529,0.902023283
SE Findlay ,WI,2.815546218,0,2,2.815546218,1.407773109,0.361373502,0,-0.687008106,1.407773109,-0.325634605
SE Marsh ,AUS,17.78324171,0,15,17.78324171,1.185549447,0.231919606,0,-0.687008106,1.185549447,-0.455088501
SE Rutherford ,WI,69.86452975,-3.366666667,36,66.49786308,1.940681382,0.671813224,-0.093518519,-0.73751762,1.847162863,-0.065704396
SF Mire ,ZIM,36.626754,-5.708333333,8,30.91842066,4.57834425,2.208354069,-0.713541667,-1.072393195,3.864802583,1.135960874
SG Borthwick ,ENG,0.7875,5.075,1,5.8625,0.7875,4.0376184792172e-05,5.075,2.054008171,5.8625,2.054048547
SH Johnson ,AUS,-3.75,38.9712406,8,35.2212406,-0.46875,-0.731773936,4.871405075,1.9440462,4.402655075,1.212272264
SHA Rance ,NZL,-6.323529412,26.56666667,8,20.24313725,-0.790441176,-0.919171514,3.320833333,1.10657972,2.530392157,0.187408207
SHT Kandamby ,SL,-4.922619048,0,4,-4.922619048,-1.230654762,-1.175612988,0,-0.687008106,-1.230654762,-1.862621094
SI Mahmood ,ENG,-3.875,2.675,4,-1.2,-0.96875,-1.023043314,0.66875,-0.325815075,-0.3,-1.348858389
SI de Saram,SL,0,0,1,0,0,-0.458708894,0,-0.687008106,0,-1.145717
SJ Benn ,WI,-0.107638889,69.09166667,24,68.98402778,-0.004484954,-0.461321553,2.878819444,0.867847254,2.874334491,0.406525701
SJ Harmison ,ENG,0,0,2,0,0,-0.458708894,0,-0.687008106,0,-1.145717
SK Raina ,IND,226.6181308,33.08859649,77,259.7067273,2.943092608,1.255756612,0.429722032,-0.454914494,3.37281464,0.800842119
SK Springer ,WI,0.341666667,1.65,2,1.991666667,0.170833333,-0.359191857,0.825,-0.24142418,0.995833333,-0.600616036
SL Malinga ,SL,-34.48845299,319.5481037,81,285.0596507,-0.42578337,-0.706744209,3.945038317,1.443713912,3.519254947,0.736969703
SM Boland ,AUS,0,0,3,0,0,-0.458708894,0,-0.687008106,0,-1.145717
SM Curran ,ENG,39.639754,133.4120047,56,173.0517587,0.70785275,-0.046357234,2.382357226,0.599707152,3.090209976,0.553349918
SM Davies ,ENG,15.40830281,0,5,15.40830281,3.081660562,1.336477815,0,-0.687008106,3.081660562,0.649469709
SM Harwood ,AUS,0,0,3,0,0,-0.458708894,0,-0.687008106,0,-1.145717
SM Katich ,AUS,11.95681818,0,3,11.95681818,3.985606061,1.863061102,0,-0.687008106,3.985606061,1.176052995
SM Pollock ,RSA,-2.367557932,50.06904762,12,47.70148969,-0.197296494,-0.573641748,4.172420635,1.566523494,3.975124141,0.992881746
SMA Priyanjan ,SL,4.3,0,3,4.3,1.433333333,0.376263323,0,-0.687008106,1.433333333,-0.310744784
SMLD Samarakoon ,SL,-2.791666667,5.283333333,1,2.491666667,-2.791666667,-2.084962921,5.283333333,2.166529364,2.491666667,0.081566443
SMSM Senanayake ,SL,-9.715530303,89.01666667,23,79.30113636,-0.422414361,-0.70478163,3.870289855,1.403342138,3.447875494,0.698560507
SN Thakur ,IND,13.6547619,84.94166667,25,98.59642857,0.546190476,-0.140531774,3.397666667,1.148077536,3.943857143,1.007545763
SNJ O'Keefe ,AUS,-0.654166667,17.275,7,16.62083333,-0.093452381,-0.513148528,2.467857143,0.645885804,2.374404762,0.132737277
SO Hetmyer ,WI,140.306916,0,69,140.306916,2.033433565,0.725844965,0,-0.687008106,2.033433565,0.038836859
SP Fleming ,NZL,16.31897894,0,5,16.31897894,3.263795788,1.442578643,0,-0.687008106,3.263795788,0.755570537
SP Narine ,WI,10.21469511,203.1560606,51,213.3707557,0.200288139,-0.342033291,3.983452169,1.464461299,4.183740308,1.122428009
SPD Smith ,AUS,133.9136595,52.59166667,67,186.5053262,1.998711336,0.705617921,0.784950249,-0.26305512,2.783661585,0.442562802
SR Clark ,AUS,0,0,9,0,0,-0.458708894,0,-0.687008106,0,-1.145717
SR Patel ,ENG,9.811201299,14.20833333,18,24.01953463,0.545066739,-0.141186394,0.789351852,-0.260677806,1.334418591,-0.4018642
SR Tendulkar ,IND,0.183333333,4.55,1,4.733333333,0.183333333,-0.351910122,4.55,1.770454763,4.733333333,1.41854464
SR Thompson ,IRE,19.74047619,-2.133333333,12,17.60714286,1.645039683,0.499590476,-0.177777778,-0.783026192,1.467261905,-0.283435716
SR Watson ,AUS,218.1469185,143.2341423,58,361.3810608,3.761153766,1.732308942,2.469554178,0.646802376,6.230707945,2.379111318
SS Cottrell ,WI,-16.6202381,155.7242651,45,139.104027,-0.369338624,-0.673862957,3.460539224,1.182035113,3.0912006,0.508172157
SS Iyer ,IND,152.417919,0.7,51,153.117919,2.988586647,1.282258653,0.01372549,-0.679594945,3.002312137,0.602663707
SS Pathirana ,SL,-2.225,15.69117647,5,13.46617647,-0.445,-0.71793864,3.138235294,1.007958203,2.693235294,0.290019563
SSB Magala ,RSA,11.9875,7.783333333,6,19.77083333,1.997916667,0.705154995,1.297222222,0.013623859,3.295138889,0.718778855
SSD Arachchige ,SL,1.396551724,6.485714286,1,7.88226601,1.396551724,0.35483661,6.485714286,2.815937396,7.88226601,3.170774006
SSJ Brooks ,WI,23.68302139,0,12,23.68302139,1.973585116,0.690980924,0,-0.687008106,1.973585116,0.003972817
ST Doheny ,IRE,-2.890384615,0,3,-2.890384615,-0.963461538,-1.01996258,0,-0.687008106,-0.963461538,-1.706970686
ST Finn ,ENG,-2.783333333,88.45,21,85.66666667,-0.132539683,-0.535918396,4.211904762,1.58784894,4.079365079,1.051930544
ST Gabriel ,WI,0,0,2,0,0,-0.458708894,0,-0.687008106,0,-1.145717
ST Jayasuriya ,SL,59.00944258,51.05909091,29,110.0685335,2.034808365,0.726645839,1.760658307,0.26392649,3.795466672,0.990572329
ST de Silva ,SL,-5.875,-1.3,3,-7.175,-1.958333333,-1.599513958,-0.433333333,-0.921052189,-2.391666667,-2.520566147
STR Binny ,IND,5.167028986,-7.15,3,-1.982971014,1.722342995,0.544622652,-2.383333333,-1.974250562,-0.660990338,-1.42962791
SV Samson ,IND,122.2791384,0,42,122.2791384,2.911408056,1.237299133,0,-0.687008106,2.911408056,0.550291026
SW Billings ,ENG,50.7186042,0,36,50.7186042,1.408850117,0.3620009,0,-0.687008106,1.408850117,-0.325007206
SW Masakadza ,ZIM,-9.717857143,-0.188235294,7,-9.906092437,-1.388265306,-1.267427238,-0.026890756,-0.70153185,-1.415156062,-1.968959089
SW Poynter ,IRE,15.93611111,0,6,15.93611111,2.656018519,1.088524829,0,-0.687008106,2.656018519,0.401516723
SW Tait ,AUS,-8.791666667,97.91969697,21,89.1280303,-0.418650794,-0.702589207,4.662842713,1.831401307,4.244191919,1.1288121
Saad Nasim ,PAK,2.715029762,-2.3,3,0.415029762,0.905009921,0.068494459,-0.766666667,-1.101086099,0.138343254,-1.03259164
Sabbir Rahman ,BAN,100.3782135,13.91153846,41,114.2897519,2.448249109,0.967491096,0.339305816,-0.503748448,2.787554925,0.463742647
Saeed Ajmal ,PAK,-7.304761905,303.3859964,63,296.0812345,-0.115948602,-0.526253448,4.815650736,1.913933184,4.699702134,1.387679736
Sahibzada Farhan ,PAK,38.34632357,0,15,38.34632357,2.556421571,1.030505748,0,-0.687008106,2.556421571,0.343497641
Saif Hassan ,BAN,-13.1875,-0.6,4,-13.7875,-3.296875,-2.379266355,-0.15,-0.768023366,-3.446875,-3.147289721
Saim Ayub ,PAK,95.68729738,19.2,35,114.8872974,2.733922782,1.133907082,0.548571429,-0.390723729,3.282494211,0.743183353
Sajedul Islam ,BAN,0,0,1,0,0,-0.458708894,0,-0.687008106,0,-1.145717
Salman Butt ,PAK,56.00865236,0,20,56.00865236,2.800432618,1.172651639,0,-0.687008106,2.800432618,0.485643533
Salman Mirza ,PAK,-3.75,28.93928571,3,25.18928571,-1.25,-1.186882339,9.646428571,4.523044648,8.396428571,3.336162309
Samiullah Shinwari ,AFG,39.17887135,24.225,33,63.40387135,1.187238526,0.23290356,0.734090909,-0.290524337,1.921329435,-0.057620777
Sandeep Sharma ,IND,-0.625,0.108333333,2,-0.516666667,-0.3125,-0.640752255,0.054166667,-0.657752596,-0.258333333,-1.298504851
Saqlain Sajib ,BAN,0,0,1,0,0,-0.458708894,0,-0.687008106,0,-1.145717
Sarfaraz Ahmed ,PAK,78.84499556,0,55,78.84499556,1.433545374,0.376386844,0,-0.687008106,1.433545374,-0.310621262
Sayed Shirzad ,AFG,0,0,2,0,0,-0.458708894,0,-0.687008106,0,-1.145717
Sediqullah Atal ,AFG,-0.96468515,0,9,-0.96468515,-0.107187239,-0.521149615,0,-0.687008106,-0.107187239,-1.208157721
Shabbir Ahmed ,PAK,0,0,1,0,0,-0.458708894,0,-0.687008106,0,-1.145717
Shadab Khan ,PAK,90.71501325,311.4503623,101,402.1653756,0.898168448,0.064509036,3.083666954,0.978485748,3.981835402,1.042994784
Shafiqullah ,AFG,39.3105657,0,28,39.3105657,1.403948775,0.359145679,0,-0.687008106,1.403948775,-0.327862428
Shafiul Islam ,BAN,-9.345299145,51.3625,19,42.01720085,-0.49185785,-0.745235154,2.703289474,0.773043213,2.211431624,0.02780806
Shahadat Hossain ,BAN,-7.791666667,5.616666667,6,-2.175,-1.298611111,-1.215200195,0.936111111,-0.181412876,-0.3625,-1.396613071
Shahadat Hossain (3) ,BAN,-1.339285714,0,2,-1.339285714,-0.669642857,-0.848801811,0,-0.687008106,-0.669642857,-1.535809917
Shahbaz Ahmed ,IND,0,0,2,0,0,-0.458708894,0,-0.687008106,0,-1.145717
Shaheen Shah Afridi ,PAK,1.245325508,315.0811594,76,316.3264849,0.016385862,-0.449163494,4.145804729,1.552148198,4.162190591,1.102984703
Shahid Afridi ,PAK,212.2727913,315.3544118,94,527.6272031,2.258221184,0.856792465,3.354834168,1.12494363,5.613055352,1.981736095
Shahidullah ,AFG,8.705980066,0,3,8.705980066,2.901993355,1.231814705,0,-0.687008106,2.901993355,0.544806598
Shahnawaz Dahani ,PAK,5.916666667,11.00833333,10,16.925,0.591666667,-0.11404013,1.100833333,-0.092446119,1.6925,-0.206486249
Shahriar Nafees ,BAN,4.451470588,0,1,4.451470588,4.451470588,2.134445244,0,-0.687008106,4.451470588,1.447437138
Shahzaib Hasan ,PAK,-2.238823962,0,10,-2.238823962,-0.223882396,-0.589129067,0,-0.687008106,-0.223882396,-1.276137173
Shakeel Ansar ,PAK,-3.75,0,2,-3.75,-1.875,-1.550969061,0,-0.687008106,-1.875,-2.237977168
Shakib Al Hasan ,BAN,237.1193385,421.3821598,112,658.5014984,2.117136951,0.774605432,3.762340713,1.345038619,5.879477664,2.119644051
Shamim Hossain ,BAN,57.79072886,8.225,31,66.01572886,1.86421706,0.627269793,0.265322581,-0.543706922,2.129539641,0.083562871
Shamsur Rahman ,BAN,-0.389583333,0,9,-0.389583333,-0.043287037,-0.483925271,0,-0.687008106,-0.043287037,-1.170933377
Shan Masood ,PAK,42.22215025,0,18,42.22215025,2.345675014,0.90773771,0,-0.687008106,2.345675014,0.220729604
Shapoor Zadran ,AFG,-14.40753119,51.82261905,21,37.41508785,-0.686072914,-0.858372956,2.467743764,0.645824568,1.78167085,-0.212548387
Sharafuddin Ashraf ,AFG,-8.996428571,19.74166667,14,10.7452381,-0.642602041,-0.833049487,1.410119048,0.07459963,0.767517007,-0.758449858
Sharjeel Khan ,PAK,62.98663296,0,20,62.98663296,3.149331648,1.375898846,0,-0.687008106,3.149331648,0.68889074
Shivam Mavi ,IND,3.6,19.325,6,22.925,0.6,-0.109185641,3.220833333,1.052569547,3.820833333,0.943383907
Shoaib Akhtar ,PAK,0.641666667,47.80833333,13,48.45,0.049358974,-0.429955379,3.677564103,1.299250626,3.726923077,0.869295247
Shoaib Khan jnr ,PAK,2.007671958,0,3,2.007671958,0.669223986,-0.068859986,0,-0.687008106,0.669223986,-0.755868092
Shoaib Malik ,PAK,256.7994665,76.275,111,333.0744665,2.313508707,0.88899959,0.687162162,-0.315870634,3.00067087,0.573128956
Shohidul Islam ,BAN,0,0,1,0,0,-0.458708894,0,-0.687008106,0,-1.145717
Shoriful Islam ,BAN,3.794047619,144.4411137,45,148.2351613,0.084312169,-0.409593788,3.209802526,1.046611789,3.294114695,0.637018001
Shubman Gill ,IND,85.47226531,0,21,85.47226531,4.070107872,1.912286682,0,-0.687008106,4.070107872,1.225278575
Shuvagata Hom ,BAN,-0.479201681,8.383333333,5,7.904131653,-0.095840336,-0.514539604,1.676666667,0.21856246,1.580826331,-0.295977144
Sikandar Raza ,ZIM,139.6933975,108.054902,75,247.7482995,1.862578633,0.626315346,1.440732026,0.091133753,3.303310659,0.717449098
Simi Singh ,IRE,-12.59049741,40.53333333,26,27.94283592,-0.4842499,-0.740803229,1.558974359,0.154996641,1.074724459,-0.585806588
Sohag Gazi ,BAN,0.971428571,10.29166667,10,11.26309524,0.097142857,-0.402119415,1.029166667,-0.13115341,1.126309524,-0.533272825
Sohaib Maqsood ,PAK,24.68785221,-2.3,26,22.38785221,0.949532777,0.094430749,-0.088461538,-0.734786336,0.861071239,-0.640355588
Sohail Khan ,PAK,0,0,2,0,0,-0.458708894,0,-0.687008106,0,-1.145717
Sohail Tanvir ,PAK,22.08504829,177.1753623,55,199.2604106,0.401546332,-0.224792593,3.221370224,1.052859523,3.622916556,0.82806693
Sohrawordi Shuvo ,BAN,-2.291666667,-2.3,1,-4.591666667,-2.291666667,-1.793693543,-2.3,-1.929242084,-4.591666667,-3.722935627
Soumya Sarkar ,BAN,135.1225608,5.358333333,79,140.4808942,1.710412162,0.537672479,0.067827004,-0.650374624,1.778239167,-0.112702145
Sufiyan Muqeem ,PAK,-12.16666667,70.8375,12,58.67083333,-1.013888889,-1.049338466,5.903125,2.501279915,4.889236111,1.451941449
Syed Rasel ,BAN,-0.908333333,17.60833333,7,16.7,-0.129761905,-0.534300233,2.51547619,0.671604934,2.385714286,0.137304702
T Banton ,ENG,57.17242578,0,17,57.17242578,3.36308387,1.500417799,0,-0.687008106,3.36308387,0.813409693
T Bavuma ,RSA,59.65935259,0,35,59.65935259,1.704552931,0.53425925,0,-0.687008106,1.704552931,-0.152748857
T Gwandu ,ZIM,-11.30555556,22.63688198,14,11.33132642,-0.807539683,-0.929132056,1.616920141,0.186293258,0.809380459,-0.742838798
T Henderson ,RSA,-3.75,-0.175,1,-3.925,-3.75,-2.643229228,-0.175,-0.781525909,-3.925,-3.424755138
T Hinds ,WI,1.841666667,-1.778571429,2,0.063095238,0.920833333,0.07771221,-0.889285714,-1.167312859,0.031547619,-1.089600648
T Maruma ,ZIM,-3.039199689,-2.3,8,-5.339199689,-0.379899961,-0.680015345,-0.2875,-0.842287354,-0.667399961,-1.522302698
T Marumani ,ZIM,12.73340922,0,33,12.73340922,0.385860886,-0.233929974,0,-0.687008106,0.385860886,-0.92093808
T Munyonga ,ZIM,9.507560568,0,13,9.507560568,0.731350813,-0.032668701,0,-0.687008106,0.731350813,-0.719676808
T Mupariwa ,ZIM,-0.5,2.766666667,3,2.266666667,-0.166666667,-0.555798687,0.922222222,-0.188914289,0.755555556,-0.744712976
T Musekiwa ,ZIM,11.04690971,0,13,11.04690971,0.849762285,0.03631057,0,-0.687008106,0.849762285,-0.650697536
T Muzarabani ,ZIM,-3.25,10.09166667,9,6.841666667,-0.361111111,-0.669070111,1.121296296,-0.081394038,0.760185185,-0.750464149
T Natarajan ,IND,0,0,4,0,0,-0.458708894,0,-0.687008106,0,-1.145717
T Panyangara ,ZIM,1.746428571,58.10833333,10,59.8547619,0.174642857,-0.356972661,5.810833333,2.451433026,5.98547619,2.094460365
T Sangha ,AUS,-1.75,27.275,7,25.525,-0.25,-0.604343583,3.896428571,1.417459704,3.646428571,0.813116121
T Shamsi ,RSA,-32.66666667,266.567803,68,233.9011364,-0.480392157,-0.738555943,3.92011475,1.43025265,3.439722594,0.691696706
T Stubbs ,RSA,100.485064,-13.1,35,87.38506395,2.871001827,1.213760938,-0.374285714,-0.889160468,2.496716113,0.32460047
T Taibu ,ZIM,15.58940457,-2.85,15,12.73940457,1.039293638,0.146719929,-0.19,-0.789627435,0.849293638,-0.642907506
T Thushara ,SL,-4.5,20.65833333,6,16.15833333,-0.75,-0.895612961,3.443055556,1.172592154,2.693055556,0.276979193
TA Blundell ,NZL,2.4375,0,9,2.4375,0.270833333,-0.300937981,0,-0.687008106,0.270833333,-0.987946087
TA Boult ,NZL,-7.413041126,231.9338603,56,224.5208192,-0.132375734,-0.53582289,4.141676078,1.549918306,4.009300343,1.014095416
TAM Siriwardana ,SL,25.86874035,14.06666667,21,39.93540702,1.231844779,0.258888431,0.66984127,-0.325225678,1.901686048,-0.066337247
TB Robinson ,NZL,33.668152,0,12,33.668152,2.805679333,1.175708054,0,-0.687008106,2.805679333,0.488699948
TB de Bruyn ,RSA,4.816666667,0,2,4.816666667,2.408333333,0.94423861,0,-0.687008106,2.408333333,0.257230503
TC Bruce ,NZL,27.84976961,0,17,27.84976961,1.638221742,0.495618761,0,-0.687008106,1.638221742,-0.191389345
TD Astle ,NZL,-5,17.66666667,5,12.66666667,-1,-1.04124765,3.533333333,1.221351338,2.533333333,0.180103688
TD Paine ,AUS,-0.64375,0,10,-0.64375,-0.064375,-0.496209826,0,-0.687008106,-0.064375,-1.183217933
TE Kane ,IRE,4.237121212,3.15,4,7.387121212,1.059280303,0.158362936,0.7875,-0.261677995,1.846780303,-0.103315059
TF van Woerkom ,IRE,0,0,1,0,0,-0.458708894,0,-0.687008106,0,-1.145717
TG Southee ,NZL,29.41153382,448.6684058,119,478.0799396,0.247155746,-0.314731093,3.770322737,1.349349725,4.017478484,1.034618632
TH David ,AUS,155.4086029,0,40,155.4086029,3.885215071,1.80457946,0,-0.687008106,3.885215071,1.117571353
TH Tector ,IRE,-0.930555556,0,2,-0.930555556,-0.465277778,-0.729751232,0,-0.687008106,-0.465277778,-1.416759338
TJ Murtagh ,IRE,-2.375,18.01470588,5,15.63970588,-0.475,-0.735414803,3.602941176,1.258946654,3.127941176,0.523531851
TK Curran ,ENG,1.764285714,69.75833333,30,71.52261905,0.058809524,-0.424450067,2.325277778,0.568878443,2.384087302,0.144428376
TK Musakanda ,ZIM,17.70010823,0,12,17.70010823,1.475009019,0.400541025,0,-0.687008106,1.475009019,-0.286467082
TL Best ,WI,4.597222222,18.11666667,6,22.71388889,0.766203704,-0.012365542,3.019444444,0.94379906,3.785648148,0.931433518
TL Chatara ,ZIM,-13.775,95.82971014,34,82.05471014,-0.405147059,-0.694722758,2.818520887,0.835279899,2.413373828,0.140557141
TL Chivanga ,ZIM,0,0,2,0,0,-0.458708894,0,-0.687008106,0,-1.145717
TL Seifert ,NZL,242.1505252,0,68,242.1505252,3.561037135,1.615733248,0,-0.687008106,3.561037135,0.928725141
TM Dilshan ,SL,215.8224517,19.82380952,76,235.6462613,2.839769102,1.195566665,0.260839599,-0.546128188,3.100608701,0.649438477
TM Dowlin ,WI,8.821875,0,2,8.821875,4.4109375,2.110833149,0,-0.687008106,4.4109375,1.423825043
TM Head ,AUS,156.2837841,-1.7,35,154.5837841,4.465250974,2.142472853,-0.048571429,-0.713241619,4.416679546,1.429231234
TP Kamungozi ,ZIM,0,0,1,0,0,-0.458708894,0,-0.687008106,0,-1.145717
TR Ambrose,ENG,0,0,1,0,0,-0.458708894,0,-0.687008106,0,-1.145717
TR Birt ,AUS,0.548809524,0,4,0.548809524,0.137202381,-0.37878319,0,-0.687008106,0.137202381,-1.065791296
TS Chisoro ,ZIM,-3.378896104,44.3,14,40.9211039,-0.241349722,-0.599304461,3.164285714,1.02202808,2.922935993,0.42272362
TS Kamunhukamwe ,ZIM,17.36717322,0,13,17.36717322,1.335936401,0.319525835,0,-0.687008106,1.335936401,-0.367482271
TS Mills ,ENG,-8.3125,27.63377193,15,19.32127193,-0.554166667,-0.781532455,1.842251462,0.307995094,1.288084795,-0.47353736
TT Bresnan ,ENG,22.8283703,70.00085639,33,92.82922669,0.691768797,-0.05572676,2.121238072,0.458676245,2.813006869,0.402949485
TT Maposa ,ZIM,7.0375,15.175,4,22.2125,1.759375,0.56619523,3.79375,1.36200283,5.553125,1.928198059
TU Deshpande ,IND,0,0,2,0,0,-0.458708894,0,-0.687008106,0,-1.145717
TWM Latham ,NZL,53.62204305,0,26,53.62204305,2.062386271,0.742711039,0,-0.687008106,2.062386271,0.055702932
Taijul Islam ,BAN,-3.25,2.316666667,2,-0.933333333,-1.625,-1.405334372,1.158333333,-0.06139027,-0.466666667,-1.466724642
Tamim Iqbal ,BAN,147.3725748,0,66,147.3725748,2.2329178,0.842052263,0,-0.687008106,2.2329178,0.155044157
Tanvir Ahmed ,PAK,0,0,1,0,0,-0.458708894,0,-0.687008106,0,-1.145717
Tanvir Islam ,BAN,-0.967857143,4.3,4,3.332142857,-0.241964286,-0.599662468,1.075,-0.106398747,0.833035714,-0.706061215
Tanzid Hasan ,BAN,42.01507272,0,22,42.01507272,1.909776033,0.65380966,0,-0.687008106,1.909776033,-0.033198446
Tanzim Hasan Sakib ,BAN,11.21937928,66.15833333,21,77.37771261,0.534256156,-0.147483978,3.150396825,1.014526667,3.684652981,0.86704269
Taskin Ahmed ,BAN,-4.271376744,229.0829974,66,224.8116206,-0.064717829,-0.496409538,3.470954506,1.187660425,3.406236676,0.691250887
Tayyab Tahir ,PAK,16.0102657,0,8,16.0102657,2.001283213,0.707116139,0,-0.687008106,2.001283213,0.020108032
Towhid Hridoy ,BAN,94.95263337,-3.8,35,91.15263337,2.712932382,1.12167936,-0.108571429,-0.745647723,2.604360953,0.376031638
UT Khawaja ,AUS,38.73373316,0,9,38.73373316,4.303748129,2.048391187,0,-0.687008106,4.303748129,1.36138308
UT Yadav ,IND,0.541176471,29.13333333,9,29.6745098,0.060130719,-0.42368042,3.237037037,1.061321196,3.297167756,0.637640776
UWMBCA Welegedara ,SL,-1.333333333,0.4,2,-0.933333333,-0.666666667,-0.847068065,0.2,-0.578987761,-0.466666667,-1.426055825
Umar Akmal ,PAK,180.3078225,0,83,180.3078225,2.172383404,0.806788631,0,-0.687008106,2.172383404,0.119780525
Umar Amin ,PAK,11.57975623,0,14,11.57975623,0.827125445,0.023123733,0,-0.687008106,0.827125445,-0.663884373
Umar Gul ,PAK,-4.333157192,256.9051698,56,252.5720126,-0.077377807,-0.503784465,4.587592318,1.790758439,4.510214511,1.286973973
Umran Malik ,IND,6.925,21.48141026,8,28.40641026,0.865625,0.045551216,2.685176282,0.763260247,3.550801282,0.808811464
Usama Mir ,PAK,-5.408333333,15.875,5,10.46666667,-1.081666667,-1.088821648,3.175,1.027814885,2.093333333,-0.061006764
Usman Ghani ,AFG,69.07213799,0,29,69.07213799,2.381797862,0.928780669,0,-0.687008106,2.381797862,0.241772563
Usman Khan ,PAK,21.14610674,0,17,21.14610674,1.243888632,0.265904442,0,-0.687008106,1.243888632,-0.421103664
Usman Qadir ,PAK,-3.433333333,94.15833333,25,90.725,-0.137333333,-0.538710883,3.766333333,1.347195041,3.629,0.808484157
Usman Shinwari ,PAK,-1.333333333,24.225,13,22.89166667,-0.102564103,-0.518456459,1.863461538,0.319450693,1.760897436,-0.199005766
V Kohli ,IND,608.061062,4.379166667,119,612.4402287,5.109756823,2.517922489,0.03679972,-0.667132514,5.146556543,1.850789974
V Permaul ,WI,0,0,1,0,0,-0.458708894,0,-0.687008106,0,-1.145717
V Sehwag ,IND,64.78053208,-6.3,18,58.48053208,3.598918449,1.637800582,-0.35,-0.876043712,3.248918449,0.76175687
V Shankar ,IND,17.62612782,11.45,9,29.07612782,1.958458647,0.682169169,1.272222222,0.000121316,3.230680869,0.682290485
V Sibanda ,ZIM,35.98858824,0,22,35.98858824,1.63584492,0.49423417,0,-0.687008106,1.63584492,-0.192773936
V Viyaskanth ,SL,0.385526316,3.45,1,3.835526316,0.385526316,-0.234124874,3.45,1.17634286,3.835526316,0.942217986
VB van Jaarsveld ,RSA,-6.303571429,0,3,-6.303571429,-2.101190476,-1.68273378,0,-0.687008106,-2.101190476,-2.369741886
VD Philander ,RSA,-8.281746032,7.95,7,-0.331746032,-1.183106576,-1.147914327,1.135714286,-0.073606857,-0.04739229,-1.221521183
VM Nyauchi ,ZIM,-2.291666667,9.825,1,7.533333333,-2.291666667,-1.793693543,9.825,4.619491385,7.533333333,2.825797843
VR Iyer ,IND,26.86458717,15.74230769,9,42.60689486,2.98495413,1.280142571,1.749145299,0.257708295,4.734099429,1.537850866
VS Solanki ,ENG,12.11774194,0,3,12.11774194,4.039247312,1.89430921,0,-0.687008106,4.039247312,1.207301103
W Madhevere ,ZIM,74.11308803,6.25,51,80.36308803,1.453197805,0.387835147,0.12254902,-0.620819169,1.575746824,-0.232984022
W McClintock ,IRE,2.859090909,0,3,2.859090909,0.953030303,0.096468193,0,-0.687008106,0.953030303,-0.590539913
W O'Rourke ,NZL,0,0,7,0,0,-0.458708894,0,-0.687008106,0,-1.145717
WA Young ,NZL,23.15132894,0,19,23.15132894,1.218490997,0.251109335,0,-0.687008106,1.218490997,-0.435898771
WB Rankin ,ENG,0,0,2,0,0,-0.458708894,0,-0.687008106,0,-1.145717
WB Rankin ,IRE,-5.413461538,0,20,-5.413461538,-0.270673077,-0.616386452,0,-0.687008106,-0.270673077,-1.303394558
WD Parnell ,RSA,8.99564229,166.2532357,54,175.248878,0.166585968,-0.361666111,3.078763624,0.975837451,3.245349592,0.61417134
WG Jacks ,ENG,59.81464665,-8.3,24,51.51464665,2.492276944,0.993139016,-0.345833333,-0.873793288,2.146443611,0.119345728
WIA Fernando ,SL,-4.738059559,0,37,-4.738059559,-0.128055664,-0.533306281,0,-0.687008106,-0.128055664,-1.220314388
WJ Lubbe ,RSA,3.319047619,0,2,3.319047619,1.65952381,0.508028041,0,-0.687008106,1.65952381,-0.178980065
WK McCallan ,IRE,-4.527380952,26.875,5,22.34761905,-0.90547619,-0.986183867,5.375,2.216038689,4.46952381,1.229854822
WKD Perkins ,WI,-0.279545455,0,1,-0.279545455,-0.279545455,-0.621554955,0,-0.687008106,-0.279545455,-1.308563062
WP Masakadza ,ZIM,2.229699248,89.825,49,92.05469925,0.045504066,-0.432201012,1.833163265,0.303086544,1.878667332,-0.129114468
WPUJC Vaas ,SL,1.607692308,14.75,5,16.35769231,0.321538462,-0.271400279,2.95,0.906291995,3.271538462,0.634891717
WTS Porterfield ,IRE,54.81797199,0,29,54.81797199,1.890274896,0.642449492,0,-0.687008106,1.890274896,-0.044558614
WU Tharanga ,SL,41.36659625,0,25,41.36659625,1.65466385,0.505196927,0,-0.687008106,1.65466385,-0.18181118
WW Hinds ,WI,-4.655555556,0,5,-4.655555556,-0.931111111,-1.001117202,0,-0.687008106,-0.931111111,-1.688125309
Wafadar Momand ,AFG,0,0,2,0,0,-0.458708894,0,-0.687008106,0,-1.145717
Wahab Riaz ,PAK,14.6547619,100.6601967,36,115.3149586,0.40707672,-0.221570928,2.796116575,0.823179291,3.203193294,0.601608363
Waqas Maqsood ,PAK,0,0,1,0,0,-0.458708894,0,-0.687008106,0,-1.145717
Washington Sundar ,IND,18.46229913,165.1833333,53,183.6456325,0.348345267,-0.255784276,3.116666667,0.99630895,3.465011933,0.740524675
XC Bartlett ,AUS,-4.698611111,31.98787879,6,27.28926768,-0.783101852,-0.914896073,5.331313131,2.192443336,4.548211279,1.277547263
XJ Doherty ,AUS,1.639285714,28.24166667,11,29.88095238,0.149025974,-0.371895489,2.567424242,0.699662167,2.716450216,0.327766679
XM Marshall ,WI,9.450865801,0,6,9.450865801,1.5751443,0.458873707,0,-0.687008106,1.5751443,-0.2281344
Y Cariah ,WI,-2.375,1.775,2,-0.6,-1.1875,-1.150473667,0.8875,-0.207667822,-0.3,-1.358141488
YA Abdulla ,RSA,0,0,2,0,0,-0.458708894,0,-0.687008106,0,-1.145717
YBK Jaiswal ,IND,110.7683348,-1.8,22,108.9683348,5.034924309,2.474329649,-0.081818182,-0.731198248,4.953106128,1.743131401
YK Pathan ,IND,31.24076036,31.9122549,22,63.15301526,1.420034562,0.368516273,1.450557041,0.09644026,2.870591603,0.464956533
YS Chahal ,IND,-11.41666667,284.6154762,79,273.1988095,-0.144514768,-0.542894347,3.602727547,1.258831272,3.458212779,0.715936925
Yasir Ali ,BAN,10.99742063,0,8,10.99742063,1.374677579,0.342094073,0,-0.687008106,1.374677579,-0.344914034
Yasir Arafat ,PAK,5.134290271,43.86666667,12,49.00095694,0.427857523,-0.209465305,3.655555556,1.287363771,4.083413078,1.077898466
Yasir Shah ,PAK,2.353571429,-1.766666667,2,0.586904762,1.176785714,0.226814392,-0.883333333,-1.164097967,0.293452381,-0.937283576
Younis Khan ,PAK,25.3912304,0,21,25.3912304,1.20910621,0.245642333,0,-0.687008106,1.20910621,-0.441365773
Yuvraj Singh ,IND,164.3535409,85.16666667,56,249.5202076,2.934884659,1.250975164,1.520833333,0.134396607,4.455717992,1.385371771
Z Khan ,IND,-1.541666667,52.48333333,17,50.94166667,-0.090686275,-0.511537164,3.087254902,0.980423605,2.996568627,0.468886442
ZGF Foulkes ,NZL,3.282211538,45.38575515,13,48.66796669,0.252477811,-0.311630784,3.491211935,1.198601497,3.743689745,0.886970713
Zahid Mahmood ,PAK,0,0,1,0,0,-0.458708894,0,-0.687008106,0,-1.145717
Zahir Khan ,AFG,-3.75,11.81666667,3,8.066666667,-1.25,-1.186882339,3.938888889,1.440392595,2.688888889,0.253510256
Zakir Hasan ,BAN,-6.922222222,0,3,-6.922222222,-2.307407407,-1.802863134,0,-0.687008106,-2.307407407,-2.489871241
Zaman Khan ,PAK,-2.5,23.94482872,10,21.44482872,-0.25,-0.604343583,2.394482872,0.606256234,2.144482872,0.001912651
Ziaur Rahman ,BAN,4.564907886,4.95,11,9.514907886,0.414991626,-0.216960189,0.45,-0.443962328,0.864991626,-0.660922517
Ziaur Rahman ,AFG,0,0,1,0,0,-0.458708894,0,-0.687008106,0,-1.145717
Zubaid Akbari ,AFG,-6.1375,0,3,-6.1375,-2.045833333,-1.650486099,0,-0.687008106,-2.045833333,-2.337494205
Zulfiqar Babar ,PAK,3.095098039,42.65,7,45.74509804,0.442156863,-0.201135385,6.092857143,2.603754574,6.535014006,2.402619188
Zulqarnain Haider ,PAK,-3.561111111,0,3,-3.561111111,-1.187037037,-1.150203973,0,-0.687008106,-1.187037037,-1.837212079