Batsman1_T1,Batsman2_T1,Batsman3_T1,Batsman4_T1,Batsman5_T1,Batsman6_T1,Batsman7_T1,Batsman8_T1,Bowler1_T1,Bowler2_T1,Bowler3_T1,Bowler4_T1,Bowler5_T1,Bowler6_T1,Batsman1_T2,Batsman2_T2,Batsman3_T2,Batsman4_T2,Batsman5_T2,Batsman6_T2,Batsman7_T2,Batsman8_T2,Bowler1_T2,Bowler2_T2,Bowler3_T2,Bowler4_T2,Bowler5_T2,Bowler6_T2,Winner_Team1
3.38403679,3.024714526,2.864081443,2.760422401,2.563694751,2.235254939,0.898490122,-0.066941567,6.446771777,6.233082704,5.582091045,4.785918497,2.304194789,0.801882851,4.427443644,2.899682752,2.395080583,2.246435917,1.958236676,1.072874084,0.124712422,-0.061914486,5.16859247,4.665512885,4.168420867,3.8585244,3.474787693,0.479127272,1
3.546482587,3.169911577,3.001567536,2.892932491,2.686761214,2.092682349,0.067234,-0.070155,7.446162965,6.719023761,5.83403285,3.63582761,1.055694486,0.74497227,4.63997668,3.038877834,2.510052966,2.354272828,2.052238999,1.124375855,0.144842496,0.098024297,6.048491788,5.459768116,4.878051332,4.33742325,1.562506246,0.560693726,0
3.546482587,3.169911577,3.001567536,2.892932491,2.686761214,2.342555124,1.860162088,-0.070155,7.544267879,7.294200456,6.532384212,5.600671536,1.055694486,0.74497227,4.63997668,3.038877834,2.421537766,2.137748957,1.199334245,0.704386535,0.130699062,-0.064886602,6.048491788,5.459768116,4.878051332,4.6182847,4.233185815,3.614519375,1
2.739583478,2.092484081,1.916697381,1.844604714,1.525587157,0.62596924,0.479241579,0.338618465,6.140388929,4.14892271,3.723284451,2.891383756,1.918145652,0.434758191,2.793009624,2.478503079,2.045321819,1.414623469,1.19782702,1.112303523,0.941149752,0.480685947,3.026051625,2.854592353,2.506232056,2.221499878,1.700499018,1.242135155,1
2.739583478,2.134745263,2.049780324,1.863455787,1.770820526,1.43023796,0.556417102,0.359431184,6.140388929,4.224427882,3.723284451,2.891383756,1.918145652,0.434758191,2.793009624,2.478503079,2.045321819,1.414623469,1.19782702,1.112303523,0.941149752,0.480685947,3.026051625,2.854592353,2.506232056,2.221499878,1.700499018,1.242135155,0
2.739583478,2.134745263,2.049780324,1.863455787,1.770820526,1.43023796,0.556417102,0.359431184,6.140388929,4.224427882,4.033674857,2.891383756,1.918145652,0.434758191,2.793009624,2.478503079,2.373277485,1.414623469,1.19782702,1.112303523,0.640914596,0.194989132,3.026051625,2.854592353,2.506232056,2.221499878,1.700499018,1.242135155,1
2.902686123,2.556976319,1.572853623,1.459412635,1.235752075,1.09231651,0.661206943,0.486993895,2.962472695,2.658435532,2.488939181,1.626708559,1.364093781,0.342050298,3.25227455,3.094593367,3.005200024,2.82656167,2.523592169,2.113508211,0.950991623,-0.101490633,4.619445816,4.46632653,3.572248371,2.226260906,1.651074886,0.574590587,0
2.902686123,2.556976319,2.303127574,1.529163244,1.40103613,1.15851757,1.020018464,0.495905208,2.713819605,2.560051729,1.694488083,1.455033366,1.253216253,0.342050298,3.25227455,3.094593367,2.907320575,2.628741843,2.254408759,1.069865576,-0.121825689,-0.101490633,4.973392492,4.525171412,3.572248371,2.226260906,1.651074886,0.574590587,0
2.979078173,2.571058282,1.818624937,1.455411719,1.295325074,0.572907208,0.314256211,0.104164704,4.707166854,4.147614846,3.179817281,3.009488333,2.811637801,1.935725692,4.284880193,2.987298502,2.367401623,2.253571362,1.107549435,0.650479975,-0.079894457,-0.096571991,3.730192792,3.367118347,2.966836765,2.784711696,2.507767459,1.205038052,1
2.902686123,2.556976319,2.303127574,1.529163244,1.40103613,1.15851757,1.020018464,0.495905208,2.713819605,2.560051729,2.075294349,1.626708559,1.253216253,0.342050298,3.25227455,3.094593367,3.005200024,2.82656167,2.523592169,2.113508211,-0.121825689,-0.101490633,4.619445816,4.46632653,3.572248371,2.226260906,0.646414411,0.456155467,0
1.724978421,1.420795115,1.138846097,1.089341254,1.020820124,0.5662622,0.392175388,0.042374215,3.929965555,3.691232464,3.461217078,3.28134099,2.909109703,0.552867295,2.14377613,1.637408555,1.499852122,1.443438241,1.211077533,1.119188381,0.716114563,0.326555217,10.92210571,6.437612841,5.195707634,3.14725302,2.08788947,0.473231554,0
2.06028473,1.344776266,1.244339802,1.205242214,1.154802522,0.525879306,0.402310952,0.297165154,3.56450032,2.78405787,1.640369918,1.388994271,1.160289522,0.914019374,2.611868731,2.025692182,1.496994911,1.349296952,0.872814203,0.572907208,0.314256211,0.104164704,4.234023489,3.270669203,3.124042001,2.891125285,2.177691403,0.959258014,0
3.528257794,3.108042427,2.799485534,1.965310558,1.784371657,1.596543824,1.239847487,0.602780094,2.150724332,1.929996517,1.806943931,1.446376406,0.909821951,0.469556002,3.953187682,3.761523879,3.652864952,3.435727398,3.067463501,2.569000402,0,-0.111060692,3.353669566,3.242506558,2.593415124,0.500576141,0.372559634,0.313183277,0
1.724978421,1.624836927,1.391799296,1.238305751,1.062923024,0.957018866,0.243792889,0.042374215,4.229893004,3.560108995,3.418063532,3.261271969,3.039113317,0.228883625,2.14377613,1.670478733,1.603992054,1.443438241,1.19380094,0.805628883,0.435406955,0.281261732,10.92210571,6.437612841,5.195707634,3.14725302,2.08788947,0.473231554,1
2.979078173,2.571058282,1.818624937,1.455411719,1.295325074,0.572907208,0.314256211,0.104164704,4.707166854,3.270669203,3.134883681,2.999080321,2.177691403,0.959258014,4.284880193,2.987298502,2.367401623,2.253571362,1.107549435,0.650479975,0.133757729,0.071598474,3.115178604,2.983619674,2.786408288,1.647054546,0.963620311,0.314681967,1
3.528257794,3.108042427,2.799485534,1.965310558,1.784371657,1.596543824,1.239847487,0.602780094,2.150724332,1.929996517,1.806943931,1.446376406,0.909821951,0.469556002,3.953187682,3.761523879,3.533891038,3.275697788,3.067463501,2.569000402,-0.148080922,-0.123363362,3.353669566,3.242506558,2.593415124,1.616242238,0.469290132,0.331164119,0
1.724978421,1.624836927,1.391799296,1.238305751,1.045767603,0.957018866,0.243792889,0.042374215,4.229893004,3.849762176,3.418063532,3.261271969,3.039113317,0.228883625,2.14377613,1.670478733,1.603992054,1.443438241,1.19380094,0.489832825,0.375015642,0.264975383,10.92210571,5.344156424,3.858623713,3.14725302,2.08788947,0.473231554,1
2.06028473,1.344776266,1.244339802,1.205242214,0.959272702,0.525879306,0.402310952,0.297165154,3.56450032,2.78405787,1.640369918,1.388994271,1.160289522,0.914019374,4.284880193,2.987298502,2.367401623,2.253571362,1.107549435,0.650479975,0.133757729,-0.059920843,3.730192792,3.367118347,2.966836765,1.446045662,0.963620311,0.314681967,0
2.06028473,1.344776266,1.244339802,1.205242214,0.959272702,0.525879306,0.402310952,0.297165154,3.663223889,3.491755416,2.706722929,1.388994271,1.160289522,0.914019374,2.979078173,2.571058282,1.818624937,1.455411719,1.295325074,0.818263316,0.509250852,0.235692158,4.707166854,4.147614846,3.179817281,3.009488333,2.177691403,0.959258014,0
2.854439748,2.459710634,2.196320589,1.587814818,1.113245988,0.963280397,0.666981162,0.090272402,4.111073851,3.036309893,2.556155234,1.067375974,0.609474505,0.159561782,2.010930924,1.89418881,1.622520149,1.443581727,1.219126215,1.115665454,0.284206836,0.049398659,3.768647409,3.171899508,3.045343289,2.905648948,2.707715424,0.203925177,0
2.979078173,2.571058282,1.984351526,1.768107577,0.926262351,0.818263316,0.314256211,0.001130948,4.707166854,4.147614846,3.179817281,2.891125285,0.565854883,0.001106467,4.284880193,2.987298502,2.367401623,2.253571362,1.107549435,0.650479975,0.095464632,-0.059920843,3.730192792,3.367118347,2.966836765,2.784711696,2.507767459,1.372545455,1
2.06028473,1.344776266,1.239677705,0.999242398,0.560937927,0.452599821,0.396220205,0.018773601,3.663223889,2.78405787,1.640369918,1.388994271,1.160289522,0.914019374,4.284880193,2.987298502,2.367401623,2.253571362,1.107549435,0.650479975,0.133757729,-0.059920843,3.730192792,3.367118347,2.966836765,1.446045662,0.963620311,0.314681967,0
2.787363551,2.401910137,2.144709469,1.550502915,1.00335399,0.13222665,0.106059816,-0.049890491,5.246776505,3.875104167,3.262304621,1.440131761,1.277103178,0.691417405,1.963676257,1.849677454,1.584392709,1.409659143,1.190478088,1.089448542,0.572995581,0.334832666,4.809753217,4.048151022,3.83970444,3.528435917,0.70724003,0.260260425,0
3.89141476,3.353286498,2.994210813,2.164644051,1.400774049,0.184600511,0.148069216,-0.069651694,3.166952243,2.339011357,1.969125791,0.869262967,0.770858978,0.417339275,2.741471872,2.582319104,2.024242199,1.759667889,1.662016425,1.520969927,0.7999543,0.467457063,2.697311506,2.398239778,2.317644095,2.129762537,0.426889805,0.157093091,1
3.691438262,2.80470342,1.955514472,1.575984001,1.111549281,0.800315675,0.328357663,0.029358458,4.139300878,3.393435424,2.069980054,1.977036504,0.772472022,0.319156028,3.924387368,2.916278733,2.626759549,1.744038932,1.409398073,1.308768641,1.107384142,0.565589051,2.889025745,2.592526407,2.427232286,1.942889012,1.487229818,1.086351959,0
4.715128592,3.861412603,3.582028292,3.251618197,2.73900787,2.252437053,1.691494679,0.533158976,4.541036803,3.593666429,2.854208329,1.867734039,0.411583151,0,3.881772069,2.884610582,2.762143571,2.526062112,1.656096236,1.481771024,1.161744403,0.559447265,2.811864742,2.523284401,2.362405007,1.890997725,1.447508419,0,1
6.458705469,5.289299372,4.906603344,4.454013039,3.751847858,3.085351169,2.316981545,0.730312382,3.444439439,2.725845862,2.16495663,1.41670219,0.312191533,0,5.317187432,3.951292054,3.78353876,3.460158266,2.165019241,1.790255638,1.576233156,0.766321648,2.132838432,1.913946238,1.791916985,1.434348019,1.097955225,0.80200504,1
4.394132839,3.598535988,3.338171556,3.030255065,2.55254214,2.099096012,1.576341381,0.496862666,4.291909551,3.43461515,2.276154598,0.513622768,0,0,3.617509425,2.688232535,2.574102813,2.354093268,1.631857811,1.380895259,1.082655358,0.80428399,3.28967036,2.952053056,2.304505394,1.806374432,1.391630839,0.718215923,1
3.360201274,2.566509737,2.350900797,2.262476453,1.871189525,0.722716013,0.587807664,0.415328172,3.720306176,2.842701602,2.63134085,2.176877057,1.423810472,0.322714422,2.703768648,2.546804694,2.18153645,1.940947334,1.639158858,1.50005216,0.788952599,0.286594703,2.536079285,2.38284021,2.302762048,0.452425239,0.175594911,0,1
3.360201274,2.566509737,2.350900797,2.262476453,1.871189525,0.722716013,0.587807664,0.415328172,3.143842555,2.842701602,2.63134085,2.176877057,1.423810472,0.322714422,2.703768648,2.546804694,2.18153645,1.940947334,1.639158858,1.50005216,0.788952599,0.286594703,2.536079285,2.42777242,2.316650204,2.210651566,0.424148662,0.156084365,1
3.360201274,2.618344654,2.514131988,2.262476453,1.871189525,0.722716013,0.587807664,0.415328172,3.143842555,2.842701602,2.63134085,2.176877057,1.423810472,0.322714422,2.703768648,2.546804694,2.18153645,1.940947334,1.639158858,1.50005216,0.38212627,0.066418266,2.536079285,2.42777242,2.330906268,2.223984196,2.072485843,0.156084365,1
3.883108906,3.097862792,2.191257415,1.753622562,1.116051586,0.690294707,0.001816902,0,4.382307559,2.883854841,2.328270048,2.162560774,0.526803108,0.055704095,3.113825679,2.201417278,1.857847254,1.030570901,0.972683435,0.669725262,0.330562684,-0.096720827,5.163630891,3.48894927,2.568924723,0.3192342,0,0,1
3.974981776,3.17115704,2.243101727,1.795112601,1.142456939,0.706626816,0.171303072,0.001394917,4.009070404,2.736751789,2.564955112,1.978377437,0.481935766,0.050959828,3.187497602,2.253501968,1.901803208,1.466823236,0.995696753,0.685570705,0.525308831,0.258010338,3.855744266,3.249885347,3.103137556,2.618049655,2.115118563,0.243371094,1
4.34908054,3.469605183,2.454207495,1.964056622,1.249977364,0.773129817,0.197786124,0.001526197,4.225411048,2.780606323,2.24491272,2.085136213,1.301764894,0.451504326,3.48748361,2.465586538,2.080788237,1.604870853,1.089405088,0.750092046,0.574747393,0.28229255,4.063811003,3.425258243,3.270591531,2.759326931,2.229256272,0.256504079,0
5.249301413,4.187782502,2.962206552,2.370598821,1.508711527,0.933160792,0.226220271,0.001842107,2.202219757,1.503323278,1.408953761,1.123213682,1.018819851,0.235317165,4.209361604,2.975940955,2.511492839,1.937064802,1.314902223,0.905354408,0.693714976,0.011011307,1.822383833,1.75328475,1.290949278,0.160423214,0.021171271,0,1
3.910060156,3.119363934,2.407535693,2.145175412,1.695162067,0.695085792,0.177820492,0.126378941,4.657388297,3.179319511,2.979741116,2.298306339,1.434848471,0.059200683,3.135437613,2.216696516,1.870741897,1.442866261,0.979434478,0.674373582,0.516729194,0.008202019,3.85408818,3.258666134,2.730178058,0.339272771,0.044774292,0,1
2.06028473,1.344776266,1.239677705,0.999242398,0.560937927,0.452599821,0.212259366,0.018773601,3.663223889,2.78405787,1.640369918,1.388994271,1.160289522,0.914019374,2.28426403,1.326664279,0.981029041,0.92827664,0.843036552,0.641624968,0.328497794,-0.145489009,3.727586348,2.957760907,2.30170222,2.052351506,1.375125524,0.709160581,1
8.344384435,7.37766224,7.12671812,3.74362438,3.45285847,3.14461009,2.108449701,0.832358204,3.165972625,2.328644463,1.490314861,1.098104165,0.935799319,0.396444176,6.661898944,5.852629718,5.429175119,4.928382239,3.641549561,2.955879236,0.008858055,-0.054708014,2.055094234,1.955940292,1.743065458,1.534956378,1.138691119,0.369201872,1
4.687988946,4.144871236,4.003887408,2.103219218,1.939862966,1.766684823,1.184555789,0.467630188,7.740844738,5.693566363,5.341640587,3.498085873,2.288041652,0.969311229,3.742745658,3.288087173,3.050184605,2.768832337,2.045872194,1.660653256,0.004976576,-0.098095282,5.024732452,4.383584216,3.90936307,3.27393569,2.784114773,0.902703436,1
6.158983373,5.445446506,5.260224855,2.763166113,2.548552032,0.921544371,0.264486686,0.063715836,4.597684301,3.381700779,2.164262946,2.052589159,1.495019326,1.207986816,5.274886353,4.840311852,4.231661623,3.895956697,2.687824773,2.181732063,0.006538123,-0.040379941,2.984446051,2.840452853,2.531312062,2.229092187,1.653628411,0.536161821,0
7.618337284,6.735729849,6.506620445,3.417890608,3.152424319,1.139901737,0.327156068,0.078813125,3.698781911,2.720537743,2.552378228,1.671478655,1.548078164,0.971810914,6.524755944,5.987210229,5.234342028,4.819092757,3.324697347,2.698687383,0.008087313,-0.049947855,2.400951076,2.285110274,2.036410213,1.793277945,1.330324236,0.431335759,1
4.646039675,4.107781915,3.968059645,2.471403461,2.001023135,1.80234806,1.556334307,0.463445718,7.160096255,5.26641272,4.940889794,3.235645773,2.116383808,1.828686876,3.709254654,3.258664565,3.022890808,2.744056148,2.027565229,1.645793325,0.004932044,-0.030460677,4.515669423,4.054710563,3.616067344,2.74692222,2.19843848,0.834979089,1
4.090349387,3.079447312,2.764664701,2.212509751,1.96914682,0.870930726,0.47773075,0.158350672,4.038481288,3.558417508,2.728102272,2.573040246,1.868335297,0.822988787,4.487157647,3.866646472,3.452599318,2.496032859,2.025468773,1.076670144,0.565177386,-0.080314783,4.191807296,3.21805098,2.358870625,1.96087966,0.143441192,0,0
3.31869169,2.498499575,2.243101727,1.795112601,1.597660877,0.706626816,0.387605292,0.128477304,4.009070404,3.532502765,2.708234432,2.55430167,1.854728847,0.81699524,3.640640784,3.137191057,2.801255243,2.025148154,1.419868383,0.515874191,-0.086884184,-0.105710796,4.161279791,3.532342804,3.105875704,2.248024103,1.824936789,0.126574719,1
3.31869169,2.498499575,2.243101727,1.795112601,1.597660877,0.706626816,0.387605292,0.128477304,4.009070404,3.532502765,2.708234432,2.55430167,1.854728847,0.81699524,3.640640784,3.137191057,2.801255243,2.025148154,1.643357511,1.331126609,0.458554836,-0.105710796,4.161279791,3.532342804,3.105875704,2.248024103,1.824936789,0.126574719,1
1.438936688,1.266014491,1.213744769,1.110005543,0.912592479,0.574307164,0.50564957,0.026000854,6.080545745,5.510539972,3.940708829,3.088903888,2.379691515,0,1.127372991,0.928571639,0.832427283,0.711947403,0.667164889,0.370085042,0.159332729,0.027693996,6.148399916,5.699498832,5.347533264,5.102234109,4.754668662,0.864956494,0
1.438936688,1.266014491,1.213744769,1.110005543,0.612594308,0.568855766,0.428261504,0.037345389,6.080545745,5.510539972,4.726165525,3.783080476,2.895847395,2.115281347,1.127372991,0.928571639,0.732288758,0.694963426,0.612121284,0.370085042,0.159332729,0.027693996,6.148399916,5.699498832,5.347533264,5.102234109,4.754668662,0.864956494,0
1.438936688,1.266014491,1.213744769,1.110005543,0.612594308,0.568855766,0.428261504,0.037345389,6.080545745,5.510539972,4.726165525,3.783080476,2.895847395,2.115281347,1.127372991,0.928571639,0.732288758,0.694963426,0.612121284,0.411568194,0.159332729,0.027693996,6.148399916,5.699498832,5.347533264,5.102234109,4.754668662,0.358086615,0
2.06028473,1.344776266,1.237288416,1.005580741,0.959272702,0.525879306,0.212259366,0.018773601,3.663223889,2.78405787,1.640369918,1.388994271,1.160289522,0.514270251,2.40823477,1.725259025,1.265985624,1.05634189,0.352544638,0.317445937,-0.058962948,-0.069143632,5.694848764,4.282401846,3.94288778,3.686793,1.657945499,1.022736629,0
5.308017927,4.138804851,3.911366101,3.171091711,2.358329774,1.999483702,1.011336646,0.17546661,1.732807771,1.457068782,1.330444303,0.490779726,0,0,5.717681859,5.370243581,3.382058814,2.406960746,1.996905539,1.34643212,0.487847802,0.011824451,2.161603706,1.821947651,1.739678043,1.467728523,0.21094454,0,1
2.06028473,1.344776266,1.239677705,1.202919294,0.959272702,0.525879306,0.212259366,0.018773601,3.663223889,2.78405787,1.640369918,1.388994271,1.160289522,0.914019374,2.40823477,1.725259025,1.265985624,1.05634189,0.352544638,0.317445937,-0.018218892,-0.044222211,5.694848764,4.282401846,3.94288778,2.5621916,1.657945499,1.022736629,0
2.06028473,1.344776266,1.239677705,1.202919294,0.959272702,0.525879306,0.212259366,0.018773601,3.663223889,2.78405787,1.640369918,1.388994271,1.160289522,0.914019374,2.841456321,2.370606102,1.690049657,0.956411667,0.361844785,0.330510598,0.282174166,-0.013664169,5.694848764,4.282401846,3.94288778,2.5621916,1.657945499,1.395231449,1
3.679347843,2.868886825,2.686861436,2.198099103,1.634718587,1.385977995,0.701026138,0.121627828,3.197604908,2.688775043,2.455110892,0.905651329,0.311925398,0,3.963313746,3.722480671,2.344334735,1.668428018,1.384190895,0.933303577,0.338160455,0.008196331,4.886954426,3.907469964,3.268705945,3.081871524,2.539167936,0.34601122,1
2.14181079,1.39798945,1.293578687,1.252933996,1.200498391,0.934904437,0.485945335,0.165493898,3.411470075,3.251785714,2.520704318,1.466530612,1.08054902,0.851203704,1.949221422,1.636320793,1.471441455,0.889163194,0.620311346,0.48582598,0.289950509,0.213903894,5.165234375,4.129974707,1.920386905,1.637777778,0.6125,0.266111111,1
2.14181079,1.39798945,1.28873211,1.250519157,0.583134402,0.463386097,0.220658531,0.019516478,3.411470075,2.592724441,1.527636054,1.293536113,1.08054902,0.851203704,2.084562621,1.636320793,1.471441455,1.23630553,0.853596666,0.326194323,0.285205193,-0.083449473,5.165234375,4.129974707,3.393087355,2.862673993,0.411428571,0.266111111,0
2.14181079,1.39798945,1.28873211,1.250519157,0.583134402,0.463386097,0.220658531,0.019516478,3.411470075,2.592724441,1.527636054,1.293536113,1.08054902,0.851203704,2.084562621,1.636320793,1.471441455,1.23630553,0.853596666,0.326194323,0.285205193,-0.083449473,5.165234375,4.129974707,3.393087355,2.862673993,0.411428571,0.266111111,0
3.476756221,3.310963202,3.185509324,3.006423685,2.815307003,1.986945312,1.060921574,-0.113222451,4.169806697,3.794007831,3.628663335,2.875253018,1.384299174,0.613063656,3.988319884,2.251916198,1.881239461,1.450962825,1.001804975,0.467598179,0.340294045,0.008248044,4.617040784,3.691654682,3.088170534,2.911655252,0.26760191,0,1
4.171996955,3.100281611,3.033309069,2.714925877,1.779916062,1.592557237,1.236751574,0.091341853,2.202108145,1.995676945,1.711610772,1.37006655,0.861820351,0,4.723970252,4.150115292,3.594578346,2.328913138,2.181553329,0.580876403,0.304192946,0.148167061,1.894168152,1.846526264,1.636345269,1.397327116,0.537190022,0.387966026,1
3.291249452,3.134302531,3.015542404,2.846012109,2.665092701,1.880929306,1.004314748,-0.107181323,5.008026417,4.556683996,4.358101744,3.45323995,1.662572713,0.736302473,3.775517982,3.546096426,2.088256978,1.731395095,1.318603056,0.889080366,0.322137222,0.00780796,5.545164056,4.433755689,3.708958409,3.496959806,1.522318613,0.285684959,1
4.20446113,3.888019399,3.098178447,2.98504105,2.625687992,2.260628887,1.413693363,0.099196435,2.142861223,2.001282095,1.285124567,0.310813306,0.265175169,0.016045833,6.182206864,5.465979485,5.280059424,2.7735851,2.558161779,2.329786005,1.972008405,0.616679474,4.492083629,3.304029097,3.099803322,2.02997151,1.327771684,0.56250025,0
4.171996955,3.100281611,3.033309069,2.714925877,1.779916062,1.404678915,1.236751574,0.503768007,2.037253548,1.760513937,1.427152656,1.118666103,0.861820351,0,4.723970252,4.150115292,3.594578346,2.328913138,2.181553329,0.580876403,0.304192946,0.148167061,2.367088617,1.855511659,1.795233867,1.570891458,1.309994171,0.477502242,0
3.462249633,3.297148377,3.172217948,2.993879536,2.803560278,1.978654884,1.056494933,-0.112750036,4.649661151,4.230615972,4.046243905,3.206132377,1.543602032,0.683614006,3.971678823,3.730337439,2.196754474,1.821351472,1.387112406,0.935273432,0.413908577,0.254155639,4.202244279,3.54193929,3.382003874,1.507609878,0.298397095,0,1
5.308017927,4.90851884,3.911366101,3.768533211,3.314859741,2.85398254,1.784749456,0.125232803,1.365958529,1.275709466,0.819197643,0.19812673,0.169034877,0.010228354,7.804868173,6.90065057,6.665931546,3.50157582,3.229609732,2.941291523,2.489607025,0.778541078,2.86346119,2.106140462,1.975957538,1.293997422,0.846382881,0.358563591,0
3.424392161,2.843639919,2.489752488,2.228422262,1.394322659,1.152966197,1.01513075,0.484660323,2.798638454,2.285900767,1.814603451,1.558174763,1.342051656,0,3.8774541,3.406431603,2.950444606,1.911581427,1.790627893,0.476785727,0.162154839,0.003866769,3.686099074,3.312251223,2.809193908,2.446237757,2.039960931,0.743580346,0
2.569138019,2.375776145,1.893143447,1.824010786,1.604427925,1.381358381,0.863838017,0.084927735,3.779671669,3.529948255,2.266758511,1.358010647,0.513961879,0.415757758,3.777640512,3.339989423,3.22638288,1.694800524,1.563166,1.423616872,0.502429723,0.039080398,7.923332153,5.827789983,5.467567693,3.580551892,2.761419835,2.081761198,1
2.787363551,2.401910137,2.144709469,1.550502915,1.258194669,1.01914306,0.351080788,-0.048081591,7.263794801,6.558299854,5.525194645,4.797052805,3.390716146,0.203641443,2.540871457,1.912912331,1.413650134,0.791206887,0.577078142,0.333855094,0.230638225,0.098365363,6.39222421,4.481670325,4.280752794,3.961596111,2.984005514,0.361714527,0
3.424392161,2.843639919,2.489752488,2.228422262,1.54474265,1.369652233,1.161935549,0.768644132,2.798638454,2.475731789,2.222403524,1.742019313,0.779206811,0,3.8774541,3.406431603,2.950444606,1.911581427,1.790627893,0.476785727,0.162154839,-0.101625915,3.381256457,2.889456591,2.54816433,2.236190794,2.039960931,0.743580346,0
2.787363551,2.401910137,2.144709469,1.550502915,1.258194669,1.01914306,0.351080788,-0.048081591,7.263794801,6.558299854,5.525194645,4.797052805,3.390716146,0.203641443,2.540871457,1.912912331,1.413650134,0.791206887,0.577078142,0.333855094,0.230638225,0.098365363,6.450046975,4.481670325,4.280752794,3.961596111,2.984005514,0.361714527,1
3.456434676,2.767717608,2.686861436,2.393494263,2.110175139,1.391772488,0.629412463,0.121627828,2.520646415,2.421306193,2.288715108,1.451223632,0.849048121,0.304674593,5.41008438,4.783309728,4.620610026,2.427180092,2.238661919,2.038808981,0.719546285,0.055968336,5.284035371,3.886527513,3.646296852,2.387854312,1.841578745,1.388317389,0
2.787363551,2.401910137,2.144709469,1.550502915,1.258194669,1.01914306,0.351080788,-0.048081591,7.263794801,6.558299854,5.525194645,4.797052805,3.390716146,0.203641443,2.97107364,2.467200953,2.162796884,1.933425358,1.209743248,1.000337378,0.880748486,0.334571677,4.088547497,3.190619909,2.864141003,2.283601802,2.104726744,1.53740464,1
2.787363551,2.401910137,2.144709469,1.550502915,1.258194669,1.01914306,0.351080788,-0.048081591,7.263794801,6.558299854,5.525194645,4.797052805,3.390716146,0.203641443,2.97107364,2.467200953,1.988666083,1.260149217,1.067026537,0.990842047,0.745952719,0.173696681,4.088547497,3.190619909,2.864141003,2.24504186,1.72958022,0.80925962,1
2.787363551,2.401910137,2.144709469,1.550502915,1.258194669,1.01914306,0.594500791,0.263310591,6.694931101,5.683057349,3.767462384,0.727282672,0.229096623,0.174148974,2.97107364,2.467200953,2.162796884,1.933425358,1.209743248,1.000337378,0.880748486,0.173696681,4.088547497,3.190619909,2.864141003,2.24504186,1.72958022,0.80925962,0
10.1055527,8.93479383,5.529110432,4.533754857,4.181619807,3.808312432,2.688771554,0.325473863,0.517300057,0.442611964,0.369916838,0.230943323,0.152903736,0.132118311,4.709308149,4.435915073,3.711088024,3.380658735,2.978008521,2.676577992,0.665571131,0.115684484,0.302776859,0.275566994,0.244665891,0.233442709,0.217540534,0.046731297,1
6.595856851,5.831706869,3.608829918,2.959165017,2.729327774,2.485671431,1.754951243,0.212435586,3.363309065,2.87771248,2.320882128,1.501514952,0.994128095,0.858988333,3.073748001,2.895305353,2.48005439,2.354929714,2.118281708,1.822251695,0.896911603,0.325811861,1.968552178,1.791642888,1.581005327,1.508666218,0.341809878,0.257299207,1
5.407840461,4.781325774,2.958823529,2.42617338,2.237733398,2.037963352,1.438857233,0.174172633,6.550861869,5.605044493,4.520482043,2.924565318,1.936306091,1.673088559,2.520118187,2.373815834,2.033358027,1.930770251,1.736746231,1.494035827,0.735363876,0.042156085,3.83423383,3.489659989,3.137458938,2.938494147,0.665757815,0.501152744,1
2.751405437,2.090479561,1.208217835,0.816421101,0.636281108,0.343576957,0.244740666,-0.098841169,4.935844498,4.046448921,2.657475438,2.369582681,0.921122164,0.380572607,2.82135084,2.60900659,2.078993738,1.835348909,1.25351417,0.542967841,0.380307849,0.093265108,4.306767243,3.438379566,3.084672199,2.015043665,1.112566728,0.90165277,1
2.751405437,2.090479561,1.208217835,0.816421101,0.636281108,0.275333249,-0.131788226,-0.174409872,4.935844498,4.046448921,3.320081393,2.369582681,0.921122164,0.380572607,2.82135084,2.60900659,2.078993738,1.835348909,1.25351417,0.542967841,0.380307849,0.093265108,4.190043818,3.438379566,3.084672199,2.015043665,1.112566728,0.90165277,0
4.274970373,3.320693191,2.1677725,2.056461371,0.560710144,-0.168066894,-0.149813314,-0.212373664,3.495583833,2.797352797,2.372497105,2.065963471,1.770533322,1.531416425,3.930057041,3.512757502,3.297416277,3.04605842,2.838672049,2.595917231,1.737109501,0.782597306,3.392330309,2.157279766,1.659172149,0.793580185,0.585421363,0.390153366,1
4.395347354,3.414199107,2.228813837,2.114368348,0.57649893,0.006574853,-0.15359948,-0.11552388,3.267110777,2.935757138,2.489880903,2.168180936,1.85813382,1.60718616,4.040721761,3.611671671,3.419867139,3.296092673,3.006557777,2.669014505,1.786023991,-0.079931828,4.720552199,3.904981885,3.390640278,2.113080927,0.780791317,0.546121064,0
2.614687897,2.570696427,2.123990748,1.539244381,1.243898874,1.155085899,0.653605925,0.390030912,3.203455699,2.561058782,2.076110712,1.655299149,1.525639183,1.21300478,3.340792596,3.089353431,2.461759378,2.173256853,0.685796479,0.50661755,-0.168517925,-0.205467244,3.604606333,2.957965429,2.767605293,2.547531302,1.625155846,0.775672863,1
2.614687897,2.570696427,2.318311135,2.064991005,1.410272578,1.166155194,1.026743021,0.490204443,2.614414174,2.312763291,2.076110712,1.627348462,1.364630377,1.114408208,3.340792596,3.089353431,2.551744811,2.393377173,2.086326579,1.258447209,0.571497066,-0.126388444,3.604606333,2.957965429,2.767605293,2.547531302,1.625155846,0.343454554,1
2.614687897,2.570696427,2.318311135,2.064991005,1.410272578,1.166155194,1.026743021,0.490204443,2.614414174,2.312763291,2.076110712,1.627348462,1.364630377,1.114408208,3.340792596,3.089353431,2.551744811,2.393377173,2.086326579,1.258447209,0.571497066,-0.126388444,3.604606333,2.84667973,2.65367844,1.73349957,1.34651961,0.343454554,1
3.89141476,3.353286498,2.994210813,2.164644051,1.517671506,1.313225671,0.49014093,0.237640068,4.041057789,3.430291189,2.274038819,1.379554279,0.469506684,0.365822946,5.28385201,4.792519459,2.714683326,2.535712412,2.364764948,1.76089359,1.507547486,0.58681704,3.724281187,3.520564886,2.411506272,2.241473972,1.466112038,1.052592678,0
3.89141476,3.353286498,2.994210813,2.164644051,1.517671506,1.313225671,0.49014093,0.237640068,4.041057789,3.430291189,2.274038819,1.255216769,0.469506684,0.365822946,5.28385201,4.792519459,3.795089442,2.535712412,2.364764948,1.76089359,1.507547486,0.58681704,3.724281187,3.520564886,2.411506272,2.241473972,1.466112038,1.052592678,0
2.06028473,1.344776266,1.237288416,1.005580741,0.959272702,0.661662357,0.47113406,0.297165154,3.663223889,2.78405787,1.38272577,1.237642157,0.578554032,0.087728455,4.462222654,3.635200464,2.878634301,2.001931436,1.793710951,1.335665144,1.127509416,0.143716716,4.502878507,2.868570073,2.65930234,1.527176937,0.844825017,0.264472048,0
2.06028473,1.344776266,1.237288416,1.005580741,0.959272702,0.661662357,0.396220205,0.159194525,3.663223889,2.78405787,2.522097712,1.237642157,0.578554032,0.087728455,4.462222654,3.635200464,3.059712608,2.798672237,1.921854179,1.681604016,1.127509416,0.143716716,4.502878507,2.868570073,2.254475068,0.901146685,0.297531054,0.194625576,0
2.06028473,1.344776266,1.237288416,0.999242398,0.705773181,0.445747731,0.212259366,0.018773601,3.663223889,2.78405787,2.522097712,1.574755122,1.160289522,0.514270251,4.462222654,3.635200464,3.059712608,2.798672237,1.921854179,1.681604016,1.127509416,0.143716716,4.502878507,2.868570073,2.32231659,2.164296065,0.844825017,0.264472048,0
2.06028473,1.344776266,1.237288416,1.017563698,0.959272702,0.661662357,0.396220205,0.256285279,3.663223889,2.595977566,2.522097712,1.574755122,1.160289522,0.514270251,4.462222654,3.12345662,2.878634301,1.868448907,1.424709487,0.215575074,0.102737955,0.046162529,4.502878507,2.868570073,2.65930234,2.229423926,1.431728378,0.750955571,0
2.06028473,1.344776266,1.237288416,1.017563698,0.959272702,0.661662357,0.396220205,0.256285279,3.663223889,2.595977566,2.522097712,1.574755122,1.160289522,0.514270251,4.462222654,3.12345662,2.878634301,1.868448907,1.424709487,0.215575074,0.102737955,0.046162529,4.502878507,2.868570073,2.65930234,2.229423926,2.029027561,1.272647448,1
4.362212504,4.015386401,3.017025137,2.093419037,1.493510979,1.380588948,0.645948101,0.392556238,5.955861951,5.069968884,4.400048563,2.881464499,1.896931964,1.675306257,3.554726976,3.251399343,2.992078454,2.345037026,2.062730615,1.775941554,1.110592191,0.098525424,4.205747604,3.836239335,3.198617849,2.780989252,2.48564838,0.367656025,1
3.007326898,2.642005069,1.863673793,1.71236992,1.42330511,0.917575793,0.328703778,0.240903863,3.137707197,2.819477798,2.33666027,1.903506066,1.736469901,0.932575004,3.383302203,3.114306248,2.339984075,1.623641497,1.158356908,1.070775352,0.500992932,0.304463935,5.069790728,4.315694596,3.745440306,2.452780491,1.614719778,1.426065983,0
2.651125527,2.162630871,1.860505397,1.354957854,0.398339879,0.363845375,0.310633807,-0.07611735,5.656419287,4.028174467,3.814493863,2.181687659,1.646757497,1.385816271,3.595390166,3.288592712,3.026305402,2.371862346,2.086326579,1.796256884,1.123296464,0.099652475,3.928898402,3.583713529,2.988064367,2.597926756,2.322027108,0.343454554,0
1.305624149,1.065050697,0.916260189,0.667288545,0.1961741,0.179186275,0.152980685,-0.037486211,10.73656684,7.645961555,7.240369966,4.141106623,3.125744582,2.630446624,1.127372991,1.061924743,0.888406593,0.789249697,0.712912867,0.640752663,0.51010107,0.119499546,6.664557339,6.482580274,5.855618968,5.102234109,4.754668662,1.021381299,1
4.545025853,4.274973963,3.675557204,3.542528605,3.290062415,2.159502757,1.331789274,0.145330382,2.888181773,2.526776505,2.367983172,2.248719165,0.565699287,0.395138397,5.314559906,4.89201559,3.675694573,2.550449084,1.819570588,1.681995699,0.786969887,0.478258141,3.824653854,3.255763178,2.825562922,1.850379407,1.218145788,1.075825227,0
1.990718151,1.843209199,1.80339204,1.614103806,1.118897003,0.946822423,0.735285424,0.054305436,3.738000715,3.387591051,2.905398767,2.325639526,1.462909574,0.755002635,2.57478057,2.355072531,2.167239713,1.698570892,1.494089067,1.286360342,0.804430612,0.07136451,4.5844945,4.181710313,3.486668083,3.031430112,2.709492437,0.400765139,0
1.305624149,1.065050697,0.916260189,0.667288545,0.1961741,0.179186275,0.152980685,-0.037486211,10.73656684,7.645961555,7.240369966,4.141106623,3.125744582,2.630446624,1.858247377,1.747835856,1.502762526,1.448373387,1.345151832,0.882919143,0.544506017,0.05941876,7.974958646,6.977032512,6.467968631,5.855229092,1.562030639,1.091071347,1
1.639358513,1.544187577,1.322716851,1.255982622,1.101772608,0.97188313,0.828217135,0.173769108,4.097020422,3.985150464,3.287383074,3.136586015,2.922921001,0.62789167,3.159663196,2.908448092,2.185309239,1.516317484,1.081788581,0.999996237,0.467876895,0.284338623,6.492214686,5.526542877,4.796293153,3.140953617,2.067759404,1.826175283,0
4.723970252,4.150115292,2.927496695,2.689825495,2.235756613,1.441346717,0.51633458,0.004710953,2.582390748,2.318780686,2.067932344,1.436006377,1.309994171,0.703535269,4.330786142,3.961236775,3.645301593,2.856999687,2.513060841,2.163660705,1.35305392,0.12003525,2.700789393,2.427297003,2.054044601,1.785857589,1.596199632,0.23609631,0
2.702152421,2.541598578,2.185227569,2.106138129,1.956039505,1.283888319,0.791788149,0.086403214,4.90258644,4.289113775,4.019567707,3.817121272,0.960254538,0.670733458,1.639358513,1.544187577,1.29186784,1.1476798,1.036675339,0.931744277,0.231692144,0.040270956,4.097020422,3.985150464,3.599727525,3.155887751,2.940549389,2.598152001,1
3.092663559,2.580186452,2.094535758,1.788367222,1.553757877,1.205670181,0.319760313,0.230340448,6.054997974,4.312019142,4.083281568,1.880315737,1.223342714,1.084042634,4.362212504,4.015386401,3.017025137,2.093419037,1.493510979,1.380588948,0.645948101,0.392556238,5.955861951,5.069968884,4.400048563,2.881464499,1.896931964,1.675306257,0
3.519447695,3.096503008,2.968658222,2.714925877,1.881987029,1.592557237,1.24860348,0.927563681,2.037253548,1.760513937,1.427152656,1.118666103,0.861820351,0.44478254,4.723970252,4.150115292,2.927496695,2.689825495,2.235756613,1.441346717,0.51633458,0.004710953,2.582390748,2.318780686,2.067932344,1.436006377,1.309994171,0.703535269,0
3.519447695,3.100281611,3.033309069,2.886195494,2.606328842,1.76436284,1.415606433,0.091341853,2.202108145,1.995676945,1.711610772,1.37006655,0.500380357,0,3.193382961,2.604972304,2.241050517,1.971844207,1.566815041,0.449827265,0.389569591,0.280627802,3.888315668,2.769033394,2.622145831,1.207475406,1.071712014,0.69830175,1
2.421512977,1.933357945,1.377674731,1.011085558,0.944689643,0.837834387,0.604601518,0.209299818,4.126783288,3.880055079,2.366815812,2.26054413,1.522391302,0.785106437,3.465342389,3.254768835,2.091179033,1.992841981,0.870441024,0.589232813,0.497148731,0.221754162,5.011965605,4.224427882,4.033674857,3.796323748,3.550978727,2.443892255,0
2.921822324,2.570696427,2.464560527,2.253913603,1.562413251,1.322130542,1.036582395,0.770057266,2.96363805,2.561058782,2.076110712,1.627348462,1.253709233,0.647035054,3.547813508,3.22830043,3.033864377,2.776922922,1.868578671,1.336846421,0.849736424,0.259463697,4.633488764,3.786261765,3.351032015,3.032025137,1.071882937,0.499587939,1
0.275103297,0.259132515,0.221967168,0.210768394,0.184890172,0.163093217,0.138984403,0.029160464,7.913927993,7.697836614,6.953342062,6.058723977,5.646002203,1.212854454,0.432077925,0.395208378,0.363687861,0.285039819,0.250725406,0.215866126,0.13499275,0.011975789,8.855547598,7.958800564,6.73495304,5.85560167,5.233737164,0.774130008,0
0.530227987,0.48807119,0.366720136,0.254455591,0.181536621,0.167810921,0.078515148,0.047715306,10.89763737,9.529368946,6.527399359,6.067160569,3.994146317,3.527495156,0.432467198,0.406188077,0.260974598,0.187552126,0.108629148,0.073534974,0.062043081,0.000894364,8.720528683,8.389873569,7.996723512,7.659437311,5.559742137,3.030083437,1
3.730575806,3.508916111,3.016912383,2.907721966,2.700496684,1.772528694,1.093138082,0.119287772,4.497560456,3.934769686,3.6874921,3.501770729,0.880923343,0.615320977,3.8774541,3.406431603,2.402901259,2.207819765,1.83511817,1.67871365,1.051611804,0.310605965,4.021373799,3.610872562,3.220244245,2.635247424,1.232511226,0.743580346,1
0,0,0,0,0,0,0,0,7.714346568,7.5037048,6.777985662,5.905928959,5.50361562,1.182267466,0,0,0,0,0,0,0,0,10.66237373,9.050859596,7.958130475,5.760072464,2.847630281,2.196484744,1
2.032939659,1.658351527,1.426675263,1.255295823,0.997450188,0.286364554,0.248003913,0.178650477,5.154177991,3.670507282,3.475799675,1.600575595,1.420613692,0.925637685,2.720539149,2.475529698,2.326431982,2.129403788,1.432866022,1.105742603,0.429890086,0.198962303,4.222074885,3.753838959,3.354238945,2.76280743,1.970940681,0.115843092,1
0.530227987,0.48807119,0.366720136,0.254455591,0.181536621,0.167810921,0.078515148,0.047715306,10.89763737,9.529368946,6.527399359,6.067160569,3.994146317,3.527495156,0.302199556,0.24127887,0.171930812,0.12618128,0.117895214,0.10455991,0.075452955,0.026120162,8.345103647,7.846174497,4.786130477,4.571229876,3.078551093,1.587627488,1
0.432077925,0.395208378,0.363687861,0.285039819,0.250725406,0.215866126,0.13499275,0.011975789,8.855547598,7.958800564,6.73495304,5.85560167,5.233737164,0.774130008,0.390498638,0.306725031,0.223425609,0.183288679,0.152296451,0.131780565,0.108263215,0.036888775,10.93822493,9.285018567,8.164018947,5.909093961,2.92130264,1.129642558,1
3.887220501,3.415011608,2.408953605,2.213380747,1.839740404,1.682941937,1.054260568,0.311388308,3.077211087,2.763089839,2.464175625,2.016527932,0.943134709,0.568998009,3.56689114,3.350146916,2.152459159,1.546887295,0.895948518,0.606499752,0.18388109,0.007376509,3.169227705,3.049060525,2.899587788,2.155231877,1.238847187,0.158396873,1
3.528257794,3.304324277,2.97608955,2.493587837,1.260111305,0.706474993,0.326021783,0.091570506,2.324760987,1.858570901,1.631760123,1.446376406,1.26758082,1.001047838,4.341627233,3.971152787,3.081369268,2.890131817,1.792372096,0.776377667,0.543793754,0.133357709,2.851217743,1.980807806,1.310424764,1.18720842,0.69458425,0.562908989,1
3.528257794,3.304324277,2.97608955,1.564661326,1.487816984,1.181354349,0.627977771,0.244516337,2.324760987,1.858570901,1.631760123,1.446376406,1.126178818,0.984144564,4.341627233,3.971152787,3.081369268,2.890131817,1.792372096,0.611767973,0.177810278,-0.098663354,2.851217743,2.633876586,2.015533706,1.258007773,0.69458425,0.562908989,1
4.099289578,3.601319115,2.540375162,2.334132738,1.940108276,1.774755598,1.111776232,0.328376239,4.63352156,4.163585174,3.45059786,2.810949475,1.549298384,0.934699663,3.761484504,3.532915701,2.269887545,2.16314678,1.566027296,0.639587621,0.539634194,0.145434605,5.206127304,5.008727275,4.774017968,4.572659201,3.319148,0.524855573,1
3.528257794,3.304324277,2.97608955,1.549809359,1.260111305,0.887922394,0.627977771,0.244516337,2.324760987,1.858570901,1.631760123,1.446376406,1.126178818,0.880282562,4.341627233,3.971152787,3.081369268,2.890131817,1.792372096,0.611767973,0.12690551,-0.098663354,2.688749015,2.562492395,2.015533706,1.258007773,1.113007893,0.562908989,1
4.614778981,2.843852922,2.026476431,1.447480713,1.314564103,1.00049891,0.512233315,0.307867409,2.395854683,1.980682001,1.541348439,1.374369266,0.534255252,0.220733928,5.097309634,4.787568636,3.075998223,2.931350351,2.122174374,0.822685271,0.459142469,0.326186997,3.031627387,2.555263198,2.391992141,2.291102578,2.026919337,0.262975635,0
3.561899529,2.843852922,2.026476431,1.48724587,1.389581484,1.232403847,0.889332364,0.384174986,2.395854683,1.980682001,1.541348439,1.374369266,0.920860901,0.474893557,5.097309634,4.787568636,3.075998223,2.931350351,2.122174374,0.822685271,0.434915996,0.197083149,3.031627387,2.555263198,2.391992141,2.291102578,1.01965858,0.262975635,0
1.650627989,1.420795115,1.359339112,1.207620465,1.090818497,0.980407128,0.780498864,0.294131541,4.259885683,4.143568657,3.418063532,3.241720872,2.909109703,0.652851698,1.709080959,1.171060745,1.092774583,0.999792159,0.800799093,0.548872939,0.328679041,0.21259794,4.414416797,3.128317383,1.976749644,1.599061073,1.398222361,1.101451235,0
3.561899529,2.843852922,2.026476431,1.48724587,1.389581484,1.232403847,0.889332364,0.307867409,2.395854683,1.980682001,1.431634652,1.367353257,0.920860901,0.474893557,5.097309634,4.787568636,3.075998223,2.931350351,2.122174374,0.866725926,0.731275796,0.326186997,3.031627387,2.555263198,2.391992141,1.77390779,1.01965858,0.262975635,1
1.650627989,1.420795115,1.359339112,1.207620465,1.045767603,0.878061221,0.243792889,-0.000478927,4.259885683,4.143568657,3.742824338,3.261271969,3.039113317,0.927361314,1.709080959,1.11554072,1.02835765,0.834165721,0.585464469,0.369763921,0.28346392,0.132057636,4.414416797,3.354966061,3.041419678,1.897679659,1.398222361,1.101451235,1
2.415949809,2.275694823,1.949309744,1.850962405,1.527765627,1.373126983,0.549268352,0.256086414,3.113304692,2.768108592,2.675083031,2.458225417,0.826483865,0.517186786,2.393684331,1.562390785,1.27917171,1.168305928,0.819982879,0.76450703,0.460337391,0.297757901,3.497085238,2.478241871,1.565974016,1.181511217,0.552314799,0,1
2.415949809,2.275694823,1.949309744,1.850962405,1.527765627,1.373126983,0.549268352,0.059347976,3.113304692,2.820305645,2.707777736,2.56807971,2.304586328,0.517186786,2.393684331,1.562390785,1.27917171,0.854148832,0.815474165,0.517879564,0.397010534,0.184955717,3.497085238,2.657792145,2.409401819,1.181511217,0.552314799,0.136679502,1
2.415949809,2.275694823,1.949309744,1.850962405,1.527765627,1.373126983,0.549268352,0.040413575,3.113304692,2.820305645,2.675083031,2.458225417,0.581835134,0,2.393684331,1.640150364,1.530505259,1.40027704,1.193893596,0.76450703,0.460337391,0.297757901,3.497085238,2.657792145,2.409401819,1.503335055,1.187597322,0.984592681,1
4.250371637,2.618344654,2.514131988,1.843298723,1.067628368,0.722716013,0.609771453,0.271989747,3.720306176,3.135728849,2.935368367,2.811560255,2.101267975,1.814064214,3.396038455,1.986993379,1.290382572,0.827681085,0.381076503,0.21792748,0.180584544,0,2.695632694,2.545567909,2.055155285,1.908884327,1.016875531,0.413339679,1
4.250371637,2.618344654,2.514131988,1.843298723,1.067628368,0.722716013,0.609771453,0.271989747,3.720306176,3.019236035,2.928708599,2.241352507,2.040822241,1.408629971,2.675679738,2.314775805,1.946442493,1.254538612,0.794573842,0.357259221,0.193713316,0,3.868246532,2.545567909,2.055155285,1.908884327,0.465007138,0.216928802,0
4.461052952,4.189974463,2.638751828,1.934666874,1.558026761,1.050514025,0.674257255,0.285471664,2.285197816,1.926121232,1.616300938,1.337146584,0.768604205,0.198227312,3.564372405,2.764427336,2.379932091,1.98617538,1.264054325,0.781836629,0.189535711,0,2.376070169,1.622000522,1.520181167,1.172532068,0.624615726,0.253893869,0
4.461052952,4.189974463,2.638751828,1.934666874,1.558026761,1.050514025,0.674257255,0.00922568,1.966248758,1.850357888,1.616300938,1.337146584,0.768604205,0.198227312,3.564372405,2.764427336,2.379932091,1.98617538,1.264054325,0.781836629,-0.124335093,-0.107444288,2.376070169,1.563614915,1.262378994,1.172532068,1.030392894,0.555213979,1
2.13617268,1.742562899,1.499122074,1.092474288,0.814429756,0.293172293,0.250296505,-0.039226358,7.169596016,5.105771363,4.834928002,2.765321726,2.087289749,1.287586162,2.02620711,1.617742153,1.152772817,0.846028399,0.79047145,0.701060043,0.50590185,0.175132153,4.692888141,4.412314191,2.691491431,2.570641586,1.731230255,0.892805953,1
2.13617268,1.742562899,1.499122074,1.092474288,0.814429756,0.293172293,0.250296505,-0.039226358,7.169596016,5.105771363,4.834928002,2.765321726,2.087289749,1.287586162,2.02620711,1.617742153,1.152772817,0.846028399,0.79047145,0.701060043,0.50590185,0.175132153,4.692888141,4.412314191,2.691491431,2.570641586,1.731230255,0.892805953,1
2.13617268,1.742562899,1.499122074,1.092474288,0.814429756,0.293172293,0.250296505,-0.039226358,7.169596016,5.105771363,4.834928002,2.765321726,2.087289749,1.287586162,2.02620711,1.617742153,1.152772817,0.846028399,0.79047145,0.701060043,0.233509537,0.020878087,4.692888141,4.412314191,2.691491431,2.570641586,1.731230255,0.414982605,0
2.838008152,2.67325109,2.28984763,2.17431934,1.794661167,1.444623813,0.092954491,0.047473691,2.953712261,2.688268883,2.416949864,2.291343328,2.122197005,0.455882941,3.214448602,2.352911735,1.944858189,1.797305961,1.571113733,1.359468685,1.116860064,0.380550308,4.111416779,3.156335169,2.313632183,1.923273893,1.098047697,0.846965644,0
2.838008152,2.67325109,2.28984763,2.17431934,1.794661167,1.444623813,0.092954491,0.047473691,2.953712261,2.688268883,2.416949864,2.291343328,2.122197005,0.455882941,3.214448602,2.352911735,1.944858189,1.636576805,1.450099931,1.256467572,-0.096139147,-0.116971182,3.56272477,2.37973596,2.003410305,1.277071389,1.098047697,0.424605582,1
2.838008152,2.67325109,2.28984763,2.17431934,1.794661167,1.444623813,0.092954491,0.047473691,2.953712261,2.688268883,2.416949864,2.291343328,2.122197005,0.455882941,3.214448602,2.352911735,1.944858189,1.636576805,1.450099931,1.256467572,-0.069016694,-0.07210436,3.56272477,2.37973596,2.003410305,1.822986621,1.098047697,0.424605582,0
4.34908054,3.574290048,3.398796914,1.964056622,1.085444979,0.477094631,0.32959287,-0.073701086,3.49313564,2.935931998,2.814043468,2.595232568,2.020421448,0.236958361,4.419659928,3.785459639,3.587429008,3.425533573,3.113935157,1.669194102,1.355350024,-0.03076786,4.17648239,4.024748265,3.229701788,2.988683288,0.585224039,0.519492503,0
4.34908054,3.957406032,3.501345353,1.964056622,1.085444979,0.477094631,0.32959287,-0.073701086,4.187531486,3.421847157,2.854378331,2.701481729,2.020421448,0.236958361,4.419659928,3.818510455,3.708205361,3.487778202,3.113935157,1.669194102,1.355350024,0.147901429,4.17648239,3.719629905,3.229701788,2.956414146,0.584429066,0.504408202,0
2.787363551,2.401910137,2.144709469,1.308307208,1.087085931,0.940644366,0.772778467,0.263310591,6.694931101,5.683057349,3.092194877,1.907236445,0.77784458,0.174148974,2.683259027,2.238623264,1.817262652,1.551624482,0.867037164,0.320342978,0.277430677,0,5.220912384,3.761647632,2.524242214,2.294197422,1.576593085,1.397068949,0
3.883108906,3.533399408,3.126202239,1.753622562,1.560734496,0.42597749,0.294279445,0.122862215,4.343021466,3.23070196,2.960366127,2.801792221,2.523372986,0.893056009,4.129851482,3.884468016,3.339806165,3.218929327,2.98952516,2.752661815,2.316916804,0.132054891,3.938115631,3.445329564,3.228810468,3.0661907,0.606954377,0.53878212,0
2.787363551,2.189390916,1.594802998,1.308307208,1.19384927,0.940644366,0.772778467,0.263310591,6.694931101,5.683057349,3.767462384,3.131812436,1.788034167,1.379178258,2.683259027,2.238623264,1.817262652,1.551624482,1.34807255,1.046064447,0.284749314,0.208073008,5.672924458,5.41271627,2.524242214,2.294197422,1.576593085,1.397068949,1
2.787363551,2.189390916,1.594802998,1.308307208,1.19384927,0.940644366,0.772778467,0.263310591,6.694931101,5.683057349,3.767462384,3.131812436,1.788034167,1.379178258,2.274156966,1.855122291,1.59595661,1.404242239,1.115802077,0.320342978,0.277430677,-0.06529408,5.672924458,5.41271627,4.972297508,2.423272525,2.150810084,1.401416076,1
3.317492895,2.738745471,2.659631486,2.501534791,2.233403812,1.093608,0.84163691,-0.043203952,5.440773305,4.869965015,3.907954903,3.015970915,1.806236725,0.62858846,2.444049148,2.260191044,2.166874926,1.981671303,1.373694848,1.162435042,0.911377252,0.677044756,3.240874792,2.908265354,2.72284037,1.779580542,1.370988826,0.707562651,0
4.675584959,3.859913957,3.748412842,3.525595627,3.147699061,2.221536012,1.370045869,-0.060890484,3.406662725,3.08414867,2.677922462,2.066691264,0.616667778,0.430739658,3.620546337,3.189339409,3.120443033,2.969103515,2.681197494,1.81504542,1.456270736,0.963352878,2.220806436,1.992886128,1.865823831,1.219455911,0.545463729,0,1
4.181850559,3.452313129,3.352586356,3.153298287,2.815307003,1.986945312,1.225371186,-0.054460544,3.521251008,3.080628234,2.40774898,1.866548367,0.689696613,0.481749969,3.238222353,2.852550196,2.790929169,2.655570866,2.398067267,1.623379485,1.302490842,0.861624333,2.483805271,2.228893517,2.086783877,1.363869885,0.61006023,0,1
3.910060156,3.213481326,3.055703445,1.76579382,1.571566988,0.914881991,0.381274706,0.123714957,4.615636187,4.103753584,3.338120674,3.020342912,2.681767005,0.949113806,3.966064533,3.725064305,2.393342436,2.132714484,1.651200559,0.716418213,0.413323484,0.25379637,4.479267364,3.77543332,2.811041355,2.584072182,1.907997273,0.192625956,0
3.910060156,3.213481326,3.055703445,2.145175412,1.695162067,0.914881991,0.381274706,0.123714957,4.615636187,4.103753584,3.338120674,3.020342912,2.791558897,0.126641422,3.966064533,3.725064305,2.393342436,2.280796243,2.047405905,1.548000524,0.636816189,0.008202019,3.85408818,3.707953237,2.93436038,2.584072182,1.907997273,0.388549788,1
2.854439748,2.242077268,1.378070557,1.273519293,1.113245988,0.963280397,0.791374908,0.269646999,5.24576493,3.036309893,2.621573577,1.629417951,1.401001263,1.080645167,1.992398114,1.365189406,1.273925618,1.03515083,0.852809471,0.437686605,0.383164704,0.24784065,3.933049939,2.989126236,2.709770289,1.690748565,1.335649336,1.107337088,1
5.249301413,4.776553775,4.226092605,3.988364288,2.764726115,2.133538939,0.511865745,0.166088774,2.182477507,1.940436709,1.578411511,1.42815209,1.268058385,0.059881681,5.324487943,5.000942323,3.213090165,3.061995587,2.21675603,0.961799815,0.274489075,0.011011307,1.822383833,1.75328475,1.387495736,1.221863939,0.902185736,0.183723573,1
2.854439748,2.459710634,2.196320589,1.587814818,1.286199187,0.963280397,0.791374908,0.269646999,5.24576493,3.036309893,2.621573577,1.629417951,1.401001263,0.541755116,1.992398114,1.365189406,1.273925618,1.165529346,0.993744797,0.799508879,0.383164704,0.24784065,3.933049939,2.989126236,2.709770289,1.690748565,1.335649336,1.107337088,0
6.606623514,6.408152642,4.886430419,3.293712663,2.385096232,1.355277361,1.046189643,0.253344667,2.540688442,2.401714067,1.592837295,1.510648495,1.350427918,0.149224785,4.24525034,3.463023288,2.979229421,2.621349332,2.08290774,0.597995722,0.517889792,-0.121886799,2.466626783,2.288284694,2.166899173,0.99783827,0.885645585,0.577065344,1
2.854439748,2.459710634,2.196320589,1.587814818,1.286199187,0.963280397,0.791374908,0.269646999,5.24576493,4.027174385,2.951967952,2.516710634,1.401001263,0.541755116,1.992398114,1.365189406,1.273925618,1.165529346,0.993744797,0.799508879,0.383164704,0.24784065,3.933049939,2.989126236,2.709770289,1.690748565,1.335649336,1.107337088,1
5.689477886,5.177088328,4.865279487,4.453233384,2.996560277,2.312445344,0.554787887,0.180016031,1.603983789,1.480908137,1.419426565,1.309056555,1.01911712,0.057954134,5.77096913,5.42029282,3.482521578,3.31875707,2.402640545,1.822496319,0.492394413,0.223129622,2.049819542,1.727728302,1.649713146,1.234943564,0.200035853,0.08815023,1
4.34908054,3.957406032,3.719056961,3.40408576,2.290593662,1.76765096,0.18347418,-0.090238264,3.800691622,3.115035531,2.814043468,2.595232568,2.020421448,0.114895308,4.411373072,4.14331341,2.662066209,2.536883363,1.836596864,1.393130167,0.376390067,0.170561995,4.063811003,3.425258243,3.270591531,2.44830198,0.396575349,0.174759713,1
7.884592769,5.862459085,5.530007522,3.727517685,2.699230108,1.53377688,1.183980145,0.286711934,1.699363877,1.606409531,1.06538453,1.010411761,0.903246689,0.113693837,4.804379538,3.919127705,3.371614798,2.966599395,2.357241275,0.676755946,0.586099504,-0.137940144,1.649827025,1.530541205,1.449351333,0.667413715,0.592372559,0.3859757,1
3.974981776,3.266837133,3.106439549,2.180793345,1.723308097,1.071053381,0.387605292,0.125769088,3.017119883,2.785612559,2.66996471,2.462356907,1.916976062,0.428387348,2.66729617,2.415907023,2.021148618,1.581060271,1.392592195,0.936328583,0.084006104,0.042903573,2.989534703,2.516155699,2.415763126,2.29113054,0.737353446,0.161766631,1
3.893617771,3.199968159,3.042853757,2.13615463,1.688033658,1.049129961,0.379671389,0.123194717,3.637844575,3.35870828,3.219267716,2.968947892,2.311363565,0.516521268,2.612699216,2.47304974,2.318160744,1.92478385,1.364087189,0.917162849,0.355066454,0.061714935,3.604584181,3.033814934,2.912768177,2.77915525,2.589838508,0.147804649,0
2.921822324,2.573833399,2.518233235,2.396100512,2.163757059,1.464762423,1.175227148,0.499174504,2.714887147,2.561058782,2.076110712,1.902860967,0.727914435,0,3.921809027,3.445398415,2.296877586,1.933448367,1.811111223,1.196596563,0.428657572,0.222237866,3.158680534,2.686182826,2.320285317,2.088990416,1.905677658,1.023448405,1
2.921822324,2.736378407,2.521306187,2.448282312,2.163757059,1.464762423,1.175227148,0.499174504,2.714887147,2.561058782,2.076110712,1.455605736,0.727914435,0,3.921809027,3.445398415,2.296877586,1.933448367,1.811111223,1.196596563,0.428657572,0.222237866,3.158680534,2.686182826,2.320285317,2.088990416,1.905677658,1.023448405,0
3.789328274,3.548824985,3.269896579,3.175191492,2.806189047,1.89965886,1.524158887,0.647382302,2.168369973,1.945831195,1.821769023,1.458243217,0.532584539,0,5.086216813,4.468357134,2.978833828,2.507500371,2.348840621,1.551873004,0.555928484,-0.133306914,2.3110744,1.637600241,1.549227351,1.427352232,1.078200905,0.74881438,0
3.789328274,3.548824985,3.269896579,3.175191492,2.806189047,1.89965886,1.597003953,0.647382302,2.168369973,1.945831195,1.821769023,1.458243217,0.532584539,0,5.086216813,4.468357134,2.978833828,2.507500371,2.348840621,1.551873004,0.555928484,0.288221574,2.3110744,1.965367594,1.697655694,1.487258257,1.078200905,0.74881438,1
4.20446113,3.888019399,3.070327937,2.511809874,1.868024186,1.583783555,-0.137073142,-0.102827717,2.758907922,2.230705157,2.094496101,1.959187404,1.01545752,0.259011088,5.552741064,5.390060662,4.933621394,3.8774333,2.485105072,1.065162816,0.666256137,0.106754078,4.195862931,3.188369131,2.183959792,1.912262134,1.336375251,0.225657227,0
2.88877706,2.705430479,2.492790685,2.420592697,2.139285371,1.448196234,1.217468652,0.768644132,3.172470335,2.846881213,2.665369956,1.742019313,0.779206811,0,3.8774541,3.406431603,3.159966476,2.207819765,1.83511817,1.67871365,0.423809535,0.219724397,3.381256457,2.875464273,2.483783854,2.175958327,1.577480055,0.743580346,1
2.569138019,2.375776145,1.87612538,1.671279089,1.47344894,1.070116019,0.863838017,0.06061403,4.866281585,3.934614613,3.694363166,3.294618371,2.04008266,0.456855004,3.393005129,3.29359919,3.014691753,2.369307505,1.518524663,0.650868257,0.407116137,0.065232131,7.400845224,5.623783913,3.85216311,3.372930982,2.357156694,0.398024014,1
2.06028473,1.265504324,1.027792181,0.918611554,0.565360872,0.452599821,0.396220205,0.256285279,3.663223889,2.78405787,2.523867078,1.574755122,1.244453193,0.914019374,2.28426403,1.823777141,1.299589498,0.953778235,0.891145574,0.790346767,0.570333305,0.197436913,3.727586348,3.504724947,2.875600882,2.041874469,1.375125524,0.709160581,0
2.06028473,1.411705255,1.239677705,0.999242398,0.881867092,0.445747731,0.341713705,0.159194525,3.663223889,2.78405787,2.523867078,1.388994271,1.244017399,0.914019374,2.28426403,1.823777141,1.299589498,0.953778235,0.891145574,0.790346767,0.570333305,0.197436913,3.727586348,3.504724947,2.875600882,1.466800559,0.797805654,0.32962292,0
2.06028473,1.411705255,1.317331852,1.205242214,0.959272702,0.445747731,0.341713705,0.159194525,3.663223889,2.78405787,2.523867078,1.388994271,1.244017399,1.031368464,2.28426403,1.823777141,1.299589498,0.953778235,0.891145574,0.790346767,0.570333305,0.197436913,3.727586348,3.504724947,2.875600882,2.041874469,1.375125524,0.709160581,1
4.987612975,4.523826971,3.807660831,2.557346597,2.232184458,0.956756279,0.738556209,0.095889223,3.379041911,3.194210024,2.118427387,1.915765278,1.568437738,0.146050572,4.075663667,3.490825214,3.24916801,1.562323499,1.298547424,0.446568539,0.355215902,-0.055548875,3.491440401,3.375710748,2.616439632,2.083694321,1.247905007,0.43487417,1
3.790523664,3.438052085,2.893774749,1.943551523,1.696432352,0.727122841,0.561293509,0.147436246,8.004567094,6.320725092,5.018314243,4.538230691,3.715451135,0.345977242,3.097453562,2.652983631,2.46932717,1.187346377,0.986879849,0.339386521,0.269959656,-0.042216452,8.163273363,6.375135885,5.141703698,3.153221809,1.158938543,0,1
9.309051908,9.036321686,8.271110992,6.909339072,5.082717009,3.905836524,1.378466638,0.107221016,0,0,0,0,0,0,7.606958443,6.515395897,6.174552754,5.582908649,4.034787174,2.624376742,2.019711205,-0.103678325,0,0,0,0,0,0,0
5.051534962,4.903538553,4.488298783,3.749336477,2.758124342,2.119492936,0.748021655,0.097118153,3.692575074,3.490593081,2.314991163,2.093524526,0.27792806,0.159602252,3.591684212,3.420410723,3.290809829,3.02955215,2.1894677,1.55900297,1.265877174,-0.116965143,3.81540275,3.034775813,2.859212766,1.838766449,0.67943109,0.475225098,1
4.101919492,3.981744266,3.644563564,3.044515477,2.23963688,1.721058936,0.607404409,0.078861346,4.539322064,4.291023439,2.845843417,2.573592109,0.34165994,0.196200757,2.916499557,2.727855729,2.530327051,1.851957768,1.350328504,1.156399408,0.889960959,-0.045684582,4.690315441,3.615285455,2.915816529,2.260415279,1.676404993,0.742428366,1
1.861813966,0.696557434,0.395405125,0.343036879,0,-0.000352197,-0.149809797,-0.157300287,3.547905783,0.223143976,0,0,0,0,0.828577644,0.368616993,0.260003957,0.216510895,0.202729276,0.125521165,-0.030723659,-0.027964495,8.440622757,6.551569533,4.063943604,2.120631161,0.793078648,0.048504454,1
1.059352942,0.852104191,0.687923664,0.500558899,0.147157766,-0.008335571,-0.012251112,-0.017984622,4.594427348,4.37156666,3.218315657,2.018904476,1.369390173,1.122470152,0.828577644,0.495240449,0.479817823,0.351063802,0.24267036,0.194859805,0.168941063,0.083680776,6.688060565,4.180056278,2.208990793,0.845950558,0.05456751,0,1
1.861813966,0.696557434,0.624435842,0.343036879,0,-0.168536022,-0.209733716,-0.314600574,0.227792809,0,0,0,0,0,1.607317413,1.47839074,1.244346999,0.759874893,0.550252839,0.312668816,0.077930397,0.018773725,5.429733289,5.132729619,3.362941207,0.435923502,0.358773674,0.234686539,0
1.059352942,0.852104191,0.687923664,0.500558899,0.147157766,-0.008335571,-0.012251112,-0.017984622,4.594427348,4.37156666,3.218315657,2.018904476,1.369390173,1.122470152,0.800406004,0.608934044,0.496170048,0.390538644,0.10349807,-0.018876034,-0.132272064,-0.211831053,7.348116455,5.863695195,5.476019238,4.221428933,3.350352657,0.388446685,1
4.39104652,3.022633558,2.798290548,2.355524005,2.206480418,1.457815981,0.522234375,0.23075156,3.93094602,3.110855375,2.470743876,2.059129532,1.565167296,0.840576561,4.322308279,3.552287276,3.37787445,2.371347005,1.873887548,1.628682664,0.421473521,0.147426438,3.454013135,2.830898876,2.594017413,2.358509521,1.183024957,0.7825393,0
3.767343662,3.601319115,2.540375162,2.334132738,1.940108276,1.774755598,1.111776232,0.328376239,6.440244413,4.163585174,3.45059786,2.625061773,1.549298384,0.934699663,3.70836898,3.374396411,2.985523118,2.817579949,1.953140762,1.507238582,0.361607555,0.126486033,5.65886397,4.637988051,4.249894572,3.864051476,1.938202619,0.171068053,0
3.679347843,3.402427884,2.461879813,1.702831861,1.478376528,1.278945161,0.115743152,-0.089965114,3.286681636,2.623977183,2.400615634,1.537767573,1.360522155,0.304674593,3.970758913,3.430667669,3.331566167,3.077605107,2.797655471,1.974487477,-0.166735823,-0.188624557,4.09946935,3.950533155,3.072088549,1.975667366,0.730016491,0.562695055,0
4.221435463,4.035399365,2.846575932,2.615474349,2.173956669,1.988673423,1.245782713,0.37654669,3.097677116,2.4789266,1.696366702,1.562916377,0.922425461,0.556504013,4.155352344,3.781124833,3.34537921,3.157193232,2.188560009,1.688911597,0.405193445,0.131476043,3.712110713,2.761377868,2.530313723,2.394775849,2.156802578,0.10185096,1
5.195070977,3.621858033,3.33299058,2.732273167,2.297754492,1.278945161,0.115743152,-0.117085735,3.286681636,3.179071142,2.551088928,1.537767573,1.360522155,0.304674593,3.970758913,3.430667669,3.331566167,3.077605107,2.797655471,1.974487477,1.054269762,-0.054119085,4.09946935,3.26072272,2.548506735,1.975667366,1.465225735,0.648903548,0
3.76443223,3.598535988,2.53841194,2.332328902,1.938608945,1.773384053,1.110917042,0.335782581,5.312671677,4.20431956,3.339209173,2.25634438,1.278043676,0.771050306,3.705503124,3.371788652,2.983215883,2.815402501,1.95163136,1.506073776,0.361328102,0.117242738,5.143222753,3.825958485,3.5058133,3.318022167,2.988304216,0.141117067,1
5.195070977,3.621858033,3.33299058,2.732273167,2.297754492,1.391772488,1.136840144,0.086807364,3.286681636,3.179071142,2.551088928,2.197166504,1.360522155,0.304674593,3.970758913,3.430667669,3.331566167,3.077605107,2.797655471,1.974487477,1.054269762,-0.125051867,4.09946935,3.950533155,3.072088549,1.975667366,1.465225735,0.648903548,0
2.716549,2.168917385,1.545529984,1.103948118,1.002576791,0.763049123,0.313067749,0.027991387,3.214687912,3.022491197,2.479931659,1.769957544,1.650864467,0.611583404,4.7001533,4.323143057,3.638747147,2.380786445,2.133161326,1.508495231,0.227885799,0.054898545,4.197971001,3.804052407,3.568919626,2.308943706,0.292283566,0.228081932,0
2.716549,2.168917385,1.545529984,1.103948118,1.002576791,0.763049123,0.313067749,0.027991387,3.214687912,3.022491197,2.479931659,1.769957544,1.650864467,0.611583404,4.7001533,4.323143057,3.638747147,2.380786445,2.133161326,1.508495231,0.227885799,0.054898545,4.197971001,3.804052407,3.568919626,2.308943706,0.292283566,0.228081932,0
4.248695681,4.124220307,3.774974498,2.966829162,2.037327897,1.835048241,0.629138747,0.081683188,6.201500264,4.712420861,3.569077854,3.000305078,2.649684565,1.744401109,2.813603099,2.635027702,2.427921384,2.357602186,2.083615255,1.334010098,0.998189183,0.741535682,3.303312901,2.964295469,2.775298121,1.813865619,1.397402049,0,0
4.248695681,4.124220307,3.774974498,2.966829162,2.037327897,1.835048241,0.629138747,0.081683188,6.201500264,4.712420861,3.569077854,3.000305078,2.649684565,1.744401109,2.813603099,2.635027702,2.427921384,2.357602186,2.083615255,1.334010098,0.998189183,0.480685947,3.570617046,2.964295469,2.775298121,1.813865619,1.531712676,0,1
2.240515743,2.098313388,1.931035012,1.837381033,1.659215112,1.062292911,0.794873513,0.590496353,2.919016435,2.645380434,2.268834973,1.48285394,1.142390656,0,3.383302203,3.284180534,3.006070684,2.362532031,1.622355772,1.461277347,0.500992932,0.065045588,5.069790728,3.852452886,2.91775813,2.452780491,2.166144589,1.426065983,0
2.240515743,2.098313388,1.931035012,1.837381033,1.659215112,1.062292911,0.794873513,0.382777668,2.919016435,2.645380434,2.3560272,2.178081574,1.390175569,0,3.383302203,3.284180534,2.430032946,1.924243537,1.622355772,1.461277347,0.500992932,0.065045588,4.075373774,3.852452886,2.91775813,2.452780491,2.166144589,1.426065983,1
2.921822324,2.736378407,2.518233235,2.396100512,2.163757059,1.385319943,1.036582395,0.499174504,3.203455699,2.903155641,2.585606806,2.39032153,1.525639183,0,4.412112673,4.28284962,3.168968811,2.509376576,2.115689357,1.905629446,0.653337223,0.084824957,5.563809031,4.227849493,3.20207478,2.691788079,2.377221363,1.565026886,1
2.838008152,2.67325109,2.236442749,1.986828752,1.679496856,1.036066944,0.828123334,-0.036440697,2.974655993,2.893432419,2.613594747,2.405730516,2.225923127,0.386064353,3.877986997,3.235376019,2.626403513,2.242489266,1.948305314,0.462976512,0.400957399,0.28883105,4.792155167,3.603595984,3.231663982,1.488153227,1.320831616,0.860622086,1
2.951418381,2.793664275,2.618694945,2.17431934,1.907355602,1.574528302,0.828123334,0.047473691,2.974655993,2.893432419,2.613594747,2.405730516,2.175254878,0.386064353,3.877986997,3.235376019,2.626403513,2.242489266,1.948305314,0.462976512,0.400957399,0.28883105,4.792155167,3.603595984,3.231663982,2.156057206,1.39514365,1.174072548,1
4.461052952,4.189974463,3.398843647,2.565453166,2.279637405,1.741200187,0.674257255,0.479997334,2.341643582,1.926121232,1.839147691,1.730927827,1.253574923,0.777400432,2.573766452,2.325140725,2.042923248,1.935298035,1.767707886,1.185050929,0.914724178,-0.109324952,1.661538462,1.563614915,0.744414427,0.581053807,0.285630603,0.030202544,0
4.250371637,3.992095321,2.564909048,2.444294988,1.769566774,0.722716013,0.609771453,0.440855748,3.201056533,3.079682503,2.935368367,2.176877057,1.423810472,1.112256921,2.452215664,2.215331738,1.946442493,1.843900076,1.684224675,1.12908475,0.871524669,-0.086944847,3.479427686,2.649783792,2.474857689,1.789313593,0.886834358,0.413339679,0
4.250371637,3.992095321,2.564909048,2.444294988,1.769566774,0.722716013,0.609771453,0.440855748,3.201056533,3.079682503,2.935368367,2.176877057,1.584708717,1.265609309,2.452215664,2.215331738,1.946442493,1.843900076,1.684224675,1.12908475,0.871524669,-0.086944847,3.479427686,1.917121707,1.129861701,0.945956648,0.465007138,0.049169797,1
4.250371637,3.992095321,2.564909048,2.444294988,1.769566774,0.722716013,0.609771453,0.440855748,3.201056533,3.079682503,2.935368367,2.176877057,1.584708717,1.265609309,2.452215664,2.215331738,1.946442493,1.843900076,1.684224675,1.12908475,0.871524669,-0.086944847,3.479427686,2.649783792,2.474857689,1.789313593,0.886834358,0.413339679,1
4.220729033,3.000088803,2.697110869,2.351917011,2.200004087,1.962393852,1.247351609,-0.108058447,1.930268962,1.470010551,1.372967457,0.992650747,0.491985749,0.229306893,4.769887408,4.110278659,3.670142951,2.653304528,2.042979502,1.609681563,0.600788452,-0.149283871,2.227447065,1.659453326,1.258698228,1.203320839,0.809437582,0.458861565,1
4.254255241,3.023919189,2.718534632,2.370598821,2.217479219,1.977981591,1.257259606,-0.130484753,1.539968338,1.449209582,1.061113251,0.538539724,0.26473181,0.027992709,4.807775705,4.142927534,3.699295729,2.674380327,2.059207352,1.622467628,0.605560651,-0.312192804,2.285829793,1.702948596,1.286313127,0.886030323,0.665639118,0.470888603,1
2.512494078,2.378200594,2.229252072,1.850962405,1.623700552,1.340370129,0.053884766,-0.000670769,3.374666241,3.049767862,2.842953934,2.693599135,2.467767439,2.140066425,3.438390317,2.612441113,1.5098918,1.108120631,1.035352622,0.918242341,0.662625838,0.229386569,4.081164511,3.345774718,2.040907241,1.400276569,0.761622674,0.31467349,0
2.512494078,2.378200594,2.229252072,1.850962405,1.623700552,1.340370129,0.704967817,-0.031021368,3.374666241,3.282520308,2.965052088,2.729235777,2.525249189,0.437979499,3.438390317,2.612441113,1.5098918,1.108120631,1.035352622,0.918242341,0.662625838,0.286241997,3.415478358,2.260093197,2.040907241,1.400276569,0.761622674,0.31467349,1
4.524877785,4.450119457,4.054301804,3.702875618,2.865639408,2.260628887,0.167219782,0.09521998,2.962919661,2.737063748,2.253403819,1.981055793,1.225586848,0.259011088,3.677177807,3.443792549,3.169252041,3.015545317,2.723135959,1.533370114,1.304561796,0.969134045,2.435466737,2.189371179,1.9498965,1.227240376,0.94546597,0,0
2.13617268,1.742562899,1.499122074,1.452742208,1.266278359,0.300906194,0.260597594,0.187722378,7.169596016,5.391379559,4.834928002,3.225700883,2.087289749,1.756542843,2.291032558,1.750891349,1.587577024,1.257511609,1.171826835,0.523781345,0.438259597,0.311992844,5.840279256,4.625460797,3.733731516,3.3349693,3.082517512,0.494397552,0
2.512494078,2.378200594,2.229252072,1.850962405,1.623700552,1.340370129,0.704967817,-0.031021368,3.374666241,3.282520308,2.965052088,2.729235777,2.525249189,0.437979499,3.438390317,2.612441113,1.5098918,1.108120631,1.035352622,0.918242341,0.662625838,0.286241997,3.415478358,2.823617206,2.197312831,1.959270951,1.312759284,0.676997932,1
2.13617268,1.742562899,1.499122074,1.452742208,1.266278359,0.300906194,0.260597594,0.187722378,7.169596016,5.391379559,4.963944381,4.641530882,2.087289749,1.756542843,2.291032558,1.750891349,1.587577024,1.220652953,0.558700102,0.493042047,0.415990458,0.112111887,5.840279256,4.625460797,3.473926354,3.28801868,2.427769131,1.703974358,1
5.712535246,5.618154889,5.118445858,4.674779847,3.617791883,2.85398254,1.922329418,1.338562092,1.758655095,1.477464146,1.315433634,1.190662168,0.498826463,0.165105608,4.64233706,4.347694513,4.001094582,3.80704402,3.437885151,1.935838102,1.646973818,0.793113353,1.552478773,1.278466888,1.196954484,0.782299591,0.660610239,0,1
5.712535246,5.618154889,5.118445858,4.674779847,3.617791883,2.85398254,1.922329418,0.120212637,1.888701582,1.722764175,1.315433634,0.833328594,0.498826463,0.165105608,4.64233706,4.347694513,4.001094582,3.80704402,3.437885151,1.852845545,1.63134053,0.742897114,1.552478773,1.395606119,1.196954484,0.782299591,0.660610239,0.535718751,0
2.13617268,1.742562899,1.499122074,1.319039957,1.048100878,0.300906194,0.260597594,0.187722378,7.169596016,5.391379559,4.963944381,4.641530882,2.087289749,1.756542843,2.291032558,1.750891349,1.587577024,1.220652953,0.525911517,0.467989266,0.401006604,0.112111887,5.840279256,4.625460797,3.473926354,2.589620406,2.181273489,1.703974358,1
1.793910639,1.698025633,1.591676989,1.321579693,1.159315646,0.957018866,0.503344178,-0.022149132,4.259885683,4.143568657,3.742824338,3.400165697,1.043281478,0.552867295,2.955223727,2.673483949,2.543246937,2.341486824,0.961790311,0.363384957,0.31564014,0.167464201,4.177775221,3.754061084,3.168484489,2.986754064,2.533578558,2.055168304,1
1.793910639,1.698025633,1.591676989,1.321579693,1.159315646,0.62973502,0.503344178,-0.022149132,4.259885683,4.143568657,3.742824338,3.4451503,3.187655341,0.552867295,2.955223727,2.673483949,2.543246937,2.341486824,0.961790311,0.363384957,0.31564014,0.167464201,4.177775221,3.754061084,3.168484489,2.986754064,2.533578558,2.055168304,1
2.512494078,2.378200594,2.229252072,1.850962405,1.623700552,1.340370129,0.783988269,-0.031021368,3.374666241,3.282520308,2.965052088,2.729235777,2.525249189,0.181320791,4.138992183,3.744396427,3.561990618,3.279411833,1.347052862,0.508945391,0.442075522,0.234545023,3.610650001,3.242075388,2.891343971,2.366095914,2.007091895,1.628096999,1
6.818783737,4.999575483,3.988968605,3.272323775,3.133226039,2.652042174,0.810135547,0.421153498,3.976966387,3.022033148,2.046199656,1.900821538,1.535306424,1.118668755,5.483036098,4.989238512,4.414267058,3.008156844,2.377107879,0.974711472,0.534657498,-0.136294823,3.311980869,2.322072238,2.13813333,1.649165211,1.4492466,0.837614533,1
3.213598785,2.356231011,1.879945919,1.542201089,1.476646243,1.249870921,0.264645118,0.115234843,6.670445202,5.068764619,3.838964321,3.294747528,2.988928466,1.876309202,2.584079334,2.351359339,2.080383218,1.417702856,1.120298177,0.459368081,0.251976709,-0.063934698,5.60533532,5.44171606,3.786554136,3.442777191,2.593213905,1.404905473,1
4.217493543,3.092293014,2.467221426,2.023968632,1.937935136,1.640317566,0.501077842,0.26048812,3.984580152,3.027818726,2.050117035,1.904460596,1.538245715,1.120810407,3.391318779,3.085899483,2.730273247,1.860578448,1.470267649,0.602869881,0.330691606,-0.083907231,3.348338407,3.250600694,2.261892272,2.056537644,1.549052326,0.839218117,0
1.285591695,1.123942401,1.046636946,0.999242398,0.482773142,0.445747731,0.341713705,0.159194525,2.842059075,2.595977566,2.522097712,1.574755122,1.028271796,0.173852732,2.959480903,1.823777141,1.299589498,0.878163075,0.684399966,0.29615537,0.031382816,-0.106316048,3.57774005,2.198948042,2.126952572,0.850992697,0.370825785,0.071295417,1
1.434113275,1.265504324,1.101004801,1.017563698,0.959272702,0.445747731,0.271379206,0.159194525,2.933314527,2.78405787,2.522097712,1.574755122,1.244017399,0.914019374,2.959480903,1.823777141,1.299589498,0.953778235,0.843036552,0.655540497,0.570333305,0.246373345,3.57774005,2.36746514,1.527917249,0.850992697,0.63421093,0.32962292,0
2.703675408,1.411705255,1.239677705,1.070421335,0.959272702,0.445747731,0.271379206,0.159194525,2.933314527,2.78405787,2.522097712,1.574755122,1.244017399,0.914019374,2.959480903,1.823777141,1.299589498,0.953778235,0.843036552,0.655540497,0.570333305,0.197436913,3.57774005,2.187722645,1.527917249,0.850992697,0.63421093,0.32962292,1
5.531882165,4.056011088,3.236134937,2.6547417,2.541895727,2.151525164,0.819150552,0.492929666,3.331307731,2.54218012,2.209574726,2.077692429,1.657890158,1.207986816,4.074082291,3.200070101,2.331005101,1.817667514,1.466528011,0.577292304,0.155019757,-0.072921225,3.745783033,2.168102886,1.51243278,1.163499737,0.868099349,0.671455891,1
4.210662843,3.087284702,2.463225486,2.02069059,1.934796434,1.637660889,0.623506917,0.375199718,5.608722616,4.280115883,3.720128172,3.498085873,2.79129002,2.033814802,3.101039829,2.435774275,1.774274338,1.458110158,1.328199235,1.046499888,0.390589705,0.088496452,6.306549772,3.650304526,2.546392174,1.958914581,1.461566702,1.13048993,0
7.49476799,5.495211424,4.384417422,3.74362438,3.45285847,2.91495398,1.109810939,0.667836619,1.787018995,1.564988528,1.490314861,1.360376576,1.141625764,0.831821617,5.519694859,4.335555647,3.158119044,2.595362712,2.364127807,1.862717143,0.695230022,0.157519232,2.579352075,1.492959049,1.041463585,0.801187745,0.597774574,0.46236558,1
3.974981776,3.616998285,3.399151501,3.11127346,2.093561611,1.071053381,0.387605292,0.125769088,3.973130272,2.955546008,2.708234432,2.563166122,2.3084596,0.428387348,4.943345367,2.952089348,2.607067381,2.3723038,2.050799423,1.586696381,0.236347955,0.045135098,3.700829284,2.914506235,2.745719455,2.383918946,2.137753402,1.341981391,0
3.174024091,2.788452343,2.611149111,1.80728719,1.502199415,1.063838542,0.860833194,0.260192959,3.591719379,2.999224029,2.638384492,2.311398674,1.349519985,1.163757913,2.912466223,2.735488511,1.59460278,1.43704116,1.212553607,0.526099318,0.440199097,0.006023125,4.399414536,4.232602527,3.349551724,2.991819878,2.765343947,1.528645063,1
4.859669662,4.26933031,3.997865724,2.767092648,2.299980314,1.62881684,1.31800038,0.398374994,2.366961803,1.976504277,1.73870914,1.523223781,0.889340709,0.766922534,5.467224425,5.032542223,4.462903132,3.67624592,2.518764048,1.754849109,0.809576158,0.228414105,3.234148123,2.54698181,2.464910583,2.01709527,1.451416182,1.172755148,1
3.722204292,3.386985727,3.18299228,2.913421011,1.960427608,1.002942835,0.362956653,0.117771166,4.663920996,3.811129505,3.373041216,3.051939137,2.70982134,0.502869176,3.775517982,3.546096426,2.067131774,1.862879884,1.571869885,0.681998445,0.570643393,0.00780796,3.89440633,3.746742649,2.96505713,2.648389275,2.447910486,1.353172101,0
3.570839839,3.286933344,2.914881678,2.401087713,1.645094898,1.146154725,0.528763148,0.149185423,4.907621438,3.8648887,3.740350645,3.060818371,2.202435046,1.779584017,1.277728852,1.198133693,1.104495719,0.95369609,0.85466778,0.403245587,0.296870659,0.016726413,4.137324223,3.144375122,2.848511658,1.778562465,1.405020134,1.164849831,1
2.836612749,2.281912775,2.042590485,1.60434835,1.104594695,0.667285092,0.562996869,0,2.631073719,2.559231727,2.311716201,2.127860953,1.06099604,0.107126613,4.459204889,4.188238699,2.441456817,2.200218123,1.856510791,0.805497634,0.673977933,0.009221858,2.899237124,2.789307139,2.207372055,1.971624903,1.822376084,1.007385069,0
3.781399,3.614755042,3.384911504,2.342841002,1.9473465,1.379086052,1.115924085,0.337295996,3.781334586,3.114540139,2.335524689,2.046073529,1.194608767,1.030170298,3.409124749,2.677765789,1.950546555,1.602971809,1.460154379,1.150468509,0.429394366,0.097288478,4.884783246,2.839186902,2.748831446,1.893433225,1.132066946,0.875629063,1
4.675584959,3.993206869,3.781140203,3.525595627,2.369638413,1.687292908,1.370045869,0.149505101,3.148401767,2.754434532,2.553463256,2.290180627,0.616667778,0.430739658,3.285115161,2.679801989,2.30542629,2.234100969,1.947347363,1.511083987,1.152779555,0.288689036,4.23864593,3.187369132,2.934670601,2.744060605,1.2340001,0.692837647,1
3.116004507,2.487846289,1.772792759,1.301065568,1.215627261,1.078125846,0.778001634,0.269327146,2.774422879,2.608548313,1.583079593,1.091731928,0.593802545,0.245336603,4.396236929,4.000315556,3.759382105,3.44099572,2.315430205,1.184560003,0.428682393,0.139097671,3.472111471,2.837240701,2.511100662,2.272052399,2.017358735,0.37436694,0
3.775517982,3.546096426,2.067131774,1.862879884,1.571869885,0.681998445,0.570643393,0.00780796,3.89440633,3.746742649,2.96505713,2.648389275,2.447910486,1.353172101,3.772119554,3.709798015,3.175061748,2.280082075,2.010187609,1.218344235,0.139401115,0.079379193,3.954702963,3.653245904,3.50704954,2.887382052,2.478916949,0.345710325,1
2.836612749,2.281912775,2.042590485,1.289432895,1.104594695,0.667285092,0.562996869,0.047450349,2.631073719,2.559231727,2.311716201,2.100076685,1.924005987,0.943107591,5.467224425,5.032542223,4.462903132,3.67624592,2.518764048,1.915144872,0.809576158,0.228414105,3.234148123,2.54698181,2.464910583,2.01709527,1.451416182,1.172755148,0
3.977865395,3.802563282,3.560777992,2.464565667,2.048522849,1.450737858,1.173903045,0.354820549,3.510749157,2.891669308,2.168398788,1.899660227,1.109124735,0.956453184,3.915595167,3.562959983,3.348367851,3.064790735,2.0622836,1.05505174,0.381814432,0.123890085,4.330179287,3.538412006,3.131672518,2.83354792,2.515911451,0.466884772,1
2.925952639,2.386818519,2.053373415,1.989846111,1.734443354,1.345876769,0.356945028,0.257126586,5.286148491,3.975068171,3.564796023,2.378311667,1.538960289,0.949338237,3.586249261,2.816891809,2.051889167,1.686255825,1.536018171,1.21024226,0.451703983,-0.112239373,4.535237036,3.378762307,2.562797075,2.450044862,1.648071174,0.934274038,0
4.164402001,4.093105832,3.36774713,3.245859031,3.014535659,1.978654884,1.220258387,0.133159668,3.926470746,3.435141832,3.219262976,3.05712407,0.769065757,0.537188958,2.775330899,2.215849387,1.578972851,1.15881972,1.082722406,0.960254058,0.692942507,0.239881536,3.460069927,3.253202544,1.97430829,1.361533182,0.740549807,0.305966984,1
3.879189095,3.570766699,3.166587617,2.608426503,1.787152176,1.508740191,1.207878242,0.162067886,4.719668023,3.716870146,3.597101684,2.259291299,1.925357655,1.192621195,3.161115629,3.108888866,2.660768613,2.085373432,1.834326526,1.020998128,0.11682107,0.066521436,4.296431472,3.968925308,3.267586096,2.872663262,2.663393097,0.375583384,0
2.526485116,2.032430639,1.819273519,1.428944515,1.102520497,0.922339744,0.528293897,0.376083203,3.281294686,3.191698282,2.883013894,2.619071605,1.323201491,0.133600964,1.742416301,1.633873787,1.506181332,1.300538539,1.165495378,0.455441943,0.329719807,-0.142745726,3.400326547,2.667232987,2.512470466,2.247451376,1.154738426,0.957350594,1
3.722204292,3.386985727,3.18299228,2.913421011,1.960427608,1.002942835,0.362956653,0.117771166,4.663920996,3.811129505,3.373041216,3.051939137,2.70982134,0.502869176,3.409124749,2.677765789,1.950546555,1.602971809,1.460154379,1.150468509,0.429394366,0.097288478,4.884783246,2.839186902,2.748831446,1.893433225,1.132066946,0.875629063,1
3.163963583,2.971703487,1.605736364,1.372145904,1.077613439,0.57152906,0.478211181,0.006543235,4.230924567,4.070501169,3.221269685,2.877238351,2.659436056,1.4701006,1.388063328,1.301594966,1.199871162,1.03604968,0.928470075,0.372083785,0.322506042,0.196998834,3.978871859,3.121046796,2.939952353,2.631686798,1.351210292,1.120238097,0
2.401702256,1.932049082,1.729419773,1.35836908,0.935237836,0.78841172,0.502201511,0.357508489,3.534195275,3.43769337,3.105217622,2.820932399,1.42518515,0.458683901,3.772119554,3.709798015,3.175061748,2.488449909,2.188878792,1.218344235,0.139401115,0.079379193,3.954702963,3.607250956,3.007689637,2.644178079,2.451552793,0.345710325,0
2.917002889,2.788452343,2.611149111,1.80728719,1.502199415,1.063838542,0.860833194,0.260192959,4.271680183,3.518418983,2.638384492,2.311398674,1.349519985,1.163757913,2.035174006,1.624901404,1.157874365,0.849772463,0.793969648,0.704162555,0.508140697,0.175907193,4.210016574,3.958312092,2.402226198,1.656636249,0.901058946,0.372283249,0
3.317492895,3.260696137,2.682852706,2.585752834,2.401473399,1.576258372,0.972096,0.106079157,4.59453636,3.874630012,3.726328671,3.373316923,0.899917716,0.62858846,2.856918338,2.244024126,1.634599093,1.343324136,1.223640121,0.96411684,0.359841522,0.081529794,5.30688061,3.084522927,2.986359796,2.482498243,1.229889602,0.951292752,1
3.570839839,3.286933344,2.914881678,2.401087713,1.645094898,1.250849623,0.528763148,0.149185423,4.907621438,3.8648887,3.740350645,3.060818371,2.202435046,1.779584017,2.912466223,2.735488511,1.478099479,1.263076674,0.991956026,0.692186204,0.467643838,0.330149323,4.399414536,4.232602527,3.11647904,2.949700211,1.719725696,0.219881173,1
2.786959344,2.225133643,1.585588639,1.163675095,1.087258939,0.964277456,0.695845889,0.240886624,3.102983699,2.917465449,1.770555674,1.221020199,1.045138663,0.590332059,2.873594303,2.103413242,1.789529557,1.693321121,1.542453981,1.215313091,0.453596592,0.10277201,4.067191384,2.363977258,2.28874507,1.902585757,0.942586947,0.729070422,0
2.75021603,2.294484998,1.862609918,1.590343116,1.521766707,1.295354839,0.284353575,0.204835081,6.185555176,4.651402347,4.171324837,2.782967234,1.800805217,1.110862485,3.168892,3.029240853,2.836627128,1.963350101,1.631917379,1.155703156,0.935167885,0.282661148,4.108082219,3.38366962,2.537338928,2.222876101,1.297835704,1.119187998,0
3.95872258,3.890947723,3.201414418,3.085546361,2.865648028,1.880929306,1.159989941,0.126582924,4.229097258,3.699899946,3.46738257,3.292747064,0.828340282,0.578591946,3.722204292,3.386985727,3.18299228,2.913421011,1.613719296,1.002942835,0.362956653,0.117771166,4.663920996,3.811129505,3.373041216,3.051939137,2.70982134,0.502869176,0
2.786959344,2.225133643,1.585588639,1.163675095,1.087258939,0.964277456,0.695845889,0.240886624,3.102983699,2.917465449,1.770555674,1.221020199,1.045138663,0.590332059,3.838628946,3.187625129,2.9708052,2.713403358,2.549348031,2.248188062,0.737639212,0.518201503,2.684794842,2.433115367,2.166979808,2.003312522,1.151715303,0,1
3.838628946,3.032696975,2.790929169,2.655570866,2.398067267,1.490146005,0.737639212,0.518201503,2.684794842,2.433115367,2.166979808,2.003312522,1.151715303,0,1.749716906,1.640719606,1.512492128,1.219144504,0.589016463,0.46902852,0.406533523,-0.143343821,3.049405957,2.317554949,2.100962304,2.01550984,1.03556708,0.858550073,1
2.786959344,2.225133643,1.585588639,1.163675095,1.087258939,0.964277456,0.695845889,0.240886624,3.102983699,2.917465449,1.770555674,1.221020199,1.045138663,0.590332059,1.749716906,1.640719606,1.512492128,1.305987706,1.170378724,0.46902852,0.406533523,-0.143343821,3.049405957,2.317554949,2.100962304,2.01550984,1.03556708,0.858550073,0
3.910060156,3.557923451,3.343634662,3.060458406,1.695162067,1.053560339,0.617854038,0.123714957,3.850250038,3.43349555,2.979741116,2.298306339,1.313229036,0.497663054,3.966064533,3.725064305,2.012808895,1.720000582,1.35080077,0.942587809,0.636816189,0.449582388,3.785202263,3.018199248,2.730178058,2.584072182,1.506558299,0.192625956,0
2.522913725,2.029557634,1.816701829,1.426924586,1.100961995,0.921035942,0.573586694,0.395660333,3.497606332,3.160871808,2.908049739,2.728180201,2.388543091,0.142408294,3.966064533,3.725064305,2.012808895,1.720000582,1.35080077,0.942587809,0.636816189,0.449582388,3.081078399,2.808183145,2.691741856,1.958685554,1.506558299,0.192625956,0
4.100041368,4.029847077,3.31569876,3.195694435,2.967946154,1.948074867,1.201399352,0.131101691,3.648017302,3.191531951,2.990962571,2.840322066,0.714525937,0.49909314,3.916387676,3.743794849,3.505746339,2.426475922,1.523537892,1.300230484,0.465782419,0.341367491,2.794206815,2.686600856,2.226537654,1.813797233,1.654633183,0.915972408,0
3.956562397,3.848965466,3.485312769,3.060458406,1.695162067,1.053560339,0.617854038,0.123714957,3.850250038,3.43349555,3.101732108,2.860551472,2.154662193,0.497663054,2.522913725,2.029557634,1.816701829,1.426924586,1.100961995,0.921035942,0.573586694,0.395660333,3.497606332,2.923050215,2.653936768,1.504459138,0.160209331,0.048041452,1
3.910060156,3.557923451,3.343634662,3.060458406,1.695162067,1.053560339,0.617854038,0.28595603,3.505026707,3.236081691,2.979741116,2.298306339,1.313229036,0.497663054,3.966064533,3.725064305,2.012808895,1.720000582,1.35080077,0.942587809,0.636816189,0.449582388,3.081078399,2.808183145,2.691741856,1.606995518,0.877177708,0.192625956,1
3.317492895,3.260696137,2.775498618,2.60832902,2.48232272,1.576258372,1.250321428,0.729072,5.053564046,3.73535378,3.481368928,0.95991223,0.658489534,0.49902325,3.168892,3.029240853,2.836627128,1.963350101,1.232750033,1.052063871,0.376881531,0.195394535,4.108082219,3.38366962,2.537338928,2.284407294,2.083946345,1.153631737,0
3.910060156,3.557923451,3.343634662,3.060458406,1.695162067,1.053560339,0.617854038,0.123714957,3.850250038,3.43349555,3.101732108,2.860551472,2.154662193,0.497663054,2.522913725,2.029557634,1.816701829,1.146835411,0.982438338,0.828202058,0.52754711,0.375551579,3.497606332,3.160871808,2.908049739,2.728180201,1.410430442,0.453935222,1
3.910060156,3.557923451,3.343634662,3.060458406,1.695162067,1.053560339,0.617854038,0.123714957,3.850250038,3.43349555,2.979741116,2.298306339,1.313229036,0.497663054,3.966064533,3.725064305,2.012808895,1.720000582,1.35080077,0.942587809,0.636816189,0.449582388,3.785202263,3.018199248,2.730178058,2.584072182,0.877177708,0.192625956,0
4.164402001,4.093105832,3.484044236,3.245859031,3.014535659,1.502820722,1.220258387,0.133159668,3.926470746,3.435141832,3.219262976,3.05712407,0.604337578,0.521590812,3.224711035,3.020043201,2.779284159,2.644490631,2.388061453,0.826381631,0.688052445,0.083692416,2.993756589,2.713114256,2.416352258,2.233850411,1.284252794,0.589733994,1
2.522913725,2.144594308,1.179602137,1.023373269,0.883415528,0.593490499,0.500735438,-0.03239481,3.472980651,3.160871808,2.946523588,2.791727749,1.410430442,0.453935222,3.966064533,3.725064305,2.012808895,1.720000582,1.35080077,0.942587809,0.636816189,0.449582388,3.785202263,3.018199248,2.730178058,2.584072182,0.877177708,0.192625956,0
2.481667295,2.439180194,2.076225742,1.951173681,1.856914033,1.684157147,0.727181317,0.079353048,5.396852587,4.721531187,4.424810178,4.201953615,0.830649464,0.586164676,1.921682852,1.799716368,1.656242265,1.57591556,1.423103246,0.801334939,0.437742832,0.307520248,4.148289706,3.729119263,3.321226052,1.882857412,0.911899284,0,1
7.065121073,4.988231052,3.726069154,2.749867888,2.418918355,1.176963349,0.393563091,0.274805019,2.048025253,1.921993275,1.6451191,1.56899202,1.433553566,1.211633529,5.757302388,5.662182405,4.846026304,3.798065889,3.340837138,1.859531776,1.4500871,0.159573622,2.104710953,1.745927431,1.69144462,1.492276888,1.383566259,0.195106196,0
4.250371637,3.992095321,2.157096983,1.843298723,1.077500971,0.76777461,0.642414234,0.415328172,3.143842555,2.506799525,2.267580268,2.14623038,1.525132914,0.159987667,4.632081864,4.190476816,3.810637883,3.67009731,2.532004136,1.413310337,0.506291089,0.262487026,2.66257232,2.560035655,1.919714054,1.728349627,1.576683762,0.846761505,0
9.309051908,8.568917816,7.598992412,6.259549899,3.47831497,2.987984428,1.378466638,0.388921068,0,0,0,0,0,0,7.585861053,7.460530312,6.385157445,5.004357624,4.401909892,2.450131803,0.280340396,0.159634264,0,0,0,0,0,0,1
4.250371637,2.375600276,2.157096983,1.843298723,1.447632843,1.342285236,0.897917476,0.51184974,2.559024516,2.332368275,2.235656646,0.777119859,0.179986125,0,4.632081864,4.190476816,3.810637883,3.67009731,2.532004136,1.413310337,0.506291089,0.209235139,3.586065964,2.608234109,2.488923554,1.728349627,1.576683762,0.846761505,0
4.250371637,3.992095321,2.157096983,1.843298723,1.447632843,1.342285236,0.897917476,0.51184974,3.143842555,2.506799525,2.267580268,2.14623038,0.179986125,0,4.632081864,4.190476816,3.810637883,3.67009731,2.532004136,1.413310337,0.506291089,0.262487026,3.108115784,2.608234109,2.488923554,1.842925492,1.576683762,0.846761505,1
5.051534962,4.64990295,4.123575227,3.396729922,1.887499377,1.62142267,0.748021655,0.211047096,3.56331377,2.915804397,2.715784648,2.222391517,1.981078692,0.057951658,4.116449527,4.048439097,3.464890559,2.715602808,2.388685973,1.329558218,0.152126052,0.086625155,3.243773366,2.958782159,2.467002864,2.168839102,2.010841706,0.283562623,1
5.044806809,4.738256176,2.560279071,2.187828911,1.278896224,0.911279039,0.65727598,-0.087440417,2.610692349,2.365610946,2.023858082,1.782260763,1.266492441,0.132856073,5.497862334,4.617109325,4.4805329,3.130479128,2.538940602,1.677471576,0.889193175,0.248343191,2.211038582,2.125890651,1.495048478,1.352495505,0.791058382,0,1
9.076615955,8.35496213,7.409254609,6.103256384,4.181619807,3.179498984,1.344047966,0.277160026,0.419886102,0.295178056,0.278083513,0.233767771,0.208384682,0.135914432,7.750554301,6.629470891,6.223066983,5.853148696,5.225769658,3.291222221,2.489975174,1.705899451,0.364878583,0.319220431,0.295929212,0.059903794,0.054529117,0.046483951,1
5.044806809,4.738256176,2.560279071,2.187828911,1.718209288,0.911279039,0.65727598,0.376715388,2.610692349,2.365610946,1.856521628,1.35092527,0.604998352,0.132856073,5.497862334,4.973717072,4.4805329,3.130479128,2.538940602,1.677471576,0.889193175,0.450691308,2.581024321,2.125890651,1.495048478,1.396587744,1.267964536,0.703163006,0
3.56047524,3.277392802,2.906421041,2.394118397,1.640319902,1.247218949,1.015847054,0.395421283,5.69613886,3.880241584,3.303409943,3.015390655,2.07427897,0.082694952,3.040302336,2.600536046,2.441116383,2.2960089,1.377114148,1.098832635,0.892228673,0.097363702,4.949911579,4.330517004,4.014550325,2.623854237,0.761859127,0.657544285,1
5.044806809,4.738256176,2.560279071,2.187828911,1.718209288,0.911279039,0.65727598,0.376715388,2.610692349,2.365610946,1.856521628,1.35092527,0.604998352,0.132856073,5.497862334,4.973717072,4.522882604,4.356073653,3.005259962,1.677471576,0.889193175,0.450691308,3.288333208,2.165915345,2.066838133,1.396587744,1.267964536,0.703163006,1
5.044806809,4.738256176,2.560279071,2.187828911,1.718209288,0.911279039,0.65727598,0.376715388,2.610692349,2.365610946,1.856521628,1.10836109,0.604998352,0.132856073,5.497862334,4.973717072,4.522882604,4.356073653,3.005259962,1.677471576,0.600921743,0.248343191,3.288333208,2.917147167,2.10575103,1.984164608,1.30930101,0.703163006,0
7.995646992,7.359937686,6.526858096,5.376396202,3.683614686,2.800840271,1.183980145,0.244151977,1.318353554,1.251418815,1.093161863,1.022769149,0.911714319,0.594646075,6.827511101,5.839941808,5.481938098,5.156074797,4.603412732,2.467613805,2.003649801,0.218646595,1.755890532,1.5638191,1.357841901,1.242945408,0.2457076,0.212064963,0
2.941715369,2.762960316,1.775193563,1.275761427,0.745746828,0.531382797,0.444619903,0.287451868,4.334741419,3.215877764,3.082531421,2.243049329,1.725281822,0.22059157,2.656238089,2.086395778,1.284648895,1.18509086,1.040634187,0.896393796,0.334564956,0.075802847,5.536047227,4.124368263,3.115319541,1.719584246,1.28299983,0.992372354,0
2.941715369,2.762960316,1.775193563,1.275761427,0.745746828,0.531382797,0.383269157,0.198732256,4.334741419,3.927813153,3.810651435,2.959230164,2.102858746,0.22059157,2.656238089,2.086395778,1.284648895,1.18509086,1.040634187,0.896393796,0.334564956,0.075802847,5.536047227,4.124368263,3.115319541,1.719584246,1.28299983,0.992372354,0
2.557030936,2.133312097,1.731773479,1.47863168,1.284655406,0.305273139,0.264379554,0.190446726,6.45266553,4.852263497,4.351454836,2.903143894,1.87856925,1.580895692,3.606700862,3.319943167,2.944155082,1.558623154,1.347639021,1.157665261,0.53407338,0.150683653,4.923477085,4.028804943,3.76967059,3.602337647,2.87878812,1.244122065,0
2.520452507,2.102794982,1.70700039,1.457479795,1.266278359,0.300906194,0.260597594,0.187722378,7.169596016,5.391379559,4.834928002,3.225700883,2.087289749,1.756542843,2.899634013,2.723436058,1.749799348,1.257511609,0.73507889,0.523781345,0.438259597,0.283339857,4.816357622,3.573181393,3.425019458,2.492265787,1.916971152,0.245100638,0
3.606700862,3.319943167,2.944155082,2.425201217,1.661616162,1.402760839,1.029035788,0.150683653,4.923477085,3.877375464,3.752435049,3.50671332,2.008500227,1.244122065,2.656238089,2.086395778,1.519778957,1.248964203,1.040634187,0.896393796,0.334564956,0.162210569,5.536047227,3.204328671,1.791233589,1.190846825,0.643200694,0.501159155,0
3.606700862,3.319943167,2.944155082,2.425201217,1.661616162,1.402760839,1.029035788,0.041541731,5.102079113,4.822997961,3.76967059,3.50671332,2.008500227,1.244122065,2.941715369,2.762960316,1.775193563,1.275761427,0.745746828,0.531382797,0.444619903,0.287451868,4.334741419,3.215877764,3.082531421,2.243049329,1.725281822,0.22059157,0
2.520452507,2.102794982,1.70700039,1.457479795,1.266278359,0.651724645,0.267472173,0.187722378,7.169596016,5.391379559,4.963944381,4.641530882,2.087289749,1.756542843,2.618240497,2.056549803,1.498038458,1.23109772,1.025747873,0.883570847,0.329778991,0.15989014,6.151135831,3.560349125,1.990250564,1.323157168,0.714664213,0.556840993,0
1.615940801,1.375559464,1.267871743,0.86127311,0.728695647,0.61429528,0.371406245,0.0459686,4.005392045,3.896024018,3.519220924,3.085307465,1.615198035,0.613849101,2.656238089,2.086395778,1.519778957,1.248964203,1.040634187,0.896393796,0.334564956,0.162210569,5.536047227,3.204328671,1.791233589,1.190846825,0.643200694,0.501159155,0
2.520452507,2.102794982,1.70700039,1.457479795,1.266278359,0.300906194,0.260597594,0.187722378,7.169596016,5.391379559,4.963944381,4.641530882,2.087289749,1.756542843,1.590214092,1.35588203,1.249734787,1.183948259,0.814994461,0.67337965,0.419355629,0.274569948,4.450415525,4.328896043,3.910227827,3.428103938,3.039224042,1.59525012,1
3.606700862,3.319943167,2.944155082,2.425201217,1.661616162,1.263411582,0.432756824,0.03403328,4.923477085,3.877375464,3.652826375,2.526094637,2.021514714,1.785333535,2.941715369,2.762960316,1.775193563,1.275761427,0.745746828,0.531382797,0.444619903,0.287451868,4.334741419,3.215877764,3.082531421,1.84030061,1.004527177,0.22059157,1
2.557030936,2.133312097,1.731773479,1.47863168,1.284655406,0.305273139,0.264379554,0.190446726,6.45266553,4.852263497,4.467570101,4.177396643,1.87856925,1.580895692,2.656238089,2.086395778,1.519778957,1.248964203,1.040634187,0.896393796,0.334564956,0.075802847,5.536047227,4.699327507,3.115319541,1.719584246,1.116418898,0.57173395,1
2.458877345,1.963189996,1.398932493,1.026686785,0.95926637,0.850762318,0.613930625,0.212529351,4.023993252,3.783410556,2.296081699,1.583436304,1.355350635,0.765550983,3.058662431,2.551819562,2.071508172,1.768705691,1.692438197,1.440633441,0.316244828,0.227808056,6.147686695,4.622926077,4.256414832,2.765929678,1.789780538,1.104061693,1
2.458877345,1.963189996,1.398932493,1.026686785,0.95926637,0.690671953,0.283372468,0.025336332,4.023993252,3.783410556,2.296081699,1.583436304,1.355350635,0.765550983,3.058662431,2.551819562,2.071508172,1.768705691,1.53667567,0.355775432,0.303744075,-0.014708683,6.147686695,4.622926077,4.256414832,2.765929678,1.789780538,1.104061693,0
3.528257794,2.857808149,1.911826776,1.80401422,1.502074873,0.846922304,0.122094008,0.063753824,2.150724332,1.858570901,1.408423133,1.180973477,0.997269051,0.5568499,4.335127447,3.898346609,3.663554606,3.353283963,2.256409366,1.154365301,0.676970493,0.313316386,3.362541869,2.501339377,2.292034503,2.083943297,1.569695172,0.362553023,1
3.356773869,3.104254365,2.799485534,1.858720476,1.731853651,1.408195194,0.803706792,0.56461487,2.324760987,1.929996517,1.408423133,1.180973477,0.997269051,0,4.335127447,3.898346609,3.663554606,3.353283963,2.256409366,1.154365301,0.676970493,0.313316386,2.804949618,2.501339377,2.292034503,2.083943297,1.569695172,0.362553023,0
2.458877345,1.963189996,1.398932493,1.026686785,0.95926637,0.850762318,0.613930625,0.265206574,4.023993252,3.783410556,2.484726935,1.583436304,0.861244856,0.355833583,3.058662431,2.551819562,2.071508172,1.768705691,1.692438197,1.440633441,0.316244828,0.227808056,6.147686695,4.622926077,4.256414832,3.979956135,1.789780538,1.104061693,0
2.458877345,1.963189996,1.398932493,1.026686785,0.95926637,0.850762318,0.613930625,0.212529351,4.023993252,3.783410556,2.296081699,1.583436304,0.861244856,0.401573579,2.592324634,2.114664592,1.819240139,1.762956455,1.53667567,0.574167325,0.316244828,0.227808056,6.147686695,4.622926077,4.256414832,3.979956135,1.789780538,1.104061693,1
3.356773869,3.104254365,2.799485534,1.858720476,1.731853651,1.408195194,0.803706792,0.56461487,2.324760987,1.929996517,1.408423133,1.180973477,0.997269051,0,4.335127447,3.898346609,3.663554606,3.353283963,2.256409366,1.154365301,0.417755182,0.13555204,3.362541869,2.747705748,2.431857727,2.200353123,1.953696841,0.362553023,0
2.458877345,1.963189996,1.398932493,1.026686785,0.95926637,0.850762318,0.613930625,0.212529351,4.023993252,3.783410556,2.296081699,1.583436304,0.861244856,0.401573579,2.592324634,2.114664592,1.819240139,1.762956455,1.53667567,0.574167325,0.316244828,0.227808056,6.147686695,4.622926077,4.256414832,3.979956135,1.789780538,1.104061693,1
2.5775292,2.287398175,2.182851318,2.03894249,1.76261661,1.488299568,0.629138747,0.048936183,6.201500264,4.8833667,4.581520282,3.000305078,2.313917576,1.744401109,2.514775665,2.278954185,1.524582969,1.438608032,0.769097516,0.675376733,0.329946356,-0.092235847,3.570617046,2.964295469,2.531400836,2.076678888,1.531712676,0.855269748,1
4.248695681,2.999732844,2.182851318,1.836058968,1.587519539,1.363730341,0.629138747,0.048936183,4.985103507,4.712420861,3.683243176,3.000305078,2.313917576,1.21559802,2.813603099,2.635027702,2.424962249,2.170432557,1.422944104,0.721028921,0.097363656,0.050840377,3.570617046,3.235898352,2.881953928,2.664286197,0.962178466,0,1
3.860436997,3.082207947,2.196323767,1.611898071,1.506048031,1.335696689,0.963870972,0.333671044,2.664525663,2.505221528,1.520372483,1.048487511,0.570281528,0.26590579,5.519563388,5.048574728,4.645917057,3.808565973,3.495581342,2.757573802,1.39020797,0.116151803,2.666388783,2.579087533,2.142835317,1.890516296,1.752794391,0.247173596,0
3.860436997,3.082207947,2.196323767,1.611898071,1.506048031,1.335696689,0.963870972,0.333671044,2.664525663,2.505221528,1.520372483,1.048487511,0.570281528,0.26590579,5.519563388,5.048574728,4.645917057,3.808565973,3.202882376,2.757573802,1.39020797,0.116151803,2.666388783,2.579087533,2.142835317,1.890516296,1.752794391,0.247173596,0
2.902686123,2.718456753,2.501740303,2.239151808,1.467996714,0.743857811,0.10044634,0.052450062,3.202196044,2.902014069,2.5845901,2.389381614,0.862899616,0,4.383215955,3.094709023,2.31166113,2.103498561,1.818423777,1.535421433,1.250585024,0.183125526,4.314232591,3.39757844,3.288098493,2.213508791,1.759962926,1.090171004,0
1.434113275,1.344776266,1.239677705,1.070421335,0.959272702,0.384427918,0.3332054,0.203534405,9.231292428,2.873450965,2.523867078,1.326951893,1.160289522,0.914019374,2.079449005,1.764731506,1.638673464,1.492768623,1.314973805,0.75914101,0.412718754,0.05108181,3.51010016,3.063102459,2.939131218,2.722961437,1.425505241,0.541757166,1
2.902686123,2.718456753,2.501740303,2.239151808,1.467996714,0.743857811,0.619342404,0.075334755,3.202196044,2.902014069,2.5845901,2.389381614,1.373668531,0,4.383215955,3.094709023,2.31166113,2.103498561,1.637782862,1.406908152,0.525928456,0.183125526,4.314232591,3.39757844,3.288098493,2.213508791,1.771366965,1.56441149,1
4.039427731,3.861412603,3.035527195,2.648183071,2.080226248,1.341079461,0.480415775,0.352092138,3.05334251,2.935757138,2.433027517,1.982009408,1.80808443,0.971035746,4.02951509,3.962940958,3.610455592,3.297501919,2.551922457,2.192099825,-0.122067008,-0.091570614,3.727692351,3.44353974,3.305735442,2.529711389,2.310827053,0.32586562,0
1.434113275,1.344776266,1.239677705,1.070421335,0.959272702,0.384427918,0.3332054,0.018773601,2.842059075,2.595977566,1.640369918,1.326951893,1.160289522,0.914019374,2.079449005,1.764731506,1.638673464,0.843490011,0.521781131,0.464308598,0.06810908,0.03478465,3.51010016,3.023106396,2.872228353,2.722961437,1.425505241,0.143930366,0
1.434113275,1.344776266,1.239677705,1.070421335,0.959272702,0.384427918,0.3332054,0.018773601,2.842059075,2.595977566,1.640369918,1.326951893,1.160289522,0.914019374,2.079449005,1.764731506,1.638673464,0.843490011,0.521781131,0.464308598,0.046379533,-0.026700618,3.51010016,3.194655471,2.978016279,2.757339219,1.425505241,0.143930366,1
2.779812985,2.570696427,2.318311135,1.539244381,1.434183372,0.748761756,0.62342547,0.256977778,3.203455699,2.903155641,2.585606806,2.39032153,2.04399052,1.221519017,4.412112673,3.115111151,2.32690095,2.117366051,1.648580082,1.416183312,0.529395683,0.184332797,4.472492579,4.227849493,3.304500649,3.157816262,1.772063772,1.565026886,0
3.928798451,3.755658689,2.952392105,2.575656316,2.023254333,1.304350829,0.467258453,0.342449262,3.918496852,2.797352797,2.318324034,1.888568877,1.722843478,0.925256904,3.919157291,3.854406449,3.511574728,2.585450028,2.274201587,1.958010935,0.14483499,-0.089042936,3.349554579,3.239885537,2.701384039,2.410449809,2.20188463,0,0
5.53314156,5.289299372,4.158015145,3.627437545,2.849459645,1.836988553,0.658065614,0.48229001,3.119291179,2.226812534,1.845485139,1.503381644,1.371457134,0.73654409,5.519563388,5.428371239,4.945542591,3.641230565,3.202882376,2.757573802,0.203979031,-0.125404033,2.666388783,2.579087533,2.150417296,1.918821198,1.752794391,0,1
2.458877345,1.963189996,1.398932493,1.026686785,0.95926637,0.850762318,0.613930625,0.212529351,4.023993252,3.783410556,3.104260361,2.204238431,1.484471535,0.765550983,3.510382643,3.41491937,2.909411068,2.715331894,1.827134352,0.934750816,0.548178917,0.253708897,5.081467171,3.530743375,3.251061688,2.507578812,1.432805214,0.542977804,0
2.458877345,1.963189996,1.398932493,1.026686785,0.95926637,0.850762318,0.613930625,0.212529351,4.023993252,3.783410556,3.104260361,2.204238431,1.484471535,0.765550983,3.510382643,3.41491937,2.909411068,2.715331894,1.827134352,0.934750816,0.548178917,0.253708897,5.081467171,4.933139578,3.43266717,3.121019221,2.350855136,0.542977804,0
2.458877345,1.963189996,1.398932493,1.026686785,0.95926637,0.850762318,0.613930625,0.212529351,4.023993252,3.783410556,3.104260361,2.204238431,1.484471535,0.765550983,3.510382643,3.41491937,2.909411068,2.715331894,1.827134352,0.934750816,0.548178917,0.253708897,5.081467171,4.933139578,3.43266717,3.121019221,2.350855136,0.542977804,0
4.777947766,4.322436418,4.111871771,3.208099778,2.611737845,2.119971604,1.295836427,0.382740591,3.559872502,2.589182959,2.106148937,1.715725358,0.945648631,0.570514671,5.375285677,4.947913241,3.717694172,2.756121737,2.008468405,1.725338955,0.644963817,0.478975816,3.673338504,2.252295097,1.960126837,1.818709685,1.455427811,0.057649757,1
3.767343662,3.601319115,2.831062939,2.334132738,1.940108276,1.25074826,0.44805637,0.328376239,5.832298097,4.24197407,3.45059786,3.028170632,2.564283479,1.377154119,4.611781801,4.245113211,3.189634069,2.213186957,1.723186189,1.480272356,0.553353361,0.140823581,6.505854119,4.573586422,4.308717912,3.444033265,2.38449238,2.105903153,0
2.240515743,2.098313388,1.931035012,1.728349075,1.099762432,0.894232702,0.478055962,0.058149141,2.919016435,2.333658829,1.768444281,1.48285394,1.252190985,0.699191882,1.755391295,1.489718823,1.264023634,1.156302686,0.683560317,0.412938439,0.348401382,0.04312131,3.199376045,3.112016446,2.695282456,2.495556547,2.31041494,1.146815391,1
4.039427731,3.861412603,3.035527195,2.502707837,2.080226248,1.341079461,0.480415775,0.352092138,2.554678893,2.287685075,2.064593133,1.928623392,1.398172427,0.971035746,4.944852651,3.491244847,2.892724383,2.373027143,2.051424736,1.732160318,0.732224342,0.150994104,4.094903062,3.224850321,3.038090693,2.553936704,2.276623875,1.484879006,0
3.264341587,3.057158458,2.813440573,2.518135291,1.602309759,1.302861186,0.696508365,0.287102758,4.252236244,3.399524763,3.014637035,2.473110143,2.025118758,1.621432579,2.55753472,2.170460582,1.841631744,1.684686642,0.99591997,0.601634746,0.507606842,0.062826019,4.660646174,4.533386303,4.094940857,3.635366993,3.365664554,1.670607234,1
2.716549,2.168917385,1.545529984,1.134275756,1.059790193,0.763049123,0.313067749,0,3.214687912,3.022491197,2.479931659,1.264975667,0.68803133,0.320809119,4.766354801,2.846393321,2.448808914,2.287366301,1.977373003,1.6696333,0.705792721,0.424715786,3.883303499,2.951154887,2.434564797,2.222298796,1.864949461,1.358856225,0
2.716549,2.168917385,1.545529984,1.134275756,1.059790193,0.763049123,0.313067749,0,3.214687912,3.022491197,2.479931659,1.264975667,0.68803133,0.320809119,4.766354801,3.714554379,2.788303661,2.287366301,1.977373003,1.6696333,0.705792721,0.424715786,3.01263728,2.859681277,2.434564797,1.989279425,1.802499027,1.358856225,0
4.379582363,3.303554415,2.917455382,2.6547417,2.066980476,1.775602706,0.819150552,0.168919409,2.678153913,2.54218012,2.164262946,1.975564152,1.602373393,1.207986816,4.507880059,3.26601676,3.058794235,2.502374248,1.69005938,1.455985051,1.135396108,-0.102418669,3.032572484,2.801407111,2.689299812,2.206315542,1.879916548,1.593144449,1
3.247483176,2.449602837,2.16330839,1.968504823,1.532676809,1.316618672,0.607404409,0.125254623,3.521571487,3.34277615,2.845843417,2.597718659,2.107000806,1.588412043,3.105918476,2.42176847,2.268111886,1.855523563,1.151595214,0.947139906,0.123528556,0.07034088,3.98760532,3.63726258,3.032713028,2.901139426,2.499541054,2.197288208,1
1.366121921,1.265504324,1.101004801,1.017563698,0.959272702,0.445747731,0.341713705,0.159194525,2.650060432,2.594157646,1.28921058,1.192983781,1.028271796,0.173852732,2.841456321,2.542461016,1.690049657,1.487032354,0.352544638,0.317445937,-0.03012414,-0.033521291,5.694848764,4.544292534,3.840409375,3.178437,1.657945499,1.022736629,0
2.122205581,1.600796842,1.413705596,1.286402945,1.00159265,0.860400299,0.396934166,0.081852945,4.691493124,4.453299154,3.791277523,3.460721803,2.806979734,2.116107597,2.029694125,1.582607295,1.482193885,1.21257055,0.752558723,0.618948732,0.080724972,0.04596723,5.312350754,4.845618625,4.040228169,3.864943739,3.329928049,2.927262035,0
1.366121921,1.265504324,1.101004801,1.017563698,0.959272702,0.384427918,0.3332054,0.159194525,2.650060432,2.594157646,1.28921058,1.192983781,1.028271796,0.173852732,2.841456321,2.370606102,1.690049657,1.63776287,1.42755106,0.950707701,0.301537321,0.220340399,5.694848764,3.950135357,3.310871875,1.768475199,1.56963538,1.022736629,0
3.89141476,3.056590204,2.226491024,1.829744764,1.524539254,1.313225671,0.49014093,0.111051912,4.041057789,2.339011357,2.019520597,0.869262967,0.469506684,0.279125023,4.518764379,4.441401389,3.504698792,3.168879428,2.29016,1.630700577,1.324094103,0.289441718,3.498625334,2.752175423,2.65097598,2.054858269,0.685264991,0.478654502,1
1.366121921,1.265504324,1.101004801,1.017563698,0.959272702,0.384427918,0.3332054,0.016157474,3.663223889,2.595977566,2.522097712,1.237642157,1.028271796,0.173852732,2.841456321,2.370606102,1.690049657,1.63776287,1.42755106,0.950707701,0.301537321,0.220340399,5.694848764,3.950135357,3.310871875,1.768475199,1.56963538,1.022736629,0
4.690238077,3.537884534,3.124398444,2.843049764,2.213597036,1.901551046,0.877255134,0.180901323,1.959129584,1.859661708,1.58320683,1.445169435,1.172172034,0.883669418,4.827636278,3.497684231,3.275762847,2.918095989,1.663212842,1.367924455,0.178408418,0.101591126,2.218394709,2.023491146,1.687166606,1.613969246,1.390551021,1.22240095,0
2.854439748,2.242077268,1.633180956,1.342158702,1.118283635,0.963280397,0.359529333,0.081459061,5.24576493,4.027174385,2.951967952,2.516710634,1.057879542,0.541755116,3.314614722,3.257867239,2.680525131,2.499364523,1.679883574,1.196155339,0.971252634,0.212311973,4.541624257,3.572645101,3.441276406,2.667446001,0.889553985,0.621349441,0
2.854439748,2.242077268,1.633180956,1.342158702,1.118283635,0.963280397,0.359529333,0.081459061,5.24576493,4.027174385,2.951967952,2.516710634,1.057879542,0.541755116,3.314614722,3.257867239,2.680525131,2.499364523,1.679883574,1.196155339,0.971252634,0.005695261,4.541624257,3.830008573,3.473404959,3.30362535,0.889553985,0.621349441,0
4.250371637,3.992095321,2.564909048,1.843298723,1.077500971,0.622992257,0.382854146,0.008789981,3.201056533,3.079682503,2.769580268,2.653188162,2.193449585,0.159987667,4.449848058,4.191819235,3.728519718,3.125298105,2.258663629,0.466586057,-0.160882279,-0.274415909,3.823453704,3.696718912,2.956702342,1.842646465,0.68086477,0.357054187,0
1.724978421,1.268001488,1.168734104,1.107211483,0.762171167,0.62973502,0.056498954,0.028855129,4.259885683,4.143568657,3.588698229,3.322768395,3.076257179,0.652851698,2.357091146,1.9665038,1.401957529,1.358583742,1.184205416,0.788646543,0.250136152,0.182780358,6.862653443,4.760163287,2.21992148,2.017610715,1.386520214,1.216455677,0
1.724978421,1.268001488,1.168734104,1.107211483,0.752754906,0.62973502,0.056498954,0.028855129,4.259885683,4.143568657,3.588698229,3.322768395,3.076257179,0.652851698,2.357091146,1.9665038,1.401957529,1.233547308,0.841222979,0.28140317,0.243707144,0.175555284,6.862653443,5.160565451,4.627936529,4.197927436,1.997929332,1.681342263,1
4.825361538,3.622009839,3.543778697,3.360450901,2.791037771,0.908133725,0.273910607,0.077488623,1.674101715,1.318270131,0.871375184,0.770123493,0.624644557,0.473954281,4.954734151,2.89393403,2.079766937,1.857845906,1.389294418,0.235042141,0.18852876,-0.143867226,0.86639389,0.750584402,0.711525144,0.314100024,0.278542665,0.150801634,1
4.825361538,4.017649304,3.548091271,3.4453404,3.226032865,2.61659791,0.807229977,0.205432955,1.454780111,1.022703928,0.963476433,0.770123493,0.533198567,0.374218756,4.954734151,2.89393403,2.079766937,1.857845906,1.389294418,0.212094855,-0.191822968,-0.155069047,0.86639389,0.750584402,0.711525144,0.314100024,0.169651839,0.10085921,1
2.304931547,1.919111459,1.694817567,1.645736534,1.540979855,1.249870921,0.385589727,0.098129207,5.796559986,4.074955811,3.838964321,3.068551038,2.124525522,1.491071708,2.366728992,1.382346128,0.91279304,0.691275606,0.119757475,0.101311398,-0.09876249,-0.077991546,3.452139684,2.990697684,1.303676136,1.183841144,0.675976426,0.401872735,1
4.172984802,3.252124447,2.886150098,2.373373277,2.054068308,1.923348435,0.31283253,0.162312458,5.376129651,4.245206167,3.629952352,3.076598688,2.495418776,1.494982225,2.629152562,2.434336667,2.381749923,2.131755898,1.584624055,1.102951866,0.971095559,0.472120223,3.263411852,2.399540722,2.072647103,1.956143283,1.50701276,0.922356185,1
3.049152704,2.417827248,2.202723056,1.612182928,1.381122949,1.006679211,0.284192902,0.195605406,4.266762265,3.758200721,3.620009014,2.805987497,0.935755535,0.653621015,2.629827412,2.065650978,1.504667965,0.986090058,0.120078636,-0.123459146,-0.115548679,-0.229125991,3.274179224,3.194009398,2.757732556,1.187011802,0.64112932,0.381155886,0
4.172984802,3.841203613,2.886150098,2.373373277,2.051571664,1.339428948,0.216416611,0.127424646,5.376129651,4.245206167,3.9721528,3.695071174,2.88431127,1.494982225,2.763465274,2.588072054,2.381749923,2.131755898,1.584624055,1.102951866,0.971095559,0.472120223,3.881979434,3.19681161,2.992989514,1.956143283,1.651858567,1.339566898,1
3.049152704,2.417827248,2.202723056,1.612182928,1.381122949,1.006679211,0.284192902,0.195605406,4.266762265,3.758200721,3.620009014,2.805987497,0.935755535,0.653621015,2.629827412,2.065650978,1.504667965,1.073215914,0.946646456,0.691309393,0.110891971,0.075049148,3.274179224,3.194009398,2.757732556,1.187011802,1.052637395,0.569892729,1
4.172984802,3.841203613,2.886150098,2.373373277,2.051571664,1.339428948,0.216416611,0.127424646,5.376129651,4.245206167,3.9721528,3.695071174,2.88431127,1.494982225,2.763465274,2.588072054,2.381749923,2.131755898,1.584624055,1.102951866,0.971095559,0.442227773,3.881979434,3.0785035,2.072647103,1.956143283,1.651858567,1.339566898,1
4.093812904,3.246191106,2.957390773,2.16452763,1.854304949,1.351574271,0.381559299,0.007044803,3.648017302,3.076418645,2.78998012,2.653606233,0.714525937,0.49909314,3.53082395,2.773356881,2.020177318,1.440906896,1.270973892,0.928156635,0.148884305,0.10076149,3.302181707,2.438887587,2.105754511,0.906380661,0.803774803,0.435159741,1
3.952708797,3.134302531,2.855456466,2.089921452,1.523836319,1.304988683,0.368407847,0.126582924,4.229097258,3.699899946,3.46738257,3.292747064,0.828340282,0.578591946,3.409124749,1.991182942,1.430992001,1.278298343,0.955909609,0.483068662,0.129717971,-0.061019276,4.884783246,2.827369487,2.441172805,2.285045908,0.985082696,0.504474819,1
2.88877706,2.705430479,2.489752488,2.228422262,1.65648024,1.152966197,0.658038578,0.462280984,3.457048982,2.846881213,2.665369956,1.77193954,1.633143106,1.307593161,3.8774541,3.044391534,2.677858295,2.516955345,1.83511817,1.183063279,0.843514576,0.310605965,3.381256457,2.889456591,2.7450494,2.236190794,1.232511226,0.743580346,1
2.88877706,2.705430479,2.489752488,2.228422262,1.65648024,1.152966197,0.812184231,0.493528934,3.457048982,2.846881213,2.665369956,1.742019313,0.92406706,0.640999867,3.8774541,3.044391534,2.677858295,2.516955345,1.83511817,1.183063279,0.843514576,0.310605965,3.381256457,2.823479383,2.329365411,1.682645392,1.232511226,0.743580346,0
2.88877706,2.544723825,2.489752488,2.228422262,1.65648024,1.152966197,0.812184231,0.493528934,3.457048982,2.846881213,2.665369956,1.77193954,1.633143106,0.640999867,3.8774541,3.044391534,2.677858295,2.516955345,2.119506975,1.720423285,1.051611804,-0.101625915,3.381256457,2.395918708,1.752755617,1.314678641,0.836527889,0,1
2.88877706,2.544723825,2.489752488,1.72550025,1.22983061,0.91370726,0.658038578,0.462280984,3.457048982,2.846881213,2.665369956,1.77193954,1.633143106,1.307593161,3.092715209,2.733647009,2.588868355,2.38073416,1.261934165,0.948953898,0.627117507,0.310605965,3.381256457,2.889456591,2.7450494,2.236190794,1.975556495,1.095565534,0
2.88877706,2.544723825,2.489752488,1.72550025,1.22983061,0.91370726,0.658038578,0.462280984,3.457048982,2.846881213,2.665369956,1.77193954,1.633143106,1.307593161,3.092715209,2.733647009,2.588868355,2.38073416,1.261934165,0.948953898,0.627117507,0.310605965,3.381256457,2.889456591,2.7450494,2.107260261,1.577480055,1.095565534,1
5.044806809,4.738256176,3.044315118,2.187828911,1.718209288,1.19896521,0.810025812,0.571865705,2.125050987,1.936832365,1.856521628,1.35092527,0.604998352,0.132856073,4.096012017,3.603779522,3.249968415,2.094309531,1.743783218,1.295550275,0.873960814,0.062852891,1.497717378,1.400749067,1.333409743,1.11807418,0.944153953,0.527191768,1
5.044806809,4.738256176,3.044315118,2.187828911,1.718209288,1.19896521,0.810025812,0.571865705,2.658203664,2.557412913,2.023858082,1.807710207,1.670869465,0.132856073,4.096012017,3.608177145,3.530233001,3.159691514,2.01053715,1.634796767,0.873960814,0.106305694,1.796240359,1.400749067,1.333409743,1.11807418,0.944153953,0.527191768,1
5.044806809,4.738256176,3.044315118,2.187828911,1.718209288,1.19896521,0.810025812,0.571865705,2.658203664,2.557412913,2.023858082,1.807710207,1.670869465,0.132856073,4.096012017,3.608177145,3.530233001,3.159691514,2.01053715,1.634796767,0.873960814,0.106305694,1.796240359,1.400749067,1.164660605,1.00709755,0.593090739,0,1
1.409685006,1.193082731,1.138846097,1.063354296,0.671717355,0.405784111,0.056498954,0.01967889,3.929965555,3.691232464,3.500070075,3.28134099,0.73445816,0.228883625,2.711696269,2.546918461,1.209607072,0.962058173,0.784990116,0.489832825,0.353300511,0.20249293,4.610161178,4.177377602,3.573884133,3.14725302,1.068352583,0.234607464,0
4.172984802,2.946278225,2.441183942,2.139654488,2.051571664,1.339428948,0.617927625,0.162312458,4.333647962,4.08564288,3.849032473,3.235645773,2.88431127,1.494982225,3.395436177,2.757740092,2.622338531,1.840943088,1.45475138,0.90414267,0.327201697,-0.056864003,5.569654034,4.551250513,3.796484836,3.593123696,3.236068401,0.600526325,1
1.409685006,1.193082731,1.138846097,0.699705578,0.432836386,0.063561323,0.038473506,0.01967889,4.229893004,3.849762176,3.500070075,3.322768395,3.076257179,0.652851698,2.711696269,2.546918461,1.636387331,1.319631429,0.923575846,0.489832825,0.409854109,0.264975383,4.69406031,4.516076256,3.573884133,3.192193605,2.950549706,0.59278847,0
4.217493543,3.514469898,2.916933556,2.162475881,2.073453572,1.353715196,0.624518394,0.176201842,2.581926508,2.434168568,2.355732514,1.927752246,1.71843209,0.890689385,3.431651643,2.787153939,2.650308196,1.860578448,1.470267649,0.913786188,0.330691606,0.107301893,2.76806211,2.468444606,2.261892272,2.140732565,1.928004041,0.357785138,1
1.409685006,1.193082731,1.138846097,0.699705578,0.432836386,0.063561323,0.038473506,0.01967889,4.229893004,3.849762176,3.500070075,3.322768395,3.076257179,0.652851698,2.711696269,2.546918461,1.636387331,1.319631429,0.923575846,0.489832825,0.409854109,0.264975383,4.610161178,4.168565168,3.573884133,3.192193605,2.950549706,0.59278847,0
4.970074933,4.141601775,3.437439371,2.548354149,2.44344645,1.595275937,0.73595921,0.207643793,2.754955866,2.597295839,2.513603346,2.124456858,1.928382865,0.95037947,4.044005198,3.284501515,3.123236632,2.192585291,1.732626337,1.505905987,0.389701144,0.126449144,3.540700857,2.893288612,2.560705881,2.31693537,2.159773916,0.728074729,1
3.084460229,3.03165308,2.494399456,2.325817965,1.563238719,1.113098771,0.903812471,0.098627774,4.792941871,4.1931893,3.929671532,3.731752739,0.938778793,0.655732747,2.934667431,2.531713366,2.334865192,2.203523165,1.527477833,0.781448364,0.28279965,0.091762044,4.40923289,3.931973601,3.602957376,3.409962659,3.071108412,0.569914235,1
3.084460229,3.03165308,2.494399456,2.325817965,1.563238719,1.113098771,0.903812471,0.098627774,4.792941871,4.1931893,3.929671532,3.731752739,0.938778793,0.655732747,2.941715369,2.762960316,1.775193563,1.627847527,1.374306148,0.699137651,0.444619903,0.316520685,4.413628257,4.246277308,4.047296459,3.658225377,2.813893044,1.505789882,1
3.043831889,2.909692066,2.091667828,1.995486642,1.567513868,1.01054424,0.720509893,0.265312155,4.366794549,3.596761035,2.980838728,2.589246204,1.338379263,0.807451076,3.031816718,2.726349471,2.562145228,2.345154209,1.578043488,0.807317446,0.292161455,0.094799737,4.492894303,4.006579428,3.671320403,3.474663776,3.129380061,0.580727869,0
2.641678938,2.383852791,2.158955071,1.527580332,1.327182663,1.029854513,0.280336806,0.196751279,6.575099325,4.944331036,4.552338413,3.910706543,1.914213491,1.610891832,3.031816718,2.726349471,2.562145228,2.345154209,1.578043488,0.807317446,0.292161455,0.094799737,4.492894303,4.006579428,3.671320403,3.474663776,3.129380061,0.580727869,0
2.904150691,2.776166534,2.182395376,1.940245768,1.827757366,1.402106986,0.857040398,0.253137002,4.761624312,3.921967154,3.25035538,2.823356477,1.459390674,0.880457881,2.897023988,2.649818666,2.438477868,1.998981841,1.834707256,0.935700055,0.729671091,0.080296045,4.979937466,4.542410479,3.787416261,3.623100021,3.087104067,0.435333782,0
3.186568259,3.132012981,2.576974103,2.402811887,1.614988203,1.149946814,0.933732296,0.10189275,4.883883833,4.272751471,4.00423368,3.802559547,0.956591316,0.668174714,2.925033543,2.42928214,2.126686781,1.473880873,1.319482073,1.169924044,0.867100307,0.543501068,3.155822039,2.977009839,2.465826632,2.16573602,1.457328801,0.752122417,1
2.744170246,2.364689863,1.570089749,1.290309938,0.987805902,0.38884545,0.104416301,-0.049117382,5.641088976,3.26512806,2.819136962,2.638837106,1.137601989,0.582582112,2.925033543,2.42928214,2.126686781,1.473880873,1.319482073,1.169924044,0.867100307,0.543501068,3.443066216,3.091417507,2.894315122,2.367193567,1.457328801,0.752122417,1
3.084460229,3.03165308,2.494399456,2.325817965,1.563238719,1.113098771,0.903812471,0.098627774,4.792941871,4.1931893,3.929671532,3.731752739,0.938778793,0.655732747,1.871299375,1.294285738,1.235448492,1.153553114,1.01604543,0.775145799,0.607246372,0.0459686,3.977191185,3.619770093,3.254437415,3.085307465,0.690580238,0.215209684,1
2.641678938,2.383852791,2.158955071,1.527580332,1.327182663,1.029854513,0.280336806,0.196751279,6.575099325,4.682405225,4.073652649,2.041827724,1.812253311,1.1654846,3.726097157,3.42984663,3.041618448,2.505485125,1.716622335,1.195988634,0.447082814,0.209498319,5.620157056,3.932880981,3.510278247,2.401573387,2.059871222,1.819208708,0
1.933246905,1.337131798,1.276346802,1.191740359,1.049680618,0.80080624,0.627348668,0.047490345,3.765294879,3.536565016,3.316187574,3.143848529,0.703683406,0.219293103,3.036362411,2.777267233,2.555761557,2.095127051,1.922951336,0.980704505,0.764766147,0.084158051,4.567005365,4.165757737,3.473366985,3.322675706,2.831124072,0.399236282,0
2.904150691,2.776166534,2.182395376,1.940245768,1.827757366,1.402106986,0.857040398,0.253137002,4.003674803,3.343222676,2.94099633,1.992385093,1.459390674,0.880457881,2.618240497,2.256174438,1.498038458,1.23109772,0.94247557,0.371001364,0.099624646,-0.046863389,6.151135831,3.575230139,3.461450539,2.9510718,1.240459845,0.635257078,1
3.372640678,3.005491646,2.494492681,2.051300892,1.661616162,1.157665261,0.432756824,0.20278531,6.795107245,5.402943748,3.444913958,2.356854101,2.021514714,1.785333535,2.934667431,2.63898835,2.480045746,2.270007826,1.527477833,0.781448364,0.28279965,0.091762044,4.40923289,3.931973601,3.602957376,3.409962659,3.071108412,0.569914235,0
3.084460229,3.03165308,2.392269907,1.628373665,1.187305355,1.01678903,0.131503699,0.005299803,4.792941871,4.1931893,3.929671532,3.731752739,3.299049945,0.834470038,2.946297596,2.81645605,2.214067704,1.968403864,1.854282958,1.422455265,0.86947832,0.256810689,3.603323582,3.008913985,2.64690864,1.793154674,1.313457533,0.792415668,0
2.897023988,2.649818666,2.438477868,1.998981841,1.834707256,0.935700055,0.729671091,0.080296045,4.979937466,4.542410479,3.787416261,3.623100021,3.087104067,0.435333782,2.618240497,2.256174438,1.498038458,1.23109772,0.94247557,0.371001364,0.099624646,-0.046863389,6.151135831,3.575230139,3.461450539,2.9510718,1.240459845,0.635257078,1
2.557030936,2.30746638,2.089775115,1.47863168,1.284655406,0.996854618,0.770816601,0.203515426,6.45266553,4.852263497,4.467570101,2.0038072,1.778507653,1.054735328,2.941715369,2.762960316,1.775193563,1.627847527,1.374306148,0.699137651,0.444619903,0.316520685,4.413628257,4.246277308,4.047296459,3.658225377,2.813893044,1.505789882,0
1.844530362,1.35588203,1.249734787,1.183948259,1.00151086,0.764057307,0.598559689,0.045311017,4.450415525,4.328896043,3.910227827,3.471384246,3.213847442,0.682051479,2.790803992,2.317802581,2.029093298,1.4062446,1.258931148,1.116236325,0.827309144,0.518559848,3.754375806,3.370932293,3.156008623,2.581226644,1.589095198,0.820126604,0
3.084460229,3.03165308,2.494399456,2.325817965,1.563238719,1.113098771,0.903812471,0.098627774,4.792941871,4.1931893,3.929671532,3.731752739,0.938778793,0.655732747,2.656238089,2.288917494,1.519778957,1.248964203,0.956153382,0.376385575,0.101070463,-0.047543501,5.536047227,3.217721644,3.115319541,2.655976604,1.116418898,0.57173395,1
1.933246905,1.421096011,1.309843394,1.240892725,0.854193323,0.705767251,0.404246411,0.047490345,4.081390925,3.969947733,3.438327099,3.183540071,2.947357996,0.625496361,3.043831889,2.909692066,2.287362243,2.033565943,1.915667177,1.469544252,0.898261547,0.265312155,3.671693557,3.066005548,2.697131462,1.827178247,1.338379263,0.807451076,0
2.892686896,2.601237516,2.444568592,2.237535273,2.085121611,1.411525501,0.68468419,0.209065643,4.89912555,4.368839843,4.00326791,3.639815768,0.712389579,0.161140762,2.899634013,2.723436058,1.749799348,1.604561103,1.354646644,0.689136459,0.438259597,0.311992844,4.904009269,4.718064609,4.496975774,4.064676523,3.126533719,1.67309232,0
2.730945565,2.525405517,2.085934991,1.938889281,1.566248608,0.949279537,0.740260548,0.081461353,4.481963942,4.088187878,3.408690015,3.260804732,2.778406197,0.391802172,2.831305937,2.351440025,2.058540806,1.805267869,1.36958681,1.197376469,1.006609658,0.526085522,3.378953471,2.92157545,2.419910898,2.125408221,0.830381934,0.683098122,1
3.606700862,3.319943167,2.944155082,2.425201217,1.661616162,1.157665261,0.432756824,-0.05347194,6.795107245,5.402943748,3.76967059,2.356854101,2.021514714,1.785333535,2.941715369,2.762960316,1.775193563,1.627847527,1.374306148,0.699137651,0.444619903,0.316520685,4.413628257,4.246277308,4.047296459,3.658225377,2.813893044,1.505789882,0
1.844530362,1.35588203,1.249734787,1.183948259,0.814994461,0.67337965,0.419355629,0.289271682,4.450415525,4.328896043,3.749208194,3.428103938,3.039224042,0.682051479,2.618240497,2.256174438,1.498038458,1.23109772,0.94247557,0.371001364,0.099624646,-0.046863389,6.151135831,3.575230139,3.074033125,2.877431209,1.240459845,0.635257078,0
2.946297596,2.81645605,2.214067704,1.968403864,1.854282958,1.422455265,0.86947832,0.256810689,3.603323582,3.008913985,2.64690864,1.793154674,1.313457533,0.792415668,2.831305937,2.351440025,2.058540806,1.805267869,1.36958681,1.197376469,1.006609658,0.526085522,3.654401684,3.309995237,2.840420577,2.323114462,0.830381934,0.683098122,1
3.186568259,3.132012981,2.576974103,2.402811887,1.614988203,1.149946814,0.933732296,0.10189275,4.883883833,4.272751471,4.00423368,3.802559547,0.956591316,0.668174714,3.036362411,2.60900659,2.154987823,2.003074309,1.618097732,0.980704505,0.764766147,0.084158051,4.567005365,4.165757737,3.473366985,3.322675706,2.831124072,0.399236282,1
2.123661776,1.695550843,1.208217835,0.886719903,0.783764257,0.687171475,0.244740666,-0.135259954,4.303757922,4.046448921,3.320081393,1.693523351,1.449580222,0.659145744,2.744170246,2.364689863,1.327175937,1.028964481,0.769458116,0.38884545,0.104416301,-0.049117382,5.641088976,3.278775153,3.174430059,2.706371483,1.137601989,0.582582112,0
2.49875366,1.409266637,1.309905559,1.159631238,1.02749909,0.404470499,0.108612081,-0.051091075,5.24576493,3.036309893,2.621573577,1.2967742,1.057879542,0.541755116,3.158373125,2.888866677,2.658460197,2.179315929,1.683118053,0.894933998,0.395589829,0.08753979,3.954528663,3.322240007,3.218567329,2.808235347,1.756716229,0.838465498,0
2.49875366,1.667205559,1.380506093,1.273519293,1.02749909,0.750353807,0.359529333,0.081459061,5.24576493,3.036309893,2.621573577,1.2967742,1.057879542,0.541755116,3.158373125,2.888866677,2.658460197,2.179315929,1.683118053,0.894933998,0.116719719,-0.071757981,4.246952437,3.873823996,3.229955563,3.089824635,2.632720638,1.561525537,0
1.69366914,1.409266637,1.309905559,1.070311552,0.800377394,0.404470499,0.108612081,-0.036677433,5.24576493,3.036309893,2.621573577,2.325952293,1.215725813,0.94033737,3.158373125,2.888866677,2.658460197,2.083564215,1.683118053,0.894933998,0.116719719,-0.071757981,4.246952437,3.873823996,3.229955563,3.089824635,2.632720638,1.561525537,0
1.724978421,1.193082731,1.138846097,1.063354296,0.936598636,0.714535469,0.559764462,0.270522741,3.929965555,3.691232464,3.461217078,0.783422037,0.257494078,0.173445207,2.673404693,1.23521006,1.15127053,0.695030458,0.664546712,0.440194641,-0.024648988,-0.05668376,7.222095813,5.556670224,3.013699618,2.02827599,1.49115613,1.155966661,0
1.724978421,1.268001488,1.168734104,1.107211483,0.762171167,0.62973502,0.392175388,0.270522741,4.259885683,4.143568657,3.588698229,3.28134099,2.909109703,0.652851698,2.673404693,1.23521006,1.15127053,0.695030458,0.664546712,0.139035639,-0.024648988,-0.058336632,7.222095813,2.507320592,1.777153681,1.590566538,1.300462494,0.575542324,1
1.724978421,1.268001488,1.168734104,1.107211483,0.762171167,0.62973502,0.392175388,0.270522741,4.259885683,4.143568657,3.588698229,3.28134099,2.909109703,0.652851698,2.673404693,1.23521006,1.15127053,0.695030458,0.664546712,0.440194641,0.123587234,-0.018486741,7.222095813,5.556670224,2.112787489,1.590566538,1.300462494,0.575542324,0
2.849222522,2.27484513,1.621012115,1.024385994,0.784700863,0.398506688,0.328357663,-0.129229554,3.609220053,3.393435424,2.784288652,1.806105357,0.621869849,0.360181373,1.600461685,1.401922878,1.281992182,1.145808319,0.511474175,0.467567828,0.193766534,0.023416805,3.546901369,2.69565251,2.443723853,1.524750129,1.082907758,0.084942713,0
1.724978421,1.268001488,1.168734104,1.107211483,0.762171167,0.62973502,0.392175388,0.270522741,4.259885683,4.143568657,3.588698229,3.28134099,2.909109703,0.652851698,1.254816569,1.175255333,0.714888471,0.692236159,0.599021446,0.139035639,-0.024648988,-0.05668376,7.222095813,3.099805322,2.691187999,2.340165886,1.49115613,1.155966661,1
2.849222522,2.27484513,1.053654166,0.889239639,0.784700863,0.398506688,0.328357663,0.029358458,3.464131996,2.863839756,2.059413025,1.806105357,1.215647837,0.686641797,1.600461685,1.401922878,1.281992182,0.532785599,0.498739017,0.297851268,0.193766534,0.023416805,3.546901369,2.69565251,2.443723853,1.524750129,1.082907758,0.084942713,1
2.849222522,2.27484513,1.053654166,0.889239639,0.784700863,0.398506688,0.328357663,-0.181472263,3.609220053,3.393435424,2.069980054,1.806105357,1.215647837,0.686641797,1.603552287,1.575454471,1.373312207,1.246381288,0.511474175,0.467567828,0.264756683,0.023416805,2.751811937,2.513544534,2.442010671,1.524750129,0.99561991,0.084942713,1
1.724978421,1.268001488,1.168734104,1.107211483,0.762171167,0.62973502,0.392175388,0.270522741,4.259885683,4.143568657,3.588698229,3.28134099,2.909109703,0.652851698,1.254816569,1.175255333,0.714888471,0.692236159,0.599021446,0.139035639,-0.024648988,-0.0653111,7.222095813,5.556670224,2.691187999,1.706067533,1.49115613,1.155966661,1
3.561899529,2.843852922,2.026476431,1.280616015,1.067198837,0.498185303,0.048935865,-0.292527957,2.021946209,1.4725385,1.424326309,1.249134266,0.840763448,0.474893557,2.004649371,1.969523439,1.71681926,1.558139068,0.639409386,0.584520729,0.330980363,0.029274059,1.903201588,1.738411657,1.688937578,1.054544036,0.68858826,0.058747876,1
3.561899529,2.843852922,1.408461539,1.280616015,1.067198837,0.498185303,0.048935865,-0.292527957,2.021946209,1.4725385,1.424326309,1.249134266,0.840763448,0.474893557,2.004649371,1.969523439,1.71681926,1.558139068,0.639409386,0.584520729,0.330980363,0.029274059,1.903201588,1.738411657,1.688937578,1.054544036,0.68858826,0.058747876,0
1.288128496,1.193082731,1.138846097,0.975623579,0.671717355,0.441197312,0.360696988,0.256773889,4.259885683,4.143568657,3.588698229,3.28134099,2.909109703,1.526954755,2.384518325,1.093498107,0.945261958,0.523463238,0.317522583,0.284789792,0.051504743,0.0048854,5.60674955,4.459615155,4.029124313,3.742575135,0.86578316,0.665437222,1
1.288128496,1.193082731,1.138846097,1.063354296,0.936598636,0.62973502,0.360696988,0.042374215,4.259885683,4.143568657,3.588698229,3.322768395,3.076257179,0.652851698,2.384518325,1.093498107,0.945261958,0.523463238,0.317522583,0.284789792,0.051504743,0.0048854,5.097474661,4.687467379,4.029124313,3.742575135,0.86578316,0.665437222,0
1.288128496,1.193082731,1.138846097,1.063354296,0.936598636,0.62973502,0.360696988,0.042374215,4.259885683,4.143568657,3.588698229,3.322768395,3.076257179,0.652851698,2.384518325,1.093498107,0.945261958,0.330752691,0.303775778,0.057942836,0.006513867,-0.053742382,5.60674955,4.993444566,4.335736956,3.742575135,0.86578316,0.665437222,1
1.288128496,1.193082731,1.138846097,1.063354296,0.936598636,0.62973502,0.360696988,0.042374215,4.259885683,4.143568657,3.588698229,3.322768395,3.076257179,0.652851698,2.384518325,1.093498107,0.945261958,0.295978513,0.061805692,0.007328101,-0.025217573,-0.027786624,5.097474661,4.687467379,4.335736956,4.012179896,3.508664189,0.769585032,1
1.288128496,1.193082731,1.138846097,1.063354296,0.936598636,0.62973502,0.360696988,0.042374215,4.259885683,4.143568657,3.588698229,3.322768395,3.076257179,0.652851698,2.384518325,1.093498107,0.945261958,0.295978513,0.061805692,0.007328101,-0.025217573,-0.027786624,5.097474661,4.687467379,4.335736956,4.012179896,3.508664189,0.769585032,1
2.655935155,2.205792085,1.931035012,1.3382862,1.133112438,0.894232702,0.666830341,0.493499842,2.47382856,2.333658829,1.932945607,1.69770651,1.390175569,0.545636418,2.759505839,2.591822854,1.880289148,1.618981648,1.465938075,0.496048632,0.417080194,0.186422802,3.525461768,3.137408566,3.043823621,2.576790113,2.247645648,1.202775665,0
2.854439748,1.337195258,1.100891882,0.989218635,0.431435199,0.387962324,0.108612081,-0.036677433,5.24576493,2.696475679,2.422866972,1.79082256,1.215725813,0.94033737,3.068483423,2.410644628,1.991280927,0.99816158,0,-0.002361418,-0.034577878,-0.093231022,6.438806213,5.891474079,4.155207924,3.429127817,1.000263137,0,1
1.35842058,1.123827129,1.017482025,0.502936609,0.431435199,0.387962324,0.108612081,-0.036677433,5.24576493,2.696475679,2.422866972,1.938498596,1.67889615,1.080645167,3.068483423,2.410644628,1.991280927,0.99816158,-0.002518845,-0.038900113,-0.101288734,-0.093231022,6.438806213,5.891474079,4.155207924,3.754046992,3.214807329,0.889122789,1
1.69366914,1.447965668,1.309905559,1.070311552,0.482819145,0.404470499,0.344855399,0.081459061,5.24576493,2.696475679,2.422866972,1.938498596,1.215725813,0.94033737,3.875823609,2.410644628,2.267345511,1.935967568,1.785601688,0.497129593,0.201005431,-0.057657855,6.438806213,3.817554802,3.572008143,3.322839021,2.067096733,1.69171968,0
1.366121921,1.265504324,1.237288416,0.999242398,0.410056446,0.374856075,0.212259366,0.018773601,3.663223889,2.595977566,2.522097712,1.574755122,1.160289522,0.914019374,1.552829581,1.438252599,1.372870729,1.28186591,1.129062879,0.75914101,0.472764593,0.326113207,3.534989042,3.194655471,2.978016279,2.757339219,2.41407204,0.541757166,0
2.458877345,1.963189996,1.398932493,0.999235802,0.848682725,0.343911035,0.283372468,0.025336332,3.862231609,3.192953514,2.307863096,2.204238431,1.887809813,1.20475612,3.266695167,3.020832821,2.385519838,1.951574036,1.211207103,0.700203852,0.440338647,-0.079892951,3.362888612,3.214868593,3.05224286,2.897822925,1.766302756,0.843041065,0
1.366121921,1.265504324,1.237288416,0.999242398,0.410056446,0.374856075,0.212259366,0.018773601,3.663223889,2.595977566,2.522097712,1.574755122,1.160289522,0.914019374,1.552829581,1.438252599,1.372870729,1.28186591,1.129062879,0.75914101,0.472764593,0.326113207,3.534989042,3.194655471,2.872228353,2.722961437,2.41407204,0.541757166,1
2.458877345,1.963189996,1.398932493,0.999235802,0.848682725,0.690671953,0.305698698,0.212529351,4.023993252,3.783410556,3.104260361,2.0136638,1.355350635,0.765550983,3.515645866,3.020832821,2.495148143,2.319255398,2.197426493,1.135506659,0.440338647,-0.10395413,4.026806953,3.894963733,3.05224286,1.884056273,0.948421198,0.373284031,0
1.366121921,1.265504324,1.237288416,1.014240143,0.959272702,0.384427918,0.3332054,0.159194525,3.663223889,2.78405787,2.523867078,1.574755122,1.160289522,0.914019374,2.079449005,1.528566619,1.408900505,1.334735431,1.129062879,0.75914101,0.472764593,0.326113207,3.534989042,3.438465462,2.872228353,2.722961437,2.41407204,0.541757166,0
4.221435463,4.035399365,3.172301377,2.820315873,2.656804203,2.038084377,1.245782713,0.367956636,2.578214618,2.4789266,2.102432767,1.972249234,0.922425461,0.556504013,4.214870078,3.958751036,2.543485447,2.332369034,0.808175824,0.716679471,0.60467829,0.284742245,3.099638152,2.923578234,2.681832257,2.569127776,1.976163312,1.312722185,1
2.716549,2.168917385,1.545529984,1.103948118,0.937618223,0.763049123,0.337733598,0.234800812,3.214687912,3.022491197,1.834293853,1.608675829,1.082762577,0.611583404,3.884058828,3.337393138,2.756620702,2.562295734,2.427700086,1.254499126,0.687626572,0.107653428,3.216935722,3.111608805,2.594428187,2.456269355,2.247257572,0.298209164,0
3.477280585,3.324038941,2.613087914,2.279648553,1.790731467,1.154448076,0.404124293,0.025769332,5.898394442,5.040479749,4.788570264,4.2023465,3.473325687,1.911146859,3.471872547,3.260902184,2.095119691,1.921218891,0.665710545,0.590343174,0.498085567,0.134237004,7.224807818,6.950865751,6.6251477,4.91322731,3.442236052,2.464875128,1
4.171996955,3.464903066,3.033309069,2.660105343,1.881987029,1.178404494,0.989498275,0.469807278,2.220000366,1.401490641,1.334115667,1.137879865,0.500380357,0.350132876,4.538121404,3.752131312,1.712300495,1.469043016,0.80329342,0.425813555,0.082331118,-0.044417344,2.888181773,2.655875457,2.456588268,2.191549818,1.777383956,0.313692121,1
4.39104652,3.368504767,3.017450067,2.878698626,2.261303045,1.457815981,0.28776537,0.148439478,2.643124271,2.216945869,1.925324072,1.629511563,0.945648631,0.570514671,4.384217348,4.11780782,2.645678945,2.426080185,0.840647138,0.745474596,0.628973373,0.169512042,3.17767527,3.057187784,2.913927752,2.160976639,1.513992988,1.08412195,0
4.171996955,3.464903066,3.033309069,2.660105343,1.881987029,1.178404494,0.626409704,0.091341853,2.220000366,1.760513937,1.362560346,1.28075104,1.066762373,0.44478254,4.538121404,3.752131312,1.712300495,1.469043016,0.485590219,0.092622508,0,-0.030233007,2.579417682,2.435639834,1.974871062,0.523247673,0.424159364,0.313692121,0
3.519901528,3.096503008,2.736108353,1.960403156,1.779916062,1.178404494,1.033599452,0.469807278,2.220000366,2.157167163,1.458215588,1.28075104,1.066762373,0.44478254,4.538121404,3.752131312,1.712300495,1.469043016,0.485590219,0.092622508,0,-0.030233007,2.888181773,2.526776505,2.367983172,0.523247673,0.424159364,0.313692121,1
3.519901528,3.096503008,2.736108353,1.960403156,1.779916062,1.178404494,1.033599452,0.469807278,2.220000366,1.49987889,1.334115667,1.137879865,1.02776179,0.44478254,4.538121404,3.752131312,1.712300495,1.469043016,0.507564698,0.455240831,0.378500938,0.007809387,2.888181773,2.526776505,2.367983172,2.120508293,0.424159364,0.313692121,1
4.171996955,3.464903066,3.033309069,2.660105343,1.881987029,1.668671308,1.033599452,0.469807278,2.202108145,1.49987889,1.334115667,1.137879865,1.02776179,0.44478254,4.538121404,3.752131312,1.712300495,1.469043016,0.507564698,0.455240831,0.378500938,0.007809387,2.888181773,2.526776505,2.367983172,2.120508293,0.424159364,0.313692121,1
4.491916741,3.730601018,3.265911249,2.864089273,2.172873599,1.89965886,1.597003953,0.834643948,2.343834514,1.873819566,1.552065475,1.166835122,0.532584539,0.438120682,4.662882304,4.006600336,3.309372607,3.076081996,1.606451954,0.92869654,0.584031317,0.129239871,2.710808886,2.62205326,2.186241688,2.069819658,1.189058542,0.567527382,0
4.491916741,3.730601018,3.265911249,2.864089273,2.172873599,1.89965886,1.597003953,0.834643948,2.343834514,1.596410203,1.261576183,1.166835122,0.532584539,0.438120682,4.662882304,4.264994911,3.924832982,3.21744559,2.953038717,1.506048707,0.825508036,0.129239871,2.87461059,2.655486256,2.549218448,2.098792021,1.940455929,0.251291328,1
4.491916741,3.333951067,2.945920395,2.263409999,2.026302784,1.796629447,1.112858597,0.647382302,2.343834514,1.945831195,1.552065475,1.211113136,0.89333835,0.473408479,4.662882304,4.264994911,3.924832982,3.21744559,2.953038717,1.506048707,0.825508036,0.129239871,2.87461059,2.655486256,2.549218448,2.098792021,1.940455929,0.251291328,0
4.491916741,3.730601018,3.265911249,2.263409999,2.026302784,1.268767674,1.112858597,0.647382302,2.343834514,1.945831195,1.552065475,1.211113136,0.89333835,0.473408479,4.662882304,4.264994911,3.309372607,3.076081996,2.484881006,1.506048707,0.825508036,0.129239871,2.87461059,2.655486256,2.549218448,2.098792021,1.940455929,0,0
4.491916741,3.730601018,3.265911249,2.263409999,2.026302784,1.268767674,1.112858597,0.647382302,2.343834514,1.945831195,1.552065475,1.211113136,0.89333835,0.473408479,4.662882304,4.264994911,3.309372607,3.076081996,2.484881006,1.506048707,0.825508036,0.129239871,2.87461059,2.655486256,2.549218448,2.098792021,1.940455929,0,1
4.039427731,2.833653471,2.723845445,2.166902341,1.430484758,1.075701194,0.480415775,0.352092138,3.05334251,2.935757138,2.433027517,2.113400905,1.80808443,0.971035746,3.18795949,2.860486657,1.875314311,1.720630694,1.426728446,1.22897224,0.513325203,0.344020991,4.604383518,3.428406399,2.301042904,2.153878113,1.595142302,0.475516604,1
3.928798451,3.013900274,2.69980131,2.575656316,2.023254333,1.046240573,0.467258453,0.342449262,3.396240347,2.850019283,2.719648553,2.225591073,1.722843478,0.627988767,3.100649681,2.782145466,1.823954394,1.445473036,1.275001524,0.5616749,0.446132217,-0.045512237,4.387312883,2.25520637,2.137848901,1.945317908,1.519940367,0.453098686,1
3.928798451,3.755658689,2.952392105,2.624806829,2.472630063,1.896800937,0.467258453,0.342449262,3.396240347,2.797352797,2.318324034,2.013766008,1.722843478,0.627988767,3.100649681,2.782145466,1.625433639,1.445473036,1.275001524,0.5616749,0.446132217,-0.045512237,4.387312883,2.25520637,2.026372821,1.621269725,1.016776312,0.760573835,1
1.481013481,1.411705255,1.239677705,1.014240143,0.959272702,0.384427918,0.3332054,0.159194525,3.663223889,2.78405787,2.523867078,1.574755122,1.244017399,0.914019374,3.268930231,3.070291776,2.22740389,1.917857167,1.736560663,0.887156161,0.452078643,0.220837776,3.825658822,3.466521203,3.363119243,1.979620149,1.732597291,1.328946249,0
1.481013481,1.265504324,1.043218433,0.999242398,0.881867092,0.384427918,0.3332054,0.159194525,3.663223889,2.78405787,2.523867078,1.574755122,1.028271796,0.142299833,3.268930231,3.070291776,1.972653086,1.808917358,1.196702285,0.776904601,0.452078643,-0.056659577,6.999809525,3.747584152,3.370228948,2.305082689,1.85589389,1.540086481,1
1.434113275,1.265504324,1.101004801,0.999242398,0.881867092,0.384427918,0.3332054,0.159194525,3.663223889,2.78405787,2.523867078,1.574755122,1.244017399,0.914019374,3.268930231,3.070291776,1.972653086,1.808917358,1.196702285,1.04377875,0.524879934,0.339058982,3.825658822,3.466521203,2.720511418,2.305082689,1.85589389,1.540086481,0
4.986431837,4.138804851,3.825615783,3.171091711,2.306795301,1.137753726,0.715501543,-0.129817199,1.758655095,1.457068782,1.382455571,1.281723236,0.781245556,0.4434013,5.717681859,5.370243581,3.450365095,3.163975133,1.947383607,1.358882885,0.918066849,0.59304765,1.859904894,1.78938313,1.605810195,1.247020896,0.827274382,0.634540521,0
4.986431837,4.138804851,3.825615783,3.171091711,2.306795301,1.619249101,1.011336646,-0.129817199,1.758655095,1.457068782,1.382455571,1.296023072,1.201615534,0.4434013,5.717681859,5.370243581,3.450365095,3.163975133,1.947383607,1.358882885,0.918066849,0.59304765,1.859904894,1.78938313,1.605810195,1.247020896,0.827274382,0.634540521,0
3.949733992,3.093386273,2.58357587,1.90333742,1.517725171,1.282601152,0.801075971,-0.102827717,2.758907922,2.285791352,2.168741124,2.03314927,1.885046491,0.695590263,4.528954397,4.253749838,3.085966946,2.506172859,1.542515265,0.818096979,0.626334432,0.305960711,2.917744566,2.596583766,2.519130944,1.956276611,1.390149854,1.153595585,1
3.949733992,3.093386273,2.58357587,1.90333742,1.517725171,1.282601152,0.801075971,-0.102827717,2.758907922,2.285791352,2.168741124,2.03314927,1.885046491,0.695590263,4.528954397,4.253749838,2.733021276,2.506172859,1.542515265,0.818096979,0.626334432,0.305960711,2.917744566,2.807112838,2.524456439,2.418365706,1.834009323,1.153595585,0
4.400804039,4.281126157,3.876642643,3.40408576,2.290593662,1.76765096,0.904537482,0.137605635,4.187531486,3.115035531,2.83814534,2.701481729,0.129257221,0.053709763,2.806185723,2.257435758,1.852668775,1.587139252,1.092746221,0.626577596,0.091912198,0.046941371,2.927441611,2.749608707,2.578269646,2.444279478,1.708594962,1.137432587,1
3.939924463,3.832779993,3.470656509,3.047588723,2.050708444,1.582531555,0.80980869,0.123194717,3.637844575,3.311246794,3.092654054,1.994217094,0.147870352,0.061444006,2.512304498,1.737637454,1.658645776,1.420924156,0.978307039,0.642571511,0.082286581,0.042025379,3.348995271,3.145554304,2.949542297,2.79625745,2.479053443,0.556340054,1
5.757142695,5.600579794,5.071433465,4.453233384,2.996560277,2.312445344,1.183318165,0.180016031,2.112225166,1.571249426,1.363600578,0.879282175,0.065198401,0.027091644,3.671059083,2.539091007,2.423665859,2.076299482,1.429533301,0.93894589,0.120239764,0.061408817,1.58931875,1.386925144,1.300500318,1.232914581,1.093054267,0.245299217,1
6.818783737,6.27664321,4.716056799,3.49626033,3.141430824,2.188667527,0.511177843,0.244511379,2.885062102,2.42951734,2.158542106,1.900821538,1.258502349,0.050172514,5.570233546,5.324756736,4.185888829,3.721439834,3.50568427,2.031478665,0.662477025,0.485523091,2.685231551,2.411123515,2.15028542,1.759659729,1.362163213,0.754066782,1
2.23891637,1.603959348,1.566118164,1.382481941,0.955600474,0.495891836,0.280336806,0.196751279,6.575099325,4.682405225,4.434019961,2.041827724,1.812253311,1.1654846,1.333283501,1.250227607,1.152518327,0.94293085,0.897485063,0.768623152,0.503482068,0.017453665,4.229446983,3.214388613,1.893921259,1.532058331,1.339635023,1.055298993,1
2.23891637,1.603959348,1.566118164,1.382481941,0.955600474,0.495891836,0.280336806,0.196751279,6.575099325,4.682405225,4.241528566,2.95822856,1.914213491,1.610891832,1.333283501,1.250227607,1.152518327,0.94293085,0.891828065,0.768623152,0.503482068,0.328507141,4.229446983,3.214388613,1.596453156,1.532058331,1.339635023,1.147819017,1
6.818783737,6.27664321,5.566182935,4.585055221,3.356409917,2.945091397,1.945482246,0.383383382,2.885062102,2.42951734,2.158542106,1.900821538,1.258502349,0.050172514,5.570233546,5.324756736,4.185888829,3.721439834,3.50568427,2.031478665,0.662477025,0.485523091,2.685231551,2.411123515,2.15028542,1.759659729,1.362163213,0.754066782,1
2.23891637,1.603959348,1.566118164,1.382481941,0.955600474,0.495891836,0.280336806,0.196751279,6.575099325,4.682405225,4.241528566,2.95822856,1.914213491,1.610891832,1.333283501,1.250227607,1.152518327,0.94293085,0.891828065,0.768623152,0.503482068,0.328507141,4.229446983,3.214388613,1.596453156,1.532058331,1.339635023,1.147819017,1
6.376272467,5.682145079,4.716056799,3.878163921,3.356409917,2.945091397,1.945482246,0.383383382,2.480132285,2.35421234,2.158542106,1.900821538,1.258502349,0.018703128,5.570233546,5.324756736,4.185888829,3.721439834,3.50568427,2.031478665,0.662477025,0.485523091,2.685231551,2.411123515,2.15028542,1.759659729,1.362163213,0.754066782,0
6.818783737,6.27664321,5.566182935,3.878163921,3.356409917,2.945091397,1.945482246,0.383383382,2.480132285,2.35421234,2.158542106,1.900821538,1.258502349,0.050172514,5.570233546,5.324756736,4.185888829,3.721439834,3.50568427,2.031478665,0.662477025,0.485523091,2.461355255,2.211722146,1.832978884,1.452974094,1.32952683,0.754066782,1
6.376272467,5.682145079,4.154523907,3.49626033,3.141430824,2.188667527,1.009712481,0.383383382,2.480132285,2.35421234,2.158542106,1.924068683,1.782020192,1.118668755,5.570233546,5.324756736,4.185888829,3.721439834,3.50568427,2.031478665,0.662477025,0.485523091,2.685231551,2.411123515,2.15028542,1.759659729,1.362163213,0.754066782,0
2.692815833,2.236422015,1.957849628,1.752349167,1.648286638,1.221182843,0.667136865,0.388092971,3.429432802,2.847085528,2.270938591,1.772066709,1.307107572,0.64104587,2.52631123,1.328022802,1.255363202,1.185776857,1.123461612,0.927874454,0.590309184,0.238650069,5.195242231,3.868357542,2.596324834,2.30355072,1.387508023,0.612770909,1
3.929290617,3.533399408,3.320587668,3.039363288,2.832331696,1.578260306,0.930042989,0.283984993,3.622841552,3.23070196,2.960366127,2.691597852,0.526803108,0.119161561,4.123577733,3.40938546,3.203062671,2.180265231,1.45216122,0.396795852,0.343926021,0.007096023,3.517107263,3.097898179,2.983986265,2.312985443,0.771346605,0.53878212,1
2.692815833,2.236422015,1.957849628,1.716965248,1.302595032,0.750528973,0.517457294,0.303237152,3.429432802,2.847085528,2.270938591,1.772066709,1.600575341,1.161873397,2.52631123,1.328022802,1.255363202,1.185776857,1.123461612,0.927874454,0.590309184,0.238650069,5.195242231,3.868357542,2.596324834,2.30355072,1.387508023,0.612770909,0
3.929290617,3.533399408,3.320587668,3.039363288,2.832331696,1.046298362,0.378646657,0.132446109,3.622841552,3.23070196,2.960366127,2.691597852,1.350101581,0.46826943,4.123577733,3.40938546,3.203062671,2.180265231,1.45216122,0.396795852,0.343926021,0.007096023,3.517107263,3.097898179,2.983986265,2.312985443,0.771346605,0.53878212,0
2.692815833,2.236422015,1.957849628,1.716965248,1.302595032,0.750528973,0.517457294,0.303237152,3.429432802,2.847085528,2.270938591,1.772066709,1.600575341,1.161873397,2.52631123,1.328022802,1.255363202,1.185776857,1.123461612,0.927874454,0.590309184,0.238650069,5.195242231,2.670505543,2.399532,1.480008558,1.013213803,0.612770909,1
3.929290617,3.533399408,3.320587668,3.039363288,2.832331696,1.578260306,0.930042989,0.132446109,3.622841552,3.23070196,2.803747762,1.440108353,0.526803108,0.119161561,4.123577733,3.40938546,3.203062671,2.180265231,1.45216122,0.396795852,0.343926021,0.007096023,3.517107263,3.097898179,2.983986265,2.312985443,0.771346605,0.53878212,0
5.311731215,4.776553775,4.488868574,4.108701143,3.828829716,1.414417057,0.511865745,0.179044566,1.820568989,1.623508982,1.487658428,1.35259561,0.678459997,0.235317165,5.574374281,4.608908054,4.329994808,2.947346993,2.524929708,1.840382312,0.476800322,0.348697022,1.76743485,1.556771743,1.499528141,1.162333353,0.387621067,0.270751565,1
3.956562397,3.557923451,3.343634662,3.060458406,2.851989882,1.053560339,0.381274706,0.133365369,3.850250038,3.43349555,3.146190533,2.860551472,1.434848471,0.497663054,4.152197989,3.433048767,3.225293966,2.195397661,1.88075065,1.370850135,0.355155438,0.259734815,3.737878729,3.292355576,3.171293325,2.458173277,0.819764611,0.572601878,1
4.250371637,3.992095321,2.033859893,1.507950879,1.077500971,0.76777461,0.587807664,0.287140609,3.201056533,2.848711133,2.763737669,2.14623038,1.423810472,0.283759311,3.945838436,2.941498044,2.843860365,2.357304691,1.283953532,1.203270812,0.632349255,-0.096502631,3.026796907,2.533877463,2.297870933,1.434230292,0.019804363,0,1
4.250371637,3.992095321,2.033859893,1.843298723,1.447632843,0.76777461,0.587807664,0.415328172,3.201056533,3.079682503,2.769580268,2.14623038,1.423810472,0.283759311,3.945838436,2.941498044,2.843860365,2.357304691,1.283953532,1.203270812,0.632349255,0,3.026796907,2.533877463,2.297870933,0.021124654,0,0,0
4.250371637,3.992095321,2.033859893,1.843298723,1.447632843,0.76777461,0.587807664,0.415328172,3.201056533,3.079682503,2.769580268,2.14623038,1.423810472,0.283759311,3.945838436,2.941498044,2.843860365,2.357304691,1.283488866,-0.144753946,-0.199037949,-0.253588341,3.026796907,2.533877463,2.353125991,2.205956096,1.344590898,0.017603878,1
3.939924463,3.542961853,3.32957418,3.047588723,2.83999684,1.049129961,0.569876618,0.132804548,3.99614964,3.563602849,3.092654054,1.728434156,1.489219959,0.516521268,3.768279218,2.294732289,1.889834532,1.712767724,1.345120451,0.671537741,0.546182765,0.385917203,4.000133223,3.848460709,2.833634168,2.032907082,1.779234923,1.3647185,0
5.757142695,5.177088328,4.865279487,4.453233384,4.149893536,1.533022003,0.832721804,0.194058221,1.761966216,1.571249426,1.363600578,0.762094232,0.65662087,0.227742479,5.506329214,3.353135664,2.105927896,1.090302516,0.993505284,0.897862044,0.751885956,0.296494565,1.763722641,1.696847807,1.617333401,1.19941879,1.019600246,0.697327201,1
4.400804039,3.957406032,3.501345353,3.304385888,1.885494357,1.171853779,0.636538935,0.318063087,4.225411048,2.935931998,2.703367258,1.510868085,1.191425778,0.451504326,4.20908029,2.563162624,1.609787438,0.833435607,0.75944306,0.686332634,0.574747393,0.22664272,3.49661779,3.364037004,3.206397996,2.377873357,2.021379256,1.382466064,1
3.952708797,3.134302531,2.909802894,1.864991059,1.523836319,1.304988683,1.023630483,0.437293415,3.969956045,3.699899946,3.342745127,2.241764238,0.650915939,0.561791597,4.328585171,3.857371067,2.820332831,2.373465171,2.219684881,1.999299593,0.347017296,0.180049147,3.628913321,3.315194379,3.039652173,2.676730885,1.772219032,0.026337686,1
3.184053364,2.970423788,2.149633493,1.864991059,1.523836319,1.304988683,1.023630483,0.437293415,3.969956045,3.699899946,3.342745127,2.241764238,0.828340282,0.578591946,4.328585171,3.857371067,2.820332831,2.373465171,2.219684881,1.999299593,0.347017296,0.180049147,3.628913321,3.315194379,3.039652173,2.676730885,1.772219032,0.026337686,0
4.093812904,3.246191106,3.013677264,1.643994111,1.441679222,1.192693639,0.603871932,-0.027273019,3.2580222,3.076418645,2.883450372,1.933744775,0.561479782,0.484601167,4.483107342,3.9950718,2.921013292,2.394711838,2.208715462,1.773082231,0.57524518,0.186476556,3.130298921,2.859685109,2.405152917,1.793855376,1.538620925,1.358858046,0
4.410670252,4.121091803,3.751119803,2.888740109,1.44233121,1.186687822,0.741171251,-0.123790792,3.128790753,2.890290904,2.774626635,2.252838221,0.081703838,0.016944116,4.196804799,4.01185416,3.153792059,2.803860273,2.641302639,1.530585628,0.499132888,0.365809732,2.742207518,2.464090092,2.042130434,1.618765303,1.481232122,0.840109364,0
3.581170138,3.346051747,3.045659153,2.345464345,1.811436942,1.097884469,0.601781634,0.094213717,4.484093523,4.142282353,3.976515626,3.27389725,3.026909416,0.104084984,3.407525651,3.257358065,2.560668855,2.276547578,2.144561619,1.242733469,0.405262623,0.29701311,3.930053474,3.531463524,2.926722998,2.319968186,2.12285956,1.204020739,0
4.022256129,3.616998285,3.200166987,3.020149562,1.881692622,1.071053381,0.387605292,0.135579733,3.973130272,2.955546008,2.708234432,2.462356907,1.235114655,0.428387348,3.273619221,3.065847254,2.821436694,2.525292121,1.877156125,1.552116963,0.974306308,0.4369919,2.769222273,2.003067179,1.69965398,1.419388174,0.577647296,0,1
4.410670252,4.121091803,2.97127554,2.323975919,1.44233121,1.186687822,0.741171251,0.116036274,2.950505298,2.853901681,2.379554574,2.252838221,2.012784062,0.072625634,4.196804799,4.01185416,3.153792059,2.803860273,2.641302639,1.530585628,0.499132888,0.365809732,2.742207518,2.464090092,2.042130434,1.618765303,1.481232122,0.840109364,0
4.400804039,3.957406032,3.501345353,3.304385888,2.058784978,1.171853779,0.424084116,0.148339593,4.187531486,3.115035531,2.854378331,1.743195683,1.301764894,0.451504326,3.581710421,3.151283398,2.84189736,2.139397433,1.811404646,1.199251707,0.637491549,0.315015727,3.588484274,2.859092813,2.052514997,1.719717176,1.402483432,0.54117223,1
4.461052952,4.189974463,2.692045793,1.582696595,0.767995735,0.653872576,0,-0.077322352,1.931105076,1.854565529,1.701214491,0.999266975,0.0228426,0,2.021113666,1.72701202,1.533491517,1.460785614,1.379637452,1.235068893,1.090919153,0.158998012,1.849111637,0.851678967,0.627282216,0.55365129,0.358676755,0.122317608,1
4.461052952,4.189974463,2.692045793,2.468598455,1.519388731,0.694061956,0.581220067,0.229195118,1.931105076,1.74982062,1.262977441,0.999266975,0.874575486,0.670821672,2.021113666,1.926529919,1.797740157,1.644773353,1.43125875,1.293410111,1.090919153,0.158998012,1.849111637,1.470112149,1.366291828,0.669814966,0.585687613,0.501825773,1
4.461052952,4.189974463,2.692045793,2.468598455,1.519388731,0.694061956,0.581220067,0.229195118,1.931105076,1.74982062,1.262977441,0.999266975,0.874575486,0.670821672,2.021113666,1.926529919,1.797740157,1.644773353,1.43125875,1.293410111,1.090919153,-0.135886371,1.849111637,1.470112149,1.366291828,1.222173352,0.627951531,0.520611212,1
4.039427731,2.995789858,2.723845445,1.49008829,1.147414607,0.528138207,0.039913701,0.004383235,3.564275787,3.200435047,2.854208329,2.335706417,1.764764117,0.971035746,4.222427078,3.491114371,3.279845665,2.232529989,1.627817293,1.394036301,0.00968817,-0.028129848,3.986335674,3.487515715,3.268345462,2.926774877,2.718471171,0.694036726,0
4.039427731,3.861412603,2.934651289,2.698717592,2.542255749,1.341079461,0.469456184,0.029935276,3.564275787,3.200435047,2.854208329,2.335706417,1.764764117,0.971035746,4.228851219,4.156451655,3.279845665,2.232529989,1.627817293,0.202830715,0.076603756,0.007266127,3.560172292,3.361726761,3.233056777,2.926774877,2.718471171,0.694036726,1
4.039427731,3.861412603,2.934651289,2.698717592,2.542255749,1.341079461,0.469456184,0.029935276,3.564275787,3.200435047,2.854208329,2.335706417,1.764764117,0.971035746,4.228851219,4.156451655,3.279845665,2.232529989,1.627817293,0.202830715,0.076603756,0.007266127,3.560172292,3.361726761,3.233056777,2.926774877,2.718471171,0.694036726,1
4.221435463,3.130773562,2.900896326,2.767504378,1.494939256,1.124169925,0.490608848,0.14270577,2.530570904,2.162502274,2.054426285,1.589494137,0.922425461,0.171420378,4.214870078,2.596474727,2.399008149,2.051142338,1.435541378,1.143875119,0.637048419,0.453508717,3.099638152,2.982109589,2.842367727,2.107907533,1.791887086,1.057498162,0
4.221435463,3.130773562,2.900896326,2.767504378,1.494939256,1.124169925,0.490608848,0.14270577,2.530570904,2.162502274,2.054426285,1.589494137,0.922425461,0.171420378,4.214870078,3.958751036,2.543485447,2.332369034,1.969096644,1.645112185,0.637048419,0.453508717,3.099638152,2.982109589,2.842367727,2.7224822,1.976163312,1.057498162,1
1.724978421,1.193082731,1.138846097,0.975623579,0.762171167,0.62973502,0.392175388,0.042374215,5.039361693,4.143568657,3.541839267,3.28134099,2.909109703,0.652851698,1.233971002,1.209358272,1.147161546,1.062419733,0.852435213,0.746017052,0.609617299,0.336931499,2.521622563,1.713279721,1.597067802,1.491437185,0.19291535,0.105718344,1
1.724978421,1.337345272,1.168734104,0.975623579,0.762171167,0.62973502,0.392175388,0.042374215,4.229893004,3.600072077,3.418063532,3.10305035,2.623527291,0.652851698,1.233971002,1.209358272,1.147161546,1.062419733,0.852435213,0.746017052,0.609617299,0.336931499,2.521622563,1.713279721,1.597067802,1.491437185,1.3477697,0.171480311,1
4.619604565,3.8541021,2.747661843,2.417598821,1.921008862,1.566651509,1.061788226,0.367676737,4.583277516,3.446524554,1.777193323,1.423288476,1.263259981,0.749170198,3.713728227,2.965074333,2.112856543,1.550640865,1.44881346,1.201682929,0.927240838,0,3.00000288,2.380438818,1.229684766,1.077816469,0.642082848,0.45946802,1
3.406513268,3.056590204,1.878702856,1.802634479,1.400774049,0.705524159,0.49014093,-0.069651694,4.041057789,3.00895621,2.919739533,2.192201765,1.079256723,0.476636612,3.499112082,3.078611199,2.776359957,2.64473507,2.006458062,1.754168229,1.474692986,0.770720432,2.689217692,1.816891974,1.650549903,1.378381153,0.60614031,0.498629957,0
4.619604565,3.8541021,2.747661843,2.417598821,1.921008862,1.566651509,1.061788226,0.367676737,4.583277516,3.446524554,1.777193323,1.423288476,1.263259981,0.749170198,3.713728227,2.965074333,2.112856543,1.550640865,1.44881346,1.201682929,0.927240838,0,3.00000288,2.380438818,1.229684766,1.077816469,0.642082848,0.45946802,1
3.406513268,3.056590204,1.878702856,1.802634479,1.400774049,0.705524159,0.54851673,0.367605697,4.041057789,3.00895621,2.919739533,1.493316028,1.079256723,0.476636612,3.499112082,3.078611199,2.776359957,2.64473507,2.006458062,1.754168229,1.474692986,0.770720432,2.689217692,1.816891974,1.650549903,1.378381153,0.60614031,0.498629957,0
4.410670252,4.121091803,2.97127554,2.761818714,2.231016882,1.186687822,1.054451873,0.116036274,3.128790753,2.890290904,2.774626635,2.284372391,2.134048229,0.072625634,4.393608272,4.318388003,3.553105979,1.76170567,1.544904841,0.210733048,0.079588256,0.007549217,2.988184941,2.82162223,2.713624729,2.456550946,2.281713902,0.444465329,0
2.912975451,2.721726759,2.47738309,1.907834533,1.751050354,0.783734058,0.696400375,0.076634797,5.226126348,4.827751882,4.634553891,3.815665438,3.564573842,0.121309084,2.901707066,2.852028721,2.346607182,1.163497853,1.020314287,0.139176171,0.052563131,0.004985792,4.991267644,4.713052244,4.53266032,4.103261175,3.811224874,0.742405661,1
4.767160022,4.454176569,3.211427098,2.98504105,1.368107895,0.758019847,0.167219782,-0.102827717,3.294470078,2.737063748,2.627531354,2.163267666,1.885046491,0.068775427,4.748719017,4.667419115,3.840283632,1.904094471,1.669770845,0.22776542,0.086020929,0.008159378,2.829767986,2.672035505,2.569763431,2.326318271,2.160750115,0.420902248,0
5.712535246,4.138804851,3.876205589,3.171091711,1.968077427,1.618663091,-0.173089598,-0.168913951,2.100047103,1.744730611,1.674909614,1.374104552,1.201615534,0.694440495,5.726588131,5.474220869,4.303385323,3.8258994,3.60408765,2.088501589,1.689966497,0.499151561,1.805903675,1.487453531,1.232736634,0.953759045,0.570525647,0.491992519,0
3.959746279,2.868886825,2.686861436,1.421050179,1.196805715,0.663347478,-0.11998016,-0.117085735,3.286681636,3.179071142,2.641331801,2.391592308,2.217379095,1.281472977,3.854785416,3.045113914,2.727761964,2.602331255,1.544194496,1.317859416,0.461327812,0.029416963,3.332491088,2.74484498,2.274807844,1.760001689,1.052808996,0.907889334,0
4.000322313,2.898284681,2.714394054,1.435611865,1.209069538,0.670144886,-0.121209612,-0.118285528,4.078878122,3.388754238,3.253142357,2.668894897,2.359911423,2.074553812,3.894285903,3.076317592,2.755713696,2.628997682,1.560018058,1.331363693,0.466055098,0.029718403,3.507569417,2.889050278,2.394318908,1.852466499,1.108120183,0.95558691,1
4.022256129,3.894923852,3.106439549,2.180793345,1.881692622,1.250452337,0.581785194,0.290703969,3.017119883,2.785612559,2.564955112,1.65394423,1.343917296,0.000942372,4.184713977,3.49018065,2.607067381,2.469192944,1.950111158,1.564510664,0.370583482,0.177260966,4.145838876,3.190663617,2.745719455,2.485860441,2.137753402,0.225249517,0
4.400804039,4.261488098,3.719056961,3.304385888,2.058784978,1.013513492,0.424084116,0.137605635,3.179932105,2.935931998,2.703367258,1.743195683,1.191425778,0.428722981,5.057585253,4.507011472,3.74072147,2.773193081,2.133642609,1.711751969,0.648958706,0.304095245,4.369559929,2.976568612,2.729171269,1.867175371,1.601508759,0.23740461,0
4.250371637,3.992095321,2.419214828,2.068418967,1.769566774,0.722716013,0.609771453,0.271571168,3.201056533,3.079682503,2.935368367,2.176877057,1.525132914,1.092098895,2.703768648,2.09618403,1.831899222,1.73546733,1.468045048,0.98706035,0.088557688,0.03084512,3.436530552,2.82565554,2.386829619,2.237670017,1.789082078,0.445204163,1
4.250371637,3.992095321,2.419214828,2.068418967,1.769566774,0.722716013,0.609771453,0.271571168,3.201056533,3.079682503,2.935368367,2.176877057,1.525132914,1.092098895,2.703768648,2.09618403,1.831899222,1.73546733,1.468045048,0.98706035,0.041126827,-0.078058443,3.436530552,2.82565554,2.386829619,1.908354217,0.500854683,0.11827882,1
4.400804039,4.261488098,3.719056961,3.304385888,2.058784978,1.013513492,0.424084116,0.137605635,3.179932105,2.935931998,2.703367258,1.743195683,1.191425778,0.428722981,5.057585253,4.507011472,3.74072147,2.773193081,2.133642609,1.711751969,0.648958706,0.304095245,4.369559929,2.976568612,2.729171269,1.867175371,1.601508759,0.23740461,0
3.440880137,2.553859892,2.303127574,2.193938235,1.664455964,1.37624692,1.167530108,0.772345047,3.22821402,2.181049218,1.94000459,1.626708559,0.673390908,0.118458978,2.498181821,1.994571047,1.421294043,1.125739293,1.001374166,0.808358141,0.287902099,0.025741326,3.700976316,3.479705851,2.855072898,2.027298189,1.365308948,1.108047054,1
4.491916741,3.333951067,2.945920395,2.263409999,1.916404744,1.714678748,1.112858597,-0.110316867,2.905154936,2.314656262,1.552065475,1.363179414,0.670613411,0.438120682,3.261265809,2.603824231,1.855436473,1.469602827,1.307249658,1.055275779,0.814270366,0.033604162,2.708914729,2.149466528,1.545700786,1.065954553,0.912409407,0.515361782,0
3.937407988,3.508777823,2.565457437,2.158973511,2.01909045,1.55725652,0.315657107,0.150988067,6.283148581,4.83555058,4.161223775,3.767399306,3.239832193,0.034003541,2.714625393,1.538417028,1.497124502,1.38354087,1.214894129,1.046499888,0.390589705,-0.055504923,6.306549772,4.695832896,4.556599695,3.421190754,1.684308068,1.299170402,1
6.606623514,5.887419882,4.304611429,3.622567233,2.418918355,2.236027718,0.5296448,0.253344667,3.160632477,2.690510365,2.055055978,1.64684921,1.416232964,0.149224785,4.55490211,2.581328159,2.516482604,2.321459618,2.038485254,1.755934561,0.733430289,0.491531321,2.756792064,2.048743154,1.557823457,1.018733705,0.638896961,0.28470704,1
7.008388097,6.245447971,5.183585944,3.842864214,2.566018568,2.372005913,0.38868876,0.268751162,2.957199437,1.87709858,1.756362845,1.413416116,1.029472654,0.139619982,5.883487962,4.885690786,4.277672679,3.751368453,2.846017948,2.353215417,1.130583728,-0.144492428,2.110422827,1.681460549,1.374266253,0.990269028,0.487160885,0.318268701,1
4.723710934,4.209483045,3.493779348,2.59012193,1.729517515,1.598751398,0.606117975,0.196484554,2.976550321,2.806208934,2.643693938,2.195539951,1.463049608,0.216879689,3.965519037,3.292995574,2.883186394,2.528453038,1.918239388,1.586086449,0.762022685,-0.097389079,3.278240272,2.611908674,2.134726235,1.53824142,0.756734818,0.494384945,0
8.487580577,7.56361408,6.277635137,4.65394028,3.107603211,2.872642188,1.08907493,0.353044144,0.313095838,0.295178056,0.278083513,0.230943323,0.153894507,0.022813029,7.125258685,5.916866139,4.672937208,3.590311816,3.039878148,1.540355699,0.906426219,-0.174989043,0.344829845,0.274740101,0.224546481,0.161803744,0.079599031,0.052003108,1
2.27833464,1.900797827,1.543023766,1.317472436,1.144638053,0.888205291,0.686803643,0.181333842,6.781475548,5.099521447,4.695225137,2.105915682,1.869135492,1.108481728,2.522715819,2.094881389,1.83641423,1.608507844,1.220312601,1.009009247,0.484770509,0.187171891,4.760402579,3.792808261,3.09988147,2.61390745,1.09887076,0.717906917,1
2.27833464,1.900797827,1.543023766,1.317472436,1.144638053,0.888205291,0.686803643,0.181333842,6.781475548,5.099521447,4.695225137,2.105915682,1.869135492,1.108481728,2.522715819,2.094881389,1.307477787,1.121121385,1.027183705,0.545366823,0.32092249,0.187171891,4.760402579,3.792808261,3.09988147,2.61390745,2.094106083,0.717906917,1
2.27833464,1.900797827,1.543023766,1.317472436,1.144638053,0.888205291,0.686803643,0.169689529,6.781475548,5.099521447,4.695225137,3.051080091,1.974295952,1.108481728,2.522715819,2.094881389,1.307477787,1.121121385,1.027183705,0.545366823,0.378776324,0.240691868,4.760402579,3.792808261,3.09988147,2.233713155,1.860502996,0.717906917,0
3.014066264,2.513824317,2.169313484,1.82559659,1.404579688,1.142827935,1.001643142,0.13848828,4.247431301,3.880241584,3.263497206,2.532613446,0.348164541,0.011497694,1.84731569,1.277697403,1.21961425,1.044815821,0.816225141,0.674396484,0.028099384,-0.053332442,4.893480881,4.023619506,3.398749095,2.717419424,0.713196865,0.168424268,1
3.317492895,3.260696137,1.368221708,0.385916919,0.072113887,0.00855031,-0.029423459,-0.025749928,4.316942991,3.874630012,3.513871795,3.342114171,2.283259288,0.693654534,3.163963583,2.971703487,1.411350073,0.597763976,0.544694395,0.488337481,0.412225353,0,4.073745062,3.981553511,2.997123282,2.150197515,0.237892618,0.043690784,1
3.939924463,3.815198554,3.042853757,2.13615463,1.843176207,0.907372054,0.379671389,0.123194717,3.99614964,3.563602849,3.265410828,2.968947892,1.362991932,0.490459393,3.95553849,2.933574476,2.718176595,2.59318665,1.123585553,0.529243526,0.459706703,0.133717114,2.783833904,2.492890707,2.189188695,2.05126792,0.690910764,0.221220773,0
4.682930869,3.905708919,3.370445169,2.836414955,1.89397622,1.750775638,0.630704617,0.215168143,2.782748233,2.54218012,2.138113707,1.659267707,1.476027991,0.202758733,2.870159747,1.985148329,1.894904995,1.623322061,1.268162533,1.047804473,0.569655111,0.032743342,3.20601425,2.636115637,2.226725371,1.78034524,1.092870264,0.415340667,1
4.100041368,4.029847077,1.690965371,0.476949124,0.209762706,0.083554225,0.00939307,-0.027273019,3.2580222,3.076418645,2.958668819,2.678380915,2.487755843,0.550754971,3.910296717,3.672685252,2.359689055,1.695815228,0.991289438,0.664891048,0.560983254,0.402352808,3.234514063,3.161314866,2.379686813,2.071470936,1.407700238,0.167897272,1
4.957505675,4.800566269,3.828744665,2.41585546,1.408099479,1.141722931,0.47773075,0.155012746,4.002277496,2.977228147,2.728102272,2.480420968,1.138717786,0.431530034,4.977152403,4.252145715,3.615909898,3.325205856,1.41377882,0.665933524,0.224337076,0.036884539,2.380113633,2.082696836,1.828967615,1.713741078,0.577224528,0.184819898,1
5.015103919,4.182751499,3.609520032,3.037609599,2.028321116,1.874962926,0.675442215,0.230430606,2.035642673,1.859661708,1.564078075,1.213791499,1.079747542,0.148322555,3.073748001,2.125960311,2.029315771,1.73846872,1.358116758,1.122128101,0.610062301,0.035065917,2.345271246,1.928377644,1.628899493,1.302362427,0.799459081,0.303831002,0
3.929290617,3.804901343,3.034641103,2.130389154,1.838201479,1.046298362,0.804376053,0.283984993,4.343021466,3.23070196,2.960366127,2.691597852,0.526803108,0.444642176,3.944862501,3.370226351,2.710840244,2.586187646,1.120552999,0.527815099,0.458465956,0.133356212,2.960667019,2.530041403,2.403596807,1.905294122,0.626367991,0.200555005,1
3.053791786,3.001509693,1.259464405,0.355241128,0.156235407,0.062232837,0.006996144,-0.020313484,4.266762265,4.028931106,3.874723896,3.507654006,3.258008112,0.721278243,2.302129822,2.065650978,1.354225803,1.242523704,1.187084056,0.476794916,-0.062761042,-0.082306097,4.19444563,4.100930658,3.118265928,1.147949914,0,0,1
3.956562397,3.831309782,3.055703445,2.145175412,1.850959769,0.911203802,0.572283154,0.28595603,4.615636187,3.43349555,3.146190533,2.860551472,1.561245889,0.472552699,3.97224236,3.393617869,2.729655202,2.604137436,1.12833035,0.531478472,0.461648002,0.134281789,3.146510312,2.62745731,2.109261318,1.976376037,0.665685581,0.213143993,0
4.164402001,4.093105832,3.229859634,1.669800802,0.213055468,0.084865822,0.009540518,-0.032323521,3.689240663,3.435141832,3.18450424,2.882821938,2.67764644,0.592794141,3.139373838,2.816891809,1.846733845,1.463525615,1.290925077,0.568689684,0.451703983,-0.064189594,4.535237036,3.376920192,3.276793246,1.675933013,0.884494805,0.468375518,1
4.675584959,4.59553714,3.62632693,1.874769898,0.239208161,0.095283155,0.010711623,-0.031101471,2.811818585,2.655086611,2.553463256,2.311562284,2.147044338,0.475326124,3.524733945,3.162667045,1.956751473,1.893244785,1.57744733,1.358800256,0.50715093,-0.239628154,3.636535001,2.707750086,2.627464283,1.409588891,0.709223419,0.375562281,1
4.250371637,2.618344654,1.895964401,1.281677667,1.077500971,0.722716013,0.609771453,0.437345063,3.082136786,3.012385987,2.267580268,1.973884376,1.233269938,0.159987667,1.934191248,1.894809465,1.610970426,1.439072214,1.276838288,0.543825072,0.277700907,-0.120115213,4.015109364,2.989635112,2.268880425,1.556331385,0.466491889,0.200669355,0
4.250371637,2.618344654,2.481876741,1.942244272,1.23041056,1.01015716,0.642414234,0.45732859,3.082136786,3.012385987,2.267580268,1.973884376,1.525132914,0,1.924885806,1.64453231,1.480188563,0.773134608,0.649167632,0.543825072,0.463670435,-0.06869378,4.015109364,2.989635112,1.621178526,1.483727153,0.783055736,0.414659457,0
4.250371637,2.533582507,1.997736966,1.843298723,1.23041056,1.01015716,0.642414234,0.45732859,3.082136786,3.012385987,2.267580268,1.626808442,1.423810472,0.159987667,1.924885806,1.64453231,1.480188563,0.773134608,0.649167632,0.543825072,0.463670435,-0.06869378,4.015109364,2.989635112,1.621178526,1.483727153,0.783055736,0.414659457,0
4.663937223,3.521435183,3.038834805,2.557346597,2.297805847,1.600905231,0.598448175,0.426488278,2.869823065,2.668226119,2.092831945,1.541086,1.338823407,1.182403625,4.064360086,3.717545062,2.884585339,2.681239643,1.400249626,1.151647977,0.150201053,-0.092362466,2.763962069,2.322032825,2.249572268,2.036873872,1.888499778,1.091406264,0
2.415949809,2.053669992,1.903847045,1.691354742,1.527765627,1.000755609,0.783988269,0.411951264,3.374666241,3.282520308,2.560651476,2.216905558,1.360854123,0.517186786,3.301266749,2.754222559,1.963537041,1.727667052,1.372793405,1.119562175,0.897277964,0.262749542,5.436569575,4.088181539,3.764065497,1.688269322,1.49844751,0.88864702,1
3.301266749,2.754222559,1.963537041,1.727667052,1.372793405,1.119562175,0.897277964,0.245877137,5.436569575,4.088181539,3.25536186,1.688269322,0.999727897,0.05623792,2.738588258,1.693788659,1.606677907,1.40027704,0.755032833,0.435516072,0.150201031,0.01877211,3.134554432,1.956852635,1.5068451,1.266770477,1.138672273,0.872565739,0
7.476762094,5.645216012,4.871558897,4.099684705,3.683614686,2.566412663,0.959372825,0.683703755,1.443271134,1.341885423,1.052512251,0.77503208,0.673311606,0.594646075,6.515579428,5.959599941,4.624281435,4.298297762,2.244741475,1.846207941,0.240787447,-0.148066355,1.492820369,1.361664265,1.135341995,1.086085427,0.949750962,0.548882325,1
2.415949809,1.943510525,1.739679163,1.591422528,1.06747265,0.881986802,0.549268352,0.359629327,3.374666241,3.282520308,2.772743027,2.458225417,2.07834896,1.20964811,2.738588258,1.693788659,1.606677907,1.40027704,0.755032833,0.435516072,0.150201031,0.01877211,3.134554432,1.956852635,1.5068451,1.266770477,1.138672273,0.872565739,1
1.724978421,1.466312092,1.242123907,1.136269268,0.936598636,0.714535469,0.559764462,0.294131541,4.259885683,4.143568657,3.232344114,1.832345706,1.124156011,0.652851698,2.357091146,2.009366841,1.92637107,1.363014264,1.184205416,0.918908395,0.71054478,0.187602114,6.862653443,5.160565451,3.216253286,2.131124621,1.891510045,1.121750848,0
2.357091146,2.009366841,1.92637107,1.363014264,1.184205416,0.918908395,0.71054478,0.187602114,6.862653443,5.160565451,3.216253286,2.131124621,1.891510045,1.121750848,1.955340972,1.209358272,1.147161546,0.999792159,0.852435213,0.310956719,0.107242931,0.013403211,3.956789381,3.126124265,1.902110435,1.599061073,1.437361022,1.101451235,1
1.724978421,1.466312092,1.242123907,1.136269268,0.936598636,0.714535469,0.559764462,0.294131541,4.259885683,4.143568657,3.232344114,1.832345706,1.124156011,0.652851698,1.955340972,1.209358272,1.147161546,0.999792159,0.852435213,0.375447978,0.107242931,-0.13001756,3.956789381,3.126124265,1.902110435,1.599061073,1.437361022,1.101451235,1
3.406513268,2.045625841,1.633434915,1.459139634,0.658220075,0.551408546,-0.066669056,-0.069651694,4.041057789,3.00895621,2.919739533,1.791789712,1.399983776,0.417339275,4.22929606,3.389592119,2.397610664,2.274615127,2.011307042,0.990140712,0.621859619,0.310728189,2.929953384,2.705134452,2.615034935,2.359452275,1.305090676,0.395020494,1
3.406513268,3.056590204,2.003878375,1.459139634,0.752559103,0.617081321,0.49014093,-0.050001792,4.041057789,3.00895621,2.919739533,1.791789712,1.399983776,0.417339275,4.299316465,4.163213309,3.32041677,2.331010368,1.425691493,0.990140712,0.621859619,0.310728189,2.929953384,2.705134452,2.490851938,2.359452275,1.305090676,0.395020494,0
3.406513268,3.056590204,2.003878375,1.459139634,0.752559103,0.617081321,0.49014093,-0.050001792,4.041057789,3.003160663,1.866447616,1.566389479,1.399983776,0.417339275,4.299316465,4.163213309,3.32041677,2.331010368,2.011307042,0.990140712,0.621859619,0.310728189,2.929953384,2.705134452,2.490851938,2.359452275,1.305090676,0.395020494,0
2.655935155,1.971264908,1.777730477,1.3382862,1.133112438,0.448626046,0.372862751,0.197056047,3.387402264,2.882677778,2.069446415,1.733903309,1.414052669,1.168974128,3.163739681,2.81933182,2.061366136,1.390298237,1.158356908,0.433956706,0.175462608,0.121320153,3.677843782,3.39058118,3.12868646,2.890645885,2.271698719,1.548886152,0
3.97297265,2.999732844,2.588629947,1.745913832,1.454645697,0.573511259,0.484405109,0.152351868,4.233852495,3.788478695,3.087556812,2.396076174,2.131467687,1.755704313,3.335280015,2.475482295,2.232444916,1.680597966,1.422944104,0.526764326,0.329946356,0.08759778,4.143558809,3.526166653,2.531400836,2.120955756,1.608659601,0.908104945,1
3.97297265,2.999732844,2.588629947,1.745913832,1.454645697,0.573511259,0.484405109,0.152351868,4.233852495,3.788478695,3.087556812,2.396076174,2.131467687,1.755704313,3.335280015,2.475482295,2.232444916,1.680597966,1.422944104,0.526764326,0.329946356,0.08759778,4.143558809,3.526166653,2.531400836,2.120955756,1.608659601,1.268044723,1
2.849222522,1.348122785,1.22366329,1.157863834,0.983410555,0.800315675,0.354228167,0.246268247,3.609220053,3.393435424,2.784288652,1.806105357,1.331459597,0.686641797,4.188546638,2.89419475,1.781331764,1.677006708,1.533599778,1.352997242,1.068131716,0.506624618,3.179206296,2.511782404,1.929596751,1.284815678,1.123445527,0.884995476,0
2.849222522,2.27484513,1.320610075,1.189672643,1.111549281,0.921947395,0.726820338,0.265671126,3.464131996,2.863839756,1.881359747,1.42022357,0.621869849,0.545841874,2.94013435,2.124335038,1.781331764,1.677006708,1.533599778,1.352997242,1.068131716,0.506624618,3.179206296,2.511782404,1.929596751,1.284815678,1.123445527,0.884995476,1
3.612960272,3.356502302,3.16482818,2.624806829,0.54791882,0.289656157,0.03882057,0.00426319,3.113084987,2.850019283,2.719648553,2.225591073,1.681565472,0.910243393,3.92268819,2.416482728,1.216662595,1.035865384,0.675313168,0.610301798,0.53817045,0.265003434,3.497796771,3.299121382,3.019938134,1.777614752,1.555798725,0,1
4.20446113,3.888019399,3.319720382,2.98504105,1.367612774,0.209132993,-0.137103623,-0.27020932,3.317381122,2.702603679,2.245458728,2.059066337,1.885046491,0.326690479,2.183847974,1.989086863,1.876650519,1.66135837,0.691716126,0.332890088,0.172439658,-0.052546325,2.776448691,1.73862734,1.408759106,0.904704686,0.698121764,0.562952093,1
5.308017927,4.90851884,4.191056774,3.941718906,3.617791883,1.618663091,0.23468864,-0.22370382,2.114651658,2.057188999,1.674909614,1.374104552,0.234278518,0.165105608,4.119603867,2.713969838,2.459919785,2.30340861,2.013523005,0.818693262,0.373568614,0.163275287,1.76983639,1.108281217,0.898007998,0.576700474,0.445014996,0.275161146,1
2.597563244,2.553859892,1.572853623,1.020118482,0.793448332,0.581214661,0.483059999,-0.095156177,3.429387407,3.162332102,3.049710518,2.481206496,1.55123274,1.28237864,3.323903732,2.944452725,2.460545554,2.347402261,1.017091179,0.468152234,0.234655019,0.026535225,3.755184074,3.151233696,3.007084272,2.460810572,1.859287693,1.0064457,0
2.903060424,2.556976319,2.501740303,1.529163244,0.979313743,0.743857811,0.516635254,0.362295,3.429387407,3.162332102,3.049710518,2.481206496,1.55123274,1.28237864,3.323903732,2.944452725,2.460545554,2.347402261,1.017091179,0.468152234,0.234655019,0.026535225,3.216884398,3.133237289,3.007084272,2.460810572,1.859287693,1.0064457,0
3.519901528,3.100281611,3.033309069,1.854079231,1.18739793,0.901912418,0.756876183,0.469807278,2.220000366,1.828171186,1.362560346,1.137879865,1.014974111,0.881874942,4.030165451,3.570088847,2.983361277,2.846177342,1.233202301,0.567625031,0.284514422,0.032173419,2.212209133,2.154686116,2.067932344,1.692267097,1.278607717,0.692119484,0
4.663937223,4.15621636,3.038834805,2.223026773,1.863615011,1.600905231,1.340689268,0.426488278,3.652848653,2.48834089,1.605297917,0.820121524,0.022239807,0,4.258940269,3.377128938,3.135236456,2.251835661,0.973221082,0.409821262,0.211068235,0.136389788,2.834951944,2.648027394,2.23189812,2.083694321,1.747850423,0.552658861,0
3.835721637,3.418161149,2.836999391,1.828264722,1.532676809,1.316618672,0.467670765,0.02539018,4.907147329,3.34277615,2.920041923,2.070257152,0.029876412,0,3.502643487,2.777423005,2.578485458,1.851957768,0.800397815,0.337045764,0.173587027,0.112169876,3.808404942,3.557295083,2.998277219,2.799183868,2.348019409,0.742428366,0
3.795120045,3.235253923,2.257272541,2.187437002,1.906672857,1.287043179,1.031506342,0.282659149,4.597119822,1.529557562,1.018591524,0.312052758,0.053498628,0,3.050920102,2.561244572,2.386170425,1.510800194,1.053026574,0.856970336,0.379304118,0,3.392309645,2.947653961,1.568519156,1.081071664,0.644022052,0.460855694,1
3.795120045,2.304299052,2.249935202,1.98611756,1.372846057,1.160444635,0.872285436,0.302055584,4.597119822,3.456933666,2.154487598,1.427587058,1.267075249,0.424213135,3.050920102,2.561244572,2.386170425,1.23982947,1.053026574,0.856970336,0.379304118,0,3.392309645,2.947653961,1.568519156,1.081071664,0.644022052,0.460855694,1
3.795120045,2.304299052,2.042863776,1.430047976,1.23780761,0.981321115,0.402740778,0.282659149,4.597119822,3.456933666,2.154487598,1.427587058,1.267075249,0.814873219,3.050920102,2.561244572,2.386170425,1.510800194,1.053026574,0.856970336,0.379304118,0,3.392309645,2.947653961,1.568519156,1.081071664,0.644022052,0.460855694,1
5.663379543,4.966639476,4.446314503,3.121416955,2.693307584,1.325880849,0.832721804,0.416090915,1.603983789,1.480908137,1.363600578,0.762094232,0.600964917,0.216251382,5.074866274,4.400757257,3.492545179,3.153625891,2.643757881,2.271073047,1.901925986,0.605023967,2.536321561,1.549431555,1.020791241,0.929854557,0.802613432,0.412368148,1
4.329130766,3.796537315,3.398796914,2.386035065,2.058784978,1.013513492,0.636538935,0.318063087,4.187531486,3.115035531,2.854378331,2.595232568,1.416438829,0.428722981,3.879266709,3.363972606,2.669728326,2.410655822,2.020908804,1.736025658,1.453846814,0.462484961,3.135776577,2.976568612,2.023740427,1.843456511,1.591198265,0.817528658,0
5.308017927,4.138804851,3.876205589,3.719348678,3.044248043,0.264024721,-0.173089598,-0.306599606,2.114651658,1.722764175,1.367233131,1.296023072,1.201615534,0.010228354,5.717681859,5.370243581,3.450365095,2.782477067,2.553588365,1.358882885,0.864188011,0.615207235,1.859904894,1.754262013,1.701662998,1.264827488,0.827274382,0.234877719,0
3.865296602,3.389766578,3.034641103,2.130389154,1.838201479,0.904923059,0.568338522,0.283984993,4.343021466,3.23070196,2.960366127,2.691597852,1.469033549,0.444642176,3.463632133,3.00354796,2.383686792,2.15237198,1.804383456,1.550023421,1.298077941,0.412933137,3.252213156,3.087093535,2.098885261,1.911907105,1.650282092,0.847884851,1
4.20446113,3.27833183,3.070327937,2.946082165,2.411337479,0.209132993,-0.137103623,-0.2428564,3.317381122,2.702603679,2.144860768,2.03314927,1.885046491,0.016045833,4.528954397,4.253749838,2.733021276,2.203989669,2.022687785,1.076366046,0.684520088,0.487303348,2.917744566,2.752016231,2.519130944,1.984210881,1.124118435,0.368466791,1
4.410670252,3.829268132,2.97127554,2.761818714,2.231016882,0.19349396,-0.12685097,-0.171877049,3.503095787,2.853901681,2.264935033,2.146969666,1.990575752,0.072625634,4.190277721,3.935653048,2.52864506,2.039174608,1.871430538,0.995875045,0.633331455,0.450862646,2.966623805,2.736162224,2.18259541,1.461811839,1.187049184,0.389094414,1
4.400804039,4.261488098,3.398796914,2.144567685,0.974484904,0.716106302,0.424084116,0.137605635,4.187531486,3.115035531,2.854378331,2.595232568,1.804205675,1.259056737,3.486925763,3.128742587,2.051180953,1.845186592,1.706066754,1.344225038,1.104336774,-0.124665103,3.333710223,3.259385306,2.478371617,1.700031209,1.016433594,0.51730245,1
1.724978421,1.337345272,1.242123907,1.136269268,0.936598636,0.714535469,0.503344178,0.294131541,4.259885683,4.143568657,3.232344114,0.783422037,0.621975707,0.242024529,2.60991999,1.939475757,1.897579039,1.698404719,1.113480801,0.996272771,0.391869703,0.274802063,3.918172921,2.834139988,2.404840616,2.008292495,1.751015851,0,0
1.724978421,1.337345272,1.242123907,1.136269268,0.936598636,0.714535469,0.503344178,0.294131541,4.259885683,4.143568657,3.232344114,0.783422037,0.621975707,0.242024529,2.60991999,1.939475757,1.897579039,1.698404719,1.113480801,0.696387192,0.391869703,0.274802063,3.918172921,2.834139988,2.404840616,2.008292495,1.751015851,0,1
2.838008152,2.200257545,2.043595288,1.869438716,1.540932068,1.175584263,0.828123334,0.483917771,2.974655993,2.893432419,2.257129065,0.547059529,0.434322398,0.169004468,4.293951807,3.190908327,3.121978059,2.794287963,1.831946157,1.145725943,0.644720768,0.452116088,2.736039749,1.979065197,1.679287681,1.402380192,1.222725252,0,0
3.952708797,3.134302531,2.909802894,2.089921452,1.597004071,0.414458828,0.195891752,0.053782872,3.969956045,3.699899946,3.46738257,2.854596445,0.828340282,0.578591946,4.328585171,3.857371067,3.201534067,2.741990252,1.729615112,1.485795008,0.527763203,-0.001880198,5.600351501,4.767338142,3.326204236,2.163810082,1.92485169,0.026337686,0
4.158075766,3.297148377,3.060984635,2.198505426,1.679978026,0.435992454,0.075436287,-0.032323521,3.689240663,3.610651305,3.339721226,2.577435598,0.769065757,0.537188958,4.553481175,4.057784668,3.367872995,2.884453119,1.819479008,1.562990985,0.555183672,-0.001977885,5.199600528,4.426196091,3.088187108,2.008971766,1.787112802,0.024453009,1
2.47789734,1.964850005,1.824114353,1.310142252,1.001139305,0.259818388,0.122801774,0.033715723,5.070784759,4.962765317,3.794603214,3.542631761,1.057064929,0.738355079,2.491304513,2.327740235,2.118766799,1.559974115,1.260158232,0.866172045,0.097148727,0.065541443,5.650439708,4.661994843,4.475430152,3.684657586,3.210768118,0.296831066,0
5.792538261,4.831155741,4.16906274,2.811844279,2.556745728,2.196326809,0.780148315,0.245367051,2.154542721,2.045153435,1.720086849,1.334860981,1.187446826,0,4.055060585,3.986835204,2.783984095,2.387179451,1.52880842,0.907335237,0.754105821,0.512499974,1.48076328,1.265989928,1.070693652,0.955934855,0.569146384,0.37183092,1
2.720423266,2.268916991,1.957969851,1.320562119,1.200756948,1.031488837,0.366390955,-0.001305297,6.670445202,5.678262843,3.961762594,2.57726262,2.292644973,0,1.904429572,1.872388021,1.307477787,1.121121385,0.717993703,0.426123364,0.354160288,0.240691868,2.858961273,2.444290877,2.067225552,1.845656741,1.09887076,0.717906917,1
2.886872251,2.531713366,2.334865192,2.203523165,1.372896672,1.178754531,0.600763963,0.091762044,5.285738506,3.931973601,3.41234268,3.232331708,0.608803128,0.14502734,2.941715369,1.812176762,1.674357456,1.431568904,0.851576748,0.699137651,0.444619903,0.316520685,4.249661282,3.215877764,2.181283332,1.813799493,1.694013618,0.557374164,0
3.532576936,2.946278225,2.542501096,1.714802009,1.559230269,1.339428948,0.47577311,0.025830062,6.687939259,5.693154781,3.458341079,2.584021806,2.298657715,0,2.472976931,2.238343693,1.697811488,1.455820348,0.932343149,0.553337999,0.459891107,0.312547886,2.866459248,2.450701328,2.072647103,1.850497201,1.101752682,0.719789715,1
2.886872251,2.531713366,2.334865192,2.203523165,1.372896672,1.101263466,0.600763963,0.091762044,6.790634131,3.931973601,3.552044436,3.275848972,0.861819935,0.541158336,2.941715369,1.812176762,1.674357456,1.431568904,0.851576748,0.699137651,0.444619903,0.316520685,4.413628257,4.162933501,3.810651435,3.001485913,1.963154998,1.505789882,0
2.982439325,2.615523254,2.412158615,2.276468638,1.41834507,1.137719713,0.620651665,0.094799737,6.919480592,4.006579428,3.619441434,3.338005398,0.878172229,0.551426351,3.039097971,1.765822614,1.680939563,1.478959589,0.879767361,0.722281918,0.459338609,0.326998792,4.497373069,4.241921594,3.882955278,3.058436535,2.000404181,1.534360954,0
3.079774557,2.546366111,2.392269907,2.204211285,1.244314407,0.32292785,0.152630124,0.041905217,4.499250642,4.1931893,3.369985067,0.786879297,0.5856441,0.082034197,2.941715369,1.709239903,1.627076782,1.431568904,0.851576748,0.699137651,0.444619903,0.316520685,4.249661282,3.91952719,3.126547826,2.094031998,1.700437025,1.505789882,0
2.277665796,1.500512299,1.360051922,1.273519293,1.113245988,0.963280397,0.666981162,0.301761965,4.110773619,3.90597655,3.790162885,1.938498596,1.215725813,0.618729985,3.074654233,2.89321127,2.379275744,2.115281101,1.23168053,1.051151127,0.367964324,0.02346356,3.458800664,3.344702233,2.771943382,2.144631709,1.282889426,1.106299082,0
3.079774557,2.546366111,2.392269907,2.204211285,1.244314407,0.32292785,0.152630124,0.041905217,4.503361209,4.4074292,4.076711819,3.235185665,0.737699341,0.520572533,2.941715369,1.812176762,1.674357456,1.431568904,0.851576748,0.699137651,0.444619903,0.316520685,4.413628257,4.162933501,3.810651435,3.001485913,1.963154998,1.505789882,0
3.181727473,2.522952482,2.34224181,1.339068974,0.355859264,0.177393144,0.057723264,0.005475248,4.588808626,4.49105639,4.154063931,3.585756362,3.09053488,0.668174714,3.039097971,1.872167096,1.729785418,1.413853371,0.879767361,0.722281918,0.459338609,0.326998792,4.497373069,4.241921594,3.882955278,3.058436535,2.000404181,1.534360954,0
4.639866537,4.33524042,3.231076667,3.038850741,2.789120637,2.200265205,0.595740748,0,3.25897114,3.152267925,2.442982273,2.241560726,0.428676583,0.080218411,4.528155605,3.12885717,2.24970802,1.872269414,1.740459892,1.278034505,1.094129776,0.476479061,2.868681262,2.544485812,1.74112578,1.159729024,1.086865218,0.211708623,1
5.268566094,4.148665664,3.857453659,2.760271125,2.533434451,-0.013004897,-0.121209612,-0.118285528,4.998601601,3.388754238,3.253142357,2.549326731,2.333873038,0.085150746,2.887137953,2.086043556,1.749222971,1.646778391,1.284596857,1.160873646,0.993827958,0.432798945,3.045065918,2.700936882,1.848181198,1.231036494,1.153692561,0.585753212,1
2.849222522,2.27484513,1.667575902,1.410920573,1.232569404,0.921947395,0.711391711,0,4.068904604,3.535562501,1.350719818,0.823970157,0.621869849,0.117516221,3.5442231,3.19830923,2.108043327,1.854814512,1.282086641,1.083727164,0.814618287,0.263972437,5.514013746,4.146417864,2.584199388,2.015853291,1.605298868,0.508822295,0
2.849222522,2.27484513,1.667575902,1.410920573,1.232569404,0.921947395,0.726820338,0.533543784,4.068904604,3.535562501,1.350719818,0.823970157,0.621869849,0.545841874,3.5442231,3.19830923,2.108043327,2.042824644,1.780621932,1.201956226,0.814618287,0.263972437,5.514013746,4.146417864,2.584199388,2.015853291,1.605298868,0.508822295,0
2.49875366,2.242077268,1.378070557,1.322272702,1.222578522,0.963280397,0.666981162,0.301761965,3.987351061,2.492091742,2.118079655,1.938498596,1.401001263,1.080645167,3.158373125,2.888866677,2.571563435,2.252805151,2.000221646,1.577923175,0.116719719,-0.071773938,4.004951643,3.873823996,3.229955563,2.951398553,2.701964179,0.468267482,1
2.204391735,1.709025939,1.587340247,1.452066038,1.196902099,0.913122195,0.436644162,0.043548975,3.913560235,3.806699694,2.602387457,2.247721114,0.674747273,0.22234812,2.425502887,2.278954185,1.612011619,1.046743322,0.726096601,0.526764326,0.424291298,0.268743156,4.425737256,4.256256346,2.531400836,1.755449413,1.608659601,0.721194425,1
2.204391735,1.709025939,1.587340247,1.452066038,1.196902099,0.913122195,0.436644162,0.043548975,3.913560235,3.806699694,2.602387457,2.247721114,0.674747273,0.22234812,3.335280015,2.387604404,2.232444916,1.567233518,1.004873589,0.680715564,0.468234957,0.318218473,4.425737256,4.256256346,2.531400836,1.755449413,1.608659601,0.721194425,1
3.440880137,2.463199651,2.303127574,1.616854555,1.036689441,0.702268071,0.483059999,0.328293762,3.969083817,3.817090172,2.270207541,1.574319815,1.44267597,0.646780628,2.274186185,1.763136342,1.637597894,1.498040694,1.23479787,0.942033056,0.663601563,0.044927802,3.5097539,3.413919371,2.333869668,2.015798269,0.605125955,0.455511788,1
5.373256504,5.056167327,4.158015145,3.696658899,3.482340043,2.017951121,0.643053347,0.271959063,2.316002671,2.255780759,2.16495663,1.771665734,0.854113178,0,6.333813096,5.644307878,4.684652745,4.012224107,3.283306669,2.925480139,2.415167343,0.263457366,2.594575542,2.370274926,2.070525169,1.351561601,0.247379083,0.018830738,0
3.422346111,3.223898,2.658368481,2.449391596,1.737121939,0.329319059,0.062088595,0.005889315,3.974475493,3.889809973,3.235112755,2.484446439,0.828526324,0.578721895,2.045714312,1.845728815,1.636257743,1.520776253,0.946299905,0.776904601,0.494076163,0.339058982,3.895280998,3.665692803,3.363119243,2.648984092,1.732597291,0.491914784,0
3.815272319,3.590123648,3.16482818,2.870381214,2.519814556,2.318090684,0.456599016,0.193104104,2.909394685,2.833743084,2.719648553,2.225591073,0.048211171,0,4.497314014,4.00773192,3.326330304,2.848873408,2.331306729,2.077232565,1.714885768,0.029769525,5.030007076,3.072816872,2.894861904,2.496981544,1.591734781,0.276232032,1
3.358020074,2.320318934,2.117944199,1.622010442,1.010958315,0.912816129,0.47113406,0.116509132,3.663223889,1.68723763,1.38272577,1.192983781,0.272610032,0,3.422346111,3.223898,2.658368481,1.80950202,0.351273663,0.254418006,0.062088595,0.005889315,3.974475493,3.889809973,3.235112755,2.484446439,0.828526324,0.578721895,0
3.422346111,3.223898,2.658368481,2.449391596,1.737121939,0.329319059,0.226149338,0.046566446,3.974475493,3.889809973,3.235112755,2.484446439,0.828526324,0.578721895,2.045714312,1.670346446,1.564227003,0.985729068,0.828698241,0.555835683,0.452078643,0.33635894,3.895280998,3.665692803,2.75935843,1.848103777,1.500733556,0.491914784,0
3.358020074,2.320318934,2.117944199,1.622010442,1.010958315,0.912816129,0.025031468,-0.099573592,3.663223889,2.912398492,1.992878904,1.574755122,0.272610032,0,2.045714312,1.670346446,1.564227003,0.985729068,0.828698241,0.590489926,0.494076163,0.339058982,3.742061403,3.459208364,2.75935843,2.611690962,1.732597291,0.491914784,0
4.099453323,3.857534427,3.400560777,3.084181894,2.707503238,2.49075394,1.245782713,0.367956636,2.578214618,2.511174534,2.410067528,1.972249234,0.922425461,0.037976207,4.832296974,4.3062483,3.574092405,3.061072077,2.504954384,2.231955476,1.842619235,0.031986911,4.457435026,2.723034252,2.565336122,2.212746985,1.410545603,0.244788192,0
3.358020074,2.320318934,1.668353597,1.205242214,1.048784905,0.94777342,0.811392114,-0.099573592,3.663223889,2.912398492,1.992878904,1.096823249,0.710564593,0.242320028,3.422346111,3.223898,2.658368481,2.449391596,1.737121939,0.329319059,0.226149338,0.046566446,3.974475493,3.889809973,3.235112755,2.484446439,0.828526324,0.578721895,0
3.422346111,3.223898,2.658368481,2.449391596,1.737121939,0.329319059,0.226149338,0.046566446,3.974475493,3.889809973,3.235112755,2.484446439,0.828526324,0.578721895,2.045714312,1.899363225,1.636257743,1.520776253,0.946299905,0.776904601,0.524879934,0.370557122,3.531275205,2.838197242,2.720511418,1.848103777,1.500733556,1.328946249,1
3.358020074,2.320318934,1.668353597,1.205242214,1.048784905,0.94777342,0.811392114,-0.099573592,3.663223889,3.216460467,2.831498534,1.096823249,0.710564593,0.242320028,2.045714312,1.899363225,1.636257743,1.520776253,0.946299905,0.776904601,0.524879934,0.370557122,3.531275205,2.838197242,2.720511418,1.848103777,1.500733556,1.328946249,0
2.716549,2.168917385,1.939221466,1.545760939,1.291412463,1.101726597,0.781348519,0.508699415,3.624123288,1.237442945,0.764479255,0.590817948,0.117754034,0,4.457037803,3.971840217,3.296540971,2.406696297,2.195871649,1.762771651,1.484118489,0.02950292,4.830854092,2.859681277,2.498040204,1.63062747,0.29845708,0.022718845,0
3.65848291,3.442586771,3.034768909,2.752422302,2.416262254,2.222828266,1.111776232,0.328376239,4.33034853,4.217748545,4.04793003,3.312573946,1.549298384,0.063784531,3.938016707,3.709666929,3.058924829,2.818459827,1.99886715,0.653502014,0.07144395,0.006776702,5.31197246,5.198815161,4.468654578,4.150846242,3.855423228,0.984305202,1
2.716549,2.280540344,2.124653765,1.885354203,1.291412463,1.101726597,0.781348519,0.508699415,3.624123288,1.237442945,0.764479255,0.590817948,0.117754034,0,4.457037803,3.365218908,2.904027424,2.406696297,2.195871649,1.911968901,1.566908134,-0.001935994,4.830854092,4.112298124,2.869178362,2.669035859,1.528713253,0.265295182,0
3.479079411,2.304299052,2.249935202,1.98611756,1.372846057,1.160444635,0.872285436,0.302055584,4.597119822,3.456933666,1.750675557,1.427587058,1.267075249,0.424213135,2.777364038,2.153241235,1.999926623,1.829491524,1.508004586,1.150463734,0.81042754,0.412603545,2.853590827,2.336268006,1.897543038,0.52479482,0.416645963,0.162126176,1
3.479079411,2.304299052,2.249935202,1.98611756,1.372846057,1.160444635,0.872285436,0.302055584,4.597119822,3.456933666,1.782560761,1.427587058,1.267075249,0.424213135,2.777364038,2.360888939,2.109297536,1.944373106,1.756311863,1.4137543,1.02263443,0.413428108,2.853590827,1.951758553,1.707225425,1.227442539,0.491995143,0.196076511,1
3.479079411,2.304299052,2.249935202,1.98611756,1.372846057,1.160444635,0.872285436,0.302055584,4.597119822,3.456933666,1.782560761,1.427587058,1.267075249,0.424213135,2.777364038,2.360888939,2.109297536,1.944373106,1.756311863,1.150463734,0.551237478,0.18482748,2.853590827,2.336268006,1.897543038,1.638936408,1.159362679,1.022868783,1
5.044806809,3.10773835,2.525169893,2.346952017,1.460386079,1.19896521,0.810025812,0.571865705,2.658203664,1.936832365,1.856521628,1.26117634,1.024125202,0.33569072,3.531020056,3.31767609,1.567375464,1.092451018,0.741214248,0.586849934,0.480332226,0.050847734,2.678231593,1.604947701,1.267092183,1.00709755,0.459026002,0.341962228,1
5.044806809,3.10773835,2.525169893,2.346952017,1.460386079,1.19896521,0.810025812,0.571865705,2.553644099,2.360620544,1.883031466,1.782260763,1.182352819,0.33569072,3.531020056,3.31767609,1.567375464,1.092451018,0.741214248,0.586849934,0.480332226,0.050847734,2.728042531,2.623573805,1.56036582,1.216408496,0.944153953,0.408023113,1
5.044806809,3.10773835,2.525169893,2.346952017,1.460386079,1.19896521,0.810025812,0.571865705,2.553644099,2.360620544,1.883031466,1.782260763,1.182352819,0.33569072,3.531020056,3.31767609,1.567375464,0.772098175,0.625973263,0.540373754,0.067796979,0,2.728042531,2.623573805,1.56036582,1.216408496,0.459026002,0.048851747,1
2.010930924,1.709385053,1.527222066,1.40780969,1.271645269,1.023618871,0.740431276,0.440088276,3.795369558,3.691736237,2.523794586,2.179839271,0.654369706,0.492580284,3.281019639,2.736471673,2.361447799,1.957036502,1.528982158,1.357684107,1.041836074,0.217916629,3.63435518,3.357545251,2.994311683,1.173385883,0.371566695,0,0
2.49875366,2.242077268,1.360051922,1.164878786,1.05627259,0.963280397,0.500775811,0.301761965,4.110773619,2.492091742,2.01926937,1.694748388,1.023067106,0.618729985,2.010930924,1.709385053,1.527222066,1.40780969,1.271645269,1.023618871,0.740431276,0.440088276,3.795369558,3.691736237,2.523794586,2.179839271,0.654369706,0.492580284,0
2.010930924,1.709385053,1.527222066,1.324630488,1.091860129,0.832985186,0.586784368,0.298742699,3.768647409,2.595903003,2.270665908,0.697994353,0.55415282,0.260788202,3.281019639,2.736471673,2.361447799,1.957036502,1.528982158,1.357684107,1.041836074,0.217916629,3.63435518,3.357545251,3.13041676,2.874539216,1.100049265,0.330281506,0
2.49875366,2.242077268,1.360051922,1.164878786,1.05627259,0.963280397,0.500775811,-0.036677433,2.752652256,2.492091742,1.765362904,1.09127158,0.907781822,0.618729985,3.281019639,2.736471673,2.361447799,1.957036502,1.528982158,1.357684107,1.041836074,0.217916629,3.63435518,3.357545251,2.994311683,1.173385883,0.371566695,0,0
2.49875366,2.242077268,1.360051922,1.164878786,1.05627259,0.963280397,0.666981162,0.375581858,2.752652256,2.492091742,1.765362904,1.09127158,0.696071233,0.541755116,2.010930924,1.709385053,1.527222066,1.324630488,1.091860129,0.832985186,0.586784368,0.03972705,3.768647409,3.42996767,2.523794586,2.179839271,0.654369706,0.492580284,0
2.010930924,1.709385053,1.527222066,1.324630488,1.091860129,0.832985186,0.586784368,0.03972705,3.768647409,3.42996767,2.523794586,2.179839271,0.654369706,0.492580284,2.779907731,2.410644628,2.01295183,1.592689747,1.448196381,1.244047267,1.041836074,0.217916629,3.63435518,3.357545251,2.994311683,1.173385883,0.371566695,0,0
2.49875366,2.242077268,1.360051922,1.164878786,1.05627259,0.963280397,0.666981162,0.375581858,2.752652256,2.492091742,1.765362904,1.09127158,0.696071233,0.541755116,2.779907731,2.410644628,2.01295183,1.592689747,1.448196381,1.244047267,1.041836074,0.217916629,3.63435518,3.357545251,2.994311683,1.173385883,0.371566695,0,1
5.513776546,3.829268132,3.071470618,2.761818714,2.231016882,1.533493498,0.171994631,-0.095138227,3.503095787,2.853901681,2.663068144,2.174337631,1.990575752,0.344979368,3.684840208,3.195372333,2.668220157,2.465480847,2.198241802,1.900036623,1.599685064,0.570563983,3.850290075,2.706736746,2.404841957,2.143614009,1.402103412,0.243323121,0
5.308017927,4.278370457,3.876205589,3.171091711,2.231967371,0.956979459,0.772740345,0.17601648,2.114651658,1.722764175,1.367233131,1.281723236,1.148482797,0.208247572,6.555252293,4.94944399,4.271139998,3.539683107,3.229609732,2.812055692,2.304552618,0.394144825,1.667967891,1.583282721,1.451688261,0.902808407,0.165242869,0.012578449,1
4.400804039,4.261488098,3.719056961,3.304385888,2.058784978,1.76765096,0.900900882,0.318063087,3.49313564,3.115035531,2.854378331,2.595232568,0.482313354,0.092373598,4.625432133,4.546242951,3.587429008,3.305417788,2.344220403,1.749341279,0.083787642,0.007947543,3.567707111,3.491706699,2.90401458,2.762066703,0.743730654,0.519492503,0
4.20446113,3.388881224,3.070327937,2.511809874,1.767933,0.758019847,0.612084734,0.139421995,3.317381122,2.702603679,2.144860768,2.010716257,1.801693973,0.326690479,5.192390803,3.920436057,3.383154004,2.803769739,2.558161779,2.227418787,1.825427502,0,3.646169099,2.563240611,2.414796554,1.416289796,0.259226417,0.019732569,0
2.235182268,1.962910652,1.650998644,1.306204737,0.774268433,0.104573803,0.074755222,-0.083504738,2.953712261,2.455010709,2.367735869,2.166843902,1.780242613,0.455882941,3.214448602,1.959416753,1.690953554,1.552820525,1.450099931,1.058967365,0.706740255,0.425873862,3.221856843,1.953199951,1.582621044,1.328274723,0.545552266,0.424605582,0
5.757142695,5.574889237,4.865279487,4.322805767,2.693307584,2.312445344,1.178560755,0.416090915,1.761966216,1.571249426,1.4397718,1.309056555,0.243282805,0.046593999,5.779958406,5.525239149,5.173917829,4.222839179,3.707093532,1.539205198,1.017185902,0.503803521,1.46702785,1.410532054,1.168987467,0.904436796,0.841296621,0.001045588,0
4.400804039,4.261488098,3.719056961,3.304385888,2.058784978,1.76765096,0.900900882,0.303896404,3.49313564,3.115035531,2.703367258,1.818867208,0.482313354,0.092373598,4.625432133,4.546242951,3.587429008,3.305417788,2.344220403,1.749341279,0.083787642,0.007947543,3.567707111,3.491706699,2.90401458,2.762066703,0.743730654,0.519492503,0
1.489586888,1.193082731,1.003498539,0.793928299,0.671717355,0.441197312,0.0454372,-0.05075527,4.229893004,3.324696803,2.832682367,2.446630285,0.73445816,0.292706128,1.953783843,1.287140849,1.166653806,0.999234109,0.906071612,0.826302822,0.572137062,0.322174468,2.85537231,2.331162718,1.981426063,0.833347782,0.684068225,0.294263487,0
3.929290617,3.804901343,3.320587668,2.950345517,1.838201479,1.578260306,0.804376053,0.283984993,3.622841552,3.23070196,2.960366127,2.691597852,0.500222448,0.095803583,3.944862501,3.771014806,3.53123552,3.209739382,2.766832909,1.050518436,0.458465956,0.193893667,3.521161121,2.954848911,2.85636365,2.70689556,2.163237126,0.00214987,1
3.053791786,3.001509693,2.368483835,2.182295059,1.547695611,1.154945933,0.055318077,0.005247108,4.48885851,4.393235442,3.653806256,3.475208653,0.935755535,0.653621015,2.917002889,2.788452343,2.611149111,2.373420886,2.045916578,0.776799017,0.513348714,0.254257249,3.65934161,3.518418983,2.915912251,2.256019338,2.098523031,0.002608105,1
4.181850559,3.933377463,3.243392524,2.988426341,2.119408333,1.581578455,0.075752359,0.007185369,3.30850355,3.238024773,2.693030075,2.561395095,0.689696613,0.481749969,3.994532378,3.818495761,3.575697407,2.918406438,2.561974343,1.063745544,0.464238514,0.196334988,3.14843273,2.642066837,2.521208643,2.063200204,1.558869582,0.001922298,1
2.310560488,1.530353784,1.356726813,1.091771748,0.911748046,0.770685921,0.250296505,0.127606223,7.169596016,5.391379559,2.730326157,2.226442399,1.429721438,1.171922854,2.978659236,2.058188835,1.878676694,1.438769357,1.182330942,1.022446941,0.855267276,-0.148268056,4.641062473,4.517738719,3.936916934,3.048215248,1.460759974,1.15071531,1
2.310560488,1.530353784,1.356726813,1.091771748,0.911748046,0.770685921,0.250296505,0.127606223,7.169596016,5.391379559,2.730326157,2.226442399,1.429721438,1.171922854,2.978659236,2.058188835,1.878676694,1.438769357,1.182330942,1.022446941,0.855267276,-0.148268056,4.641062473,4.517738719,3.936916934,3.048215248,1.460759974,1.15071531,1
3.95872258,3.134302531,2.909802894,2.089921452,1.597004071,0.080674308,0.009069313,-0.030727066,3.973583042,3.888936534,3.597124948,3.105010872,2.884021797,0.736302473,3.766472369,3.64723742,3.18299228,1.835449808,1.248995662,0.867425709,0.362956653,0.129053675,3.890528036,3.469413822,3.179103267,2.890476096,0.537183155,0.10288237,1
4.022256129,3.469967157,2.016099238,1.389391486,1.15428601,0.926333192,0.387605292,0.1378178,3.314287427,2.955546008,2.708234432,2.462356907,0.956844705,0.406772405,4.031916036,2.526836357,2.433080871,2.288918489,1.167171366,0.685570705,0.561194384,0.418197163,3.187094931,3.047400954,2.350131737,1.574020719,0,0,0
4.400804039,4.261488098,3.719056961,3.40408576,1.459345673,1.013513492,0.424084116,0.303896404,3.49313564,2.935931998,2.703367258,2.560756796,1.705188008,0.428722981,4.411373072,2.717525922,2.57588869,1.33022682,0.800098182,0.690761537,0.610073453,0.453911422,3.359079481,3.105175086,2.476951414,1.658959276,0,0,0
3.929290617,3.804901343,3.126202239,1.914793208,1.302987638,1.0571318,0.804376053,0.283984993,3.298008251,3.044948016,2.803747762,2.655841937,1.045925205,0.444642176,3.938727257,2.426363231,1.221637279,0.79053343,0.714373613,0.616751575,0.54470862,0.405278189,3.483807666,3.22047538,2.568924723,2.431448342,1.613024233,0,1
4.022256129,3.894923852,3.399151501,3.11127346,1.333815827,1.082143134,0.742218135,0.290703969,3.314287427,2.955546008,2.708234432,2.462356907,1.711830516,0.850528626,3.274041354,2.883731299,2.597443324,1.724574403,1.169167569,0.792010627,0.544790043,0.338806299,3.3425873,2.432259282,1.581404032,1.350480937,1.237554389,0.436754774,1
4.957505675,4.800566269,3.94426548,2.41585546,1.643952876,1.33376159,0.91479769,0.358298062,3.039253733,2.806048051,2.583771842,2.447470385,1.724388651,0.856768177,4.035317014,3.554252594,3.201397327,1.501063363,1.041245722,0.755396872,0.556780107,0.38538627,3.429731789,3.298392301,2.382044141,1.360388181,1.246633194,0.439958845,1
6.344582066,5.291577318,3.952660335,3.596727573,3.206870136,2.771838248,2.333675147,0.268751162,2.957199437,1.58320961,1.472308454,0.998185941,0.00583551,0,4.831896606,2.901574655,2.629963237,2.333876848,2.16245042,1.914879615,1.655748572,1.147724702,1.353484077,1.225366003,0.558937712,0.365076779,0.299679713,0.178230063,1
5.980870991,4.988231052,3.726069154,3.390540682,3.023032309,2.612939166,2.199894311,0,3.160632477,2.690510365,1.819002322,1.066853613,0.006236949,0,4.55490211,2.735238271,2.51204294,2.410330724,2.112081071,1.805106754,1.44257327,-0.066858177,1.446593584,1.309661952,0.818071385,0.573492879,0.365804354,0.190490948,1
2.269198568,1.892581662,1.413705596,1.286402945,1.146966821,0.991373635,0.834660541,0,7.522949712,6.403963232,4.329596399,2.539329117,0.014845211,0,1.728172596,1.037775063,0.95309266,0.914502091,0.801343374,0.684874438,0.59219382,-0.02536662,3.443187674,3.11726247,1.947176691,1.36502998,0.870688945,0.677660803,1
4.723710934,3.566566418,3.077780962,2.59012193,2.327254867,2.026365672,1.660659257,-0.002051828,4.593586726,3.910322629,2.728258686,2.53794618,1.453630512,0.021603009,4.11028685,3.980167791,3.473545013,3.1793665,1.363007595,0.946606834,0.396088385,0.128521658,3.191135046,2.84572375,2.607601785,2.370860583,0.440614739,0.104961983,1
5.172885561,3.905708919,3.370445169,2.836414955,2.548552032,2.219051477,0.819150552,-0.08201414,3.731883867,2.62349771,2.471564005,2.145888666,1.947836652,1.207986816,4.501131377,4.35863938,3.803842169,3.481690411,1.492615109,1.036619068,0.433752175,-0.030759747,2.983361426,2.50747385,2.403373244,2.216494729,0.411926476,0.098127947,0
5.539812434,4.182751499,3.609520032,3.037609599,2.729327774,2.376454847,0.877255134,-0.087831626,2.729956652,2.110609253,1.865837699,1.735684261,1.424886147,0.883669418,4.820408894,4.667809552,4.073659062,2.096216397,1.598490367,1.110149284,0.464519399,0.150725963,2.182395717,1.946171264,1.783321259,1.621415549,0.301333445,0.057711972,1
4.250371637,2.618344654,2.419214828,2.068418967,1.23041056,0.722716013,0.609771453,0.443700589,3.082136786,3.012385987,2.763737669,2.176877057,1.423810472,1.092098895,1.992574601,1.866735154,1.610970426,1.439072214,1.276838288,1.162852109,0.540973027,0.210283865,2.530404741,2.373641691,1.545549118,1.263922798,0.532773039,0.414659457,1
4.270416966,3.660507161,3.231076667,2.905333997,2.453194107,1.613180029,1.109245462,0,3.088557523,2.693892696,2.47023796,2.345262982,0.428676583,0.203265295,2.804053715,2.383576409,2.019145349,1.847072417,1.522496081,1.161519363,0.818215518,0.478128092,3.088426767,2.791086296,2.343456803,1.773812497,0.532483829,0.400830041,1
3.039097971,1.872167096,1.774589898,1.681735823,1.419801205,0.824781901,0.459338609,0.326998792,4.330294961,3.993896857,3.18587139,2.13376446,1.732701359,1.534360954,1.424729399,1.334751759,1.15187503,1.028964481,0.912964085,0.831461761,0.733031026,0.290104637,3.555130631,3.334884,2.171442743,1.775767561,0.748527586,0.582582112,1
3.039097971,1.872167096,1.774589898,1.681735823,1.419801205,0.824781901,0.459338609,0.326998792,4.330294961,3.993896857,3.18587139,2.13376446,1.732701359,1.534360954,1.424729399,1.334751759,1.15187503,1.028964481,0.912964085,0.831461761,0.733031026,0.290104637,3.555130631,3.334884,2.171442743,1.775767561,0.748527586,0.582582112,1
6.304806479,5.240351395,4.625582297,4.159251818,3.511972139,2.309415019,0.852857465,0,0.07778043,0.063986432,0.06152264,0.056450157,0.010795541,0.005118915,3.466471645,2.950812229,2.7198035,2.270408999,1.773676152,1.317769294,0.912645563,-0.051544047,0.077777137,0.070289088,0.059016248,0.051093814,0.041878743,0.011919788,1
8.704932385,6.572527394,5.671785497,4.467399621,3.983168072,3.442826538,2.165525418,-0.003781142,0,0,0,0,0,0,7.961126103,7.824828552,7.335281356,6.003037399,4.034787174,2.315875283,0.393944993,-0.061688603,0,0,0,0,0,0,0
3.943795403,2.977703005,2.569619221,2.023968632,1.804586094,1.559782762,0.981097705,-0.001713058,3.984580152,3.39190155,2.366552774,2.201471438,1.260911708,0.018738935,3.606811764,3.545061755,3.323270947,2.719693876,1.119161767,0.361267028,0.178477946,-0.027948205,2.824574146,2.632432605,2.115635125,1.975151489,0.463118562,0.39279592,1
3.655655607,3.439926313,3.032423616,2.750295208,2.414394948,2.221110448,0.437496623,0.185025352,3.572181195,3.479295473,3.339209173,2.732600915,2.064641347,0.05261699,3.617509425,3.004393252,2.53679223,2.354093268,1.749896799,0.73831731,0.50785672,0.315837372,4.407459151,4.042232903,3.061102993,1.748199482,1.602015906,0.664680215,0
1.524329955,1.458823634,1.378070557,1.322272702,1.05627259,0.963280397,0.768775594,0.571864911,3.979671029,2.492091742,2.01926937,1.651322862,1.401001263,0.618729985,3.624298456,3.229753707,2.680625312,1.727491626,1.528982158,1.014318531,0.573924562,-0.001574278,6.014213122,5.119640724,3.572008143,3.322839021,2.727839041,0.028284021,0
4.182440555,3.473576625,2.932952331,2.721722047,2.023170772,0.660562373,0.486880476,0.33700387,2.881513526,2.771167722,2.569326186,1.921239654,1.047367734,0.434555367,4.982107007,3.313769448,2.442527739,2.073697108,1.824125449,1.394323212,0.639273794,0.222591778,4.037679116,2.466606572,2.387125271,1.49932135,1.285993974,0.018988652,1
3.928798451,3.755658689,3.516855818,2.870381214,2.023254333,1.046240573,0.456599016,0.193104104,2.909394685,2.833743084,2.318324034,1.793669837,0.706487362,0.002073599,3.800234216,3.584732535,2.659320028,2.27405394,1.531269536,0.656547901,0.530148319,0.12075834,4.839947673,3.895720851,3.041430355,2.410449809,2.159873567,0.208915075,1
4.752332949,3.754137682,3.362893563,3.20825759,2.520181373,1.303205416,0.861225117,0.426557471,3.165901113,3.083579698,2.522718791,1.95180852,1.815549655,0.68335532,4.733601371,4.465170796,3.312469763,2.832579319,1.907361273,0.817801184,0.660356879,0.15041753,4.327502994,3.525529652,3.309577693,2.622966823,2.350298557,0.227334047,0
3.922704867,3.691216335,3.035527195,2.698717592,2.542255749,1.075701194,0.710878634,0.352092138,3.564275787,2.991029398,2.433027517,1.867734039,0,0,3.907243313,3.685673416,2.734202633,2.338088009,1.57438787,1.141774548,0.600031413,0.084795737,5.079413274,3.400185026,2.825044309,2.529711389,2.336620433,0.219251545,1
3.440880137,2.463199651,2.303127574,2.193938235,0.579671999,0.450624344,0.369669306,0.090371262,3.969083817,3.817090172,3.53906754,2.646373564,1.44267597,0.593641014,1.918453999,1.886826862,1.672756079,1.346083685,1.124126148,0.950205706,0.329775824,0.231449505,5.654195083,3.751675987,2.192448028,1.755850628,1.558430261,0.924219499,1
3.440880137,2.463199651,2.303127574,2.193938235,0.579671999,0.450624344,0.369669306,0.090371262,3.969083817,3.817090172,3.53906754,2.646373564,1.44267597,0.593641014,1.918453999,1.886826862,1.672756079,1.346083685,1.124126148,0.950205706,0.714252601,0.247331868,5.654195083,3.751675987,3.385673773,1.755850628,1.558430261,0.924219499,1
3.440880137,2.463199651,2.303127574,2.193938235,0.579671999,0.450624344,0.369669306,0.090371262,3.969083817,3.817090172,3.53906754,2.646373564,1.44267597,0.593641014,1.916776495,1.880693669,1.672756079,1.346083685,1.124126148,0.950205706,0.714252601,0.247331868,5.654195083,3.751675987,2.192448028,1.755850628,1.558430261,0.924219499,1
2.49875366,1.486145242,1.429051723,1.322272702,1.15865724,0.990255553,0.768775594,0.49147591,3.979671029,3.60513488,3.148561202,1.651322862,0.696071233,0.514835561,1.73651815,1.478200175,1.362477073,1.137354301,0.888517532,0.660132414,0.457186946,0.299634067,3.795369558,3.691736237,2.879875509,1.632538906,1.408010979,0.581661961,0
2.49875366,1.486145242,1.429051723,1.322272702,1.15865724,0.990255553,0.768775594,0.49147591,3.979671029,3.60513488,3.148561202,1.651322862,0.696071233,0.514835561,1.73651815,1.559039192,1.448032824,1.324630488,1.091860129,0.832985186,0.457186946,0.299634067,3.795369558,3.691736237,3.33469079,2.764680489,1.530505224,1.251565314,1
1.817691095,1.301218262,1.192090944,0.915907493,0.419149726,0.287080791,0.19528277,0.047739831,6.832196982,6.570562164,6.091986886,4.2710339,2.483355571,1.030350141,1.888573666,1.163412798,1.102775817,0.919063537,0.655650722,0.512540692,0.285444829,0.203205462,6.409970922,5.912013605,4.71592424,4.105120029,0.945803899,0,0
1.817691095,1.301218262,1.192090944,0.915907493,0.419149726,0.287080791,0.19528277,0.047739831,6.832196982,6.570562164,6.091986886,4.2710339,2.483355571,1.030350141,1.888573666,1.163412798,1.102775817,0.919063537,0.655650722,0.512540692,0.285444829,0.203205462,6.409970922,5.912013605,4.926517083,4.527287271,3.848550028,0.840714577,1
1.817691095,1.301218262,1.21665804,1.158977307,0.879271193,0.392952868,0.255182925,0.146462078,6.832196982,6.570562164,6.091986886,4.2710339,2.483355571,1.030350141,1.888573666,1.163412798,1.102775817,0.919063537,0.655650722,0.512540692,0.285444829,0.203205462,6.409970922,5.912013605,4.926517083,4.527287271,3.848550028,0.840714577,0
3.424392161,2.451396515,2.292091469,2.183425344,1.65648024,0.740293401,0.480745277,0.275923446,4.250436025,4.087668168,3.789937643,2.657089133,1.544941402,0.640999867,3.557929547,2.120828208,2.025092546,1.731445998,1.235196232,0.96558779,0.537756408,0.382823678,3.987761389,3.677972938,3.064877336,2.816509091,2.394254107,1.412990437,0
4.234904547,3.938108312,2.747661843,2.662654631,2.320894868,1.566651509,1.061788226,0.367676737,4.583277516,3.041099916,1.777193323,1.423288476,1.263259981,0.422935795,3.713728227,2.218830889,1.891562835,1.673492999,1.44881346,1.201682929,0.927240838,0.038266346,2.318945178,1.760703475,0.713425387,0.551361624,0.336807754,0.097680107,1
4.234904547,3.938108312,2.747661843,2.417598821,1.671094943,1.412549608,1.061788226,0.367676737,4.583277516,3.041099916,1.777193323,1.423288476,1.263259981,0.422935795,3.713728227,2.218830889,1.891562835,1.673492999,1.44881346,1.201682929,0.927240838,0.038266346,2.318945178,1.760703475,0.713425387,0.551361624,0.336807754,0.097680107,1
4.234904547,3.938108312,2.747661843,2.417598821,1.671094943,1.412549608,1.061788226,0.367676737,4.583277516,3.041099916,1.777193323,1.423288476,1.263259981,0.422935795,3.713728227,2.218830889,1.891562835,1.673492999,1.44881346,1.201682929,0.927240838,-0.16844014,2.430031294,2.271619766,0.713425387,0.551361624,0.336807754,0.097680107,1
6.904870952,4.59553714,4.308025113,3.030822175,1.45079263,0.480813433,0.399315456,0.149505101,3.201815229,2.754434532,2.553463256,1.849160395,0.53474189,0.331158667,3.212868109,2.09635174,2.015815804,1.702498133,1.489974747,1.358800256,1.084432401,0.693274352,2.758837497,2.499196847,2.182685113,1.144750759,0.422507566,0.356900769,1
5.095867279,3.391554673,3.179367777,2.236778595,1.070700198,0.354845363,0.294699,0.110336334,6.523469587,5.898691812,5.202498801,3.767532082,1.089498364,0.674712104,2.371130407,1.562086214,1.515555527,1.446368422,1.206203042,1.030890948,0.800322501,0.511643752,5.620934133,5.091934874,4.447064846,2.332347818,0.818054772,0.511965248,0
4.509818212,3.001509693,2.813725303,0.98704642,0.334972215,0.146470694,-0.031550671,-0.023703116,4.858558255,4.397249153,4.271201125,3.901039785,3.487251507,0.721278243,1.404382315,1.36920231,1.316601409,1.111962431,0.973155805,0.796816791,0.603736371,0.095505324,4.19444563,4.100930658,3.687034118,3.17960717,1.628521007,0.54157503,0
4.329130766,3.796537315,3.501345353,3.360926916,1.761542371,1.368136568,0.900900882,0.578518965,3.49313564,3.115035531,2.854378331,1.818867208,0.682761379,0.428722981,4.64339437,4.338536636,3.588529329,3.143712983,2.455059346,1.614406579,0.596193708,0.135802303,4.838316302,3.894407745,2.510038889,2.374092308,2.159145551,0.391505053,0
4.663937223,4.15621636,2.590371926,2.511393572,2.297805847,2.000724096,1.423026872,0,3.652848653,2.824124025,2.41922031,1.41888435,0.919111356,0.230845603,3.956626228,3.350460202,3.06177674,2.722054594,1.584991066,1.352676367,0.96444734,0.355136834,2.417479972,2.337732482,1.937410756,1.187583466,0.896657482,0.77323215,1
3.32941491,2.966971479,1.84917217,1.7927924,1.640319902,1.42824406,1.170483073,0,5.69613886,4.403851386,3.772457096,2.212564235,1.433233733,0.359973472,2.824491353,2.391771506,2.185690896,1.94317563,1.131467392,0.96562639,0.688483828,0.383894014,3.721333077,3.10745646,2.415835594,1.851880812,1.398219858,1.205754225,1
5.208688535,4.6416655,2.89292928,2.804726196,2.566191266,2.234410147,1.831157104,-0.082581782,3.604080319,2.786419801,2.386921862,1.87629029,1.312444833,0.806080456,4.418763093,3.741796428,3.419394524,3.039992581,1.770119193,1.510669966,1.077095501,0.396617079,2.385204758,2.306521958,1.911544835,1.171728315,0.884686416,0.762908907,0
4.059470445,3.829268132,2.84072782,2.429180475,1.635726398,0.701334877,0.56631284,0.088099399,4.263340369,2.890290904,2.211750835,2.091959877,1.902556968,0.184025971,3.019105422,1.988968192,1.736313986,1.599823326,1.400116869,1.146411115,0.884100927,0.399993356,2.937538698,2.655954557,1.487624698,1.216553229,0.895642637,0.267041207,0
4.387574702,3.134293102,2.359877553,1.841596875,0.808554503,0.248032113,0.126959973,-0.009806805,4.037321762,2.737063748,2.521887075,2.010716257,1.857239806,0.174269937,3.263122802,2.149725349,1.974307849,1.824521338,1.659962961,1.239069103,0.955557853,0.432322579,2.781806726,2.51515061,1.408759106,1.15205834,0.977419514,0.753920572,0
5.539193835,3.956959872,2.979281284,2.324966011,1.020778089,0.313133803,0.160283516,-0.012380825,2.573575011,1.744730611,1.60756708,1.281723236,1.183890271,0.111087692,4.119603867,2.713969838,2.49251001,2.30340861,2.095658131,1.564291073,1.206365823,-0.181795267,1.636674467,0.78683046,0.692280286,0.576700474,0.454977655,0.358851616,1
2.34409283,1.552563264,1.376416506,1.107616243,0.924979921,0.661182893,0.271353901,0.190446726,6.45266553,4.281477728,3.024108223,2.0038072,1.778507653,1.054735328,2.055612733,1.725684966,1.203096715,0.926307287,0.709495746,0.577399301,0,-0.093234528,3.421171664,3.198148598,1.004411229,0.776246285,0.474182019,0.137521033,1
2.421691724,2.251971492,1.571225484,1.382481941,1.09851148,0.895875445,0.607173959,0.196751279,6.575099325,4.362715096,3.937101747,2.95822856,1.914213491,1.074748026,2.123661776,1.782812075,1.242924052,0.956971781,0.732982906,0.596513539,0,-0.096320965,4.303757922,3.258830725,1.023469071,0.790974892,0.483179216,0.140130377,1
3.95674804,3.469967157,1.7250195,1.389391486,1.142456939,0.926333192,0.387605292,0.277755874,3.314287427,2.785612559,2.564955112,1.72574138,0.647804061,0.428387348,2.214808984,1.988446829,1.846865873,1.689474715,1.392592195,0.603344661,0.509550082,0.381787139,3.010732439,2.720872044,1.801238958,1.295035376,1.116925312,0.461411862,1
3.95674804,3.469967157,3.159593536,1.677102292,1.333815827,1.071053381,0.823407282,0.52875598,3.314287427,2.785612559,2.564955112,1.72574138,0.647804061,0.428387348,2.214808984,1.988446829,1.846865873,1.689474715,1.392592195,0.603344661,0.509550082,0.381787139,3.010732439,2.928523791,1.801238958,1.295035376,1.116925312,0.461411862,1
3.875757261,3.398940309,3.094919734,1.642773641,1.306513916,0.907372054,0.690577147,0.284753542,4.790538979,4.259259332,3.265410828,2.080785371,0.7810795,0.490459393,2.169474001,1.94774526,1.809062327,1.654892813,1.364087189,0.590994783,0.499120088,0.373972328,3.630143015,3.531021238,2.171815382,1.56146842,1.346715028,0.556340054,1
3.039097971,2.113941018,1.521215577,1.38874224,0.933140117,0.824781901,0.487976626,0.326998792,4.330294961,4.232297515,3.32813867,3.015379019,0.638943594,0,2.205452958,2.124721005,2.051190886,1.473880873,0.88127202,0.815251602,0.41064107,0.255378715,4.615532352,4.233064017,3.20561562,2.367193567,1.677646006,0.696059324,1
2.941715369,2.046203459,1.472470873,1.344242414,0.903239267,0.798353201,0.472340264,0.316520685,4.249661282,3.91952719,3.266165971,2.959230164,2.551498945,0.557374164,2.831305937,2.101427073,2.014665816,1.930312267,1.36958681,0.799718618,0.701447363,0.298112094,4.44688223,4.154240859,3.145924402,2.323114462,1.646406848,0.683098122,1
2.941715369,2.046203459,1.472470873,1.344242414,0.903239267,0.798353201,0.472340264,0.316520685,4.249661282,3.91952719,3.266165971,2.959230164,2.551498945,0.557374164,2.831305937,2.101427073,2.014665816,1.930312267,1.36958681,0.799718618,0.701447363,0.298112094,4.44688223,4.154240859,3.145924402,2.323114462,1.646406848,0.683098122,1
2.49875366,2.242077268,1.942282888,1.415376421,1.269381793,1.146167364,0.768775594,0.500235871,3.904266365,3.101177379,1.720127982,1.2967742,0.907781822,0.618729985,3.314614722,3.117670195,2.943583104,2.499364523,1.484188931,1.092659214,0.857079676,0.258164252,4.618674105,3.973319676,3.723619446,1.986386873,0.699018121,0.477702131,0
4.099453323,3.857534427,3.400560777,3.084181894,2.707503238,1.539568495,1.245782713,0.367956636,2.578214618,2.511174534,2.410067528,1.972249234,0.950813705,0.819933743,4.214870078,3.958751036,2.871954231,2.051142338,1.294155171,1.143875119,0.60467829,0.284742245,2.984486114,2.916945215,2.676174767,2.202037595,1.791887086,0.391437186,0
3.406513268,3.056590204,2.647885038,1.929561379,1.7305291,1.562552722,0.909285382,-0.229758488,3.007638775,2.388981812,1.631655707,0.998965747,0.699306746,0.476636612,4.518764379,4.250272867,4.012942556,3.407346048,2.023372438,1.789472978,1.168443827,0.3097912,3.557980431,3.060833766,2.868478014,0.574385402,0.413995802,0,0
3.97297265,3.54047088,2.938513806,1.893684273,1.253571161,1.1299228,0.509787786,0.17750543,5.389050834,3.788478695,3.666402796,2.302818397,1.975167352,0.029164807,3.335280015,2.422720766,2.338877784,2.126606583,1.613374047,1.410510167,0.837394658,0.619729047,4.344928353,4.058996385,2.364429488,1.715903575,0.811343728,0.6674367,0
3.922704867,3.451016551,3.035527195,2.698717592,2.542255749,1.075701194,0.710878634,0.352092138,3.035905151,2.935757138,2.433027517,1.867734039,1.398172427,0,3.18795949,2.860486657,1.758169756,1.486175465,1.310903723,1.103421548,0.850947798,0.609234369,2.238500297,1.552951464,1.366339685,1.163719738,0.897980253,0.475516604,1
2.357149394,2.162068037,1.668353597,1.124833519,1.048784905,0.94777342,0.155345509,0.096960433,3.68642094,2.594157646,1.578431921,1.192983781,0.710564593,0.242320028,3.39281322,2.81868537,1.837390765,1.646957174,1.118804502,0.667664762,0,-0.059419766,4.867750718,4.728538636,3.223829543,2.710075975,0,0,0
2.357149394,2.162068037,1.668353597,1.280739301,1.048784905,0.94777342,0.155345509,0.096960433,3.68642094,1.623529976,1.325297812,1.237642157,1.118422295,0.802695864,3.39281322,2.81868537,1.837390765,1.646957174,1.118804502,0.667664762,0,-0.059419766,4.867750718,4.728538636,3.223829543,2.710075975,0,0,0
2.357149394,2.162068037,1.317331852,1.092484276,1.010958315,0.609252726,0.155345509,0.096960433,3.68642094,1.623529976,1.325297812,1.237642157,1.118422295,0.802695864,3.39281322,2.81868537,1.837390765,1.646957174,1.118804502,0.667664762,0,-0.059419766,4.867750718,3.315938958,2.822995808,1.460362946,0,0,1
3.310389399,3.11503512,2.746019886,2.490537699,2.186362256,1.24323192,1.005994108,0.297132239,3.86835538,3.767768382,3.616067344,2.959164408,1.426601682,1.230229278,2.763821622,2.379548383,2.297199465,2.088710893,1.477733512,0.913028405,0.72207318,0.34491833,4.685739849,3.163508741,2.549892788,1.923176245,1.734841126,0.777764139,0
7.008388097,5.291577318,3.892490594,3.596727573,3.206870136,2.771838248,1.842766525,0.674455433,2.569781087,1.986772844,1.748332471,1.00465389,0.935799319,0.162400012,4.963881443,4.273718667,4.125818289,3.751368453,2.654040296,1.639818113,1.296858535,0.619480535,2.071888919,1.398805507,1.127483553,0.850368923,0.767092972,0.343903194,0
4.699670284,4.422331098,3.898450152,3.535749002,3.103919354,1.764982727,1.428182623,0.421830603,1.817080979,1.76983229,1.698573825,1.390007079,0.670117021,0.577875092,4.820408894,4.667809552,4.073659062,3.681382278,2.2550846,1.808906915,0.844905595,0.373993563,1.895991613,1.834273295,1.758121369,1.621415549,1.081158514,0.379170442,1
5.086129562,4.752204461,3.93068597,3.184769435,2.689142666,1.768335914,0.514256877,-0.010462976,3.022820144,2.416293412,1.935491342,1.812657756,1.669390475,0.130479241,3.078774337,2.271602627,2.078866473,1.635992542,1.223392801,1.126846088,0.710470366,0.527357462,2.29973582,0.597368158,0.52686627,0.387832172,0.318358879,0.268924247,1
7.476762094,5.645216012,4.871558897,4.037276872,3.864976673,3.453388769,2.850989027,0.719529619,1.837064829,1.420288496,1.249834123,0.718199047,0.668976834,0.410873767,6.837898704,6.72083124,6.072477431,5.159477168,4.949831805,2.87045057,2.193434493,0.468783204,1.623481987,1.5638191,1.357841901,1.077552412,0.750581527,0.218406755,1
2.314049543,1.53266469,1.496505515,1.32103177,1.04968356,0.856054527,0.686088616,0.435139187,6.663991487,4.421696893,4.128726462,2.069432246,1.225437862,0.614939969,2.795018238,2.030278925,1.960017159,1.313366868,0.842100212,0.779014347,0.616087477,0.294291312,4.592518423,3.100571658,2.499163415,1.884915215,1.700326968,0.762290748,1
4.699670284,4.422331098,3.898450152,3.535749002,3.103919354,1.764982727,1.428182623,0.421830603,1.817080979,1.76983229,1.698573825,1.390007079,0.670117021,0.577875092,3.078774337,2.271602627,2.106408316,2.021120182,1.57055284,1.146930751,1.001640967,0.532852775,2.29973582,1.408503501,0.813125237,0.557543614,0.363592661,0.28298567,1
1.869657801,1.67857145,1.559054172,1.426190522,1.175573551,0.896850546,0.430142867,-0.041169669,4.992811406,4.134402299,3.991257194,1.719642296,1.565739642,0.646821086,3.340136731,2.92921476,2.667209112,1.654639161,1.359116344,0.669533637,0.351248564,0.245401273,4.036346998,3.904955831,3.595631557,3.194681302,2.301661513,0.807210046,0
3.056752517,2.856064277,2.795228879,2.296713122,1.83747775,1.515158195,0.309067235,0.089398831,6.30720758,5.076732589,3.939756653,3.715450432,3.168292704,0.107442735,2.358148644,2.030278925,1.960017159,1.313366868,0.842100212,0.779014347,0.616087477,0.294291312,4.592518423,3.100571658,2.499163415,1.884915215,1.700326968,0.762290748,0
6.837898704,6.72083124,6.072477431,5.159477168,4.949831805,2.87045057,2.193434493,0.468783204,1.623481987,1.5638191,1.357841901,1.077552412,0.750581527,0.218406755,4.608204324,3.887337828,3.264301021,3.097783649,2.860831739,1.87723038,1.573207603,0.701690481,1.712126463,1.38656,1.344985999,1.087624781,0.849834948,0.185646185,1
4.663937223,3.521435183,3.038834805,2.51841715,2.41093783,2.154192981,1.778421418,0.448836131,3.652848653,2.824124025,2.485189864,1.428078301,1.330204078,0.816987872,2.234642576,2.006253351,1.863404538,1.704603944,1.405062844,1.071928999,0.514113098,-0.049206596,3.138116096,2.598582912,2.508612368,1.080841379,0.984109427,0.406544429,1
3.850346315,2.552432159,2.498155398,2.19806435,1.746568148,1.424388861,1.141582635,0.724027957,3.193813973,2.11916197,1.238420508,0.991805233,0.587308758,0.294718844,4.699670284,4.134555232,3.898450152,3.535749002,3.103919354,1.764982727,1.428182623,0.421830603,1.817080979,1.76983229,1.698573825,1.390007079,0.670117021,0.577875092,0
6.505825049,6.299870607,5.497980306,4.968547184,3.043556304,2.441376276,1.140319857,0.504757324,1.275866233,1.234334235,1.183089457,1.091096255,0.727542058,0.255154485,4.608204324,3.887337828,3.264301021,3.097783649,2.860831739,1.87723038,1.573207603,0.701690481,1.712126463,1.38656,1.344985999,1.087624781,0.61601977,0.185646185,1
4.265419963,3.8668728,3.449440241,3.218435643,3.087660743,1.790561355,1.36824479,0.332219291,3.228157164,2.777095782,2.23189812,1.591966011,1.301584787,0.434283434,2.234642576,1.902225466,1.753306914,1.46360713,1.143390932,0.578377235,0,-0.049206596,3.138116096,2.598582912,2.508612368,1.080841379,0.984109427,0.406544429,1
2.592002962,1.912449595,1.773373426,1.70156982,1.029967583,0.948685443,0.598141043,0.116167259,3.077186917,2.519758209,1.8323119,1.044490757,0.69940068,0.432452602,3.303360361,2.844071318,2.745646678,1.839800922,1.179637453,1.091265014,0.863032513,0.412251474,2.945113373,1.988350228,1.602676118,1.208767934,1.090394253,0.488845655,0
4.871053236,3.229068741,3.160403491,2.780759857,2.209574343,1.801986991,1.221285372,0.3957506,3.006422369,1.994823745,1.800214746,1.119127959,0.87526195,0.491421703,6.43443624,6.011989319,4.97269052,4.356300399,3.867873948,3.189394217,0.650583719,0.188183727,2.845461312,2.290339424,1.821929678,1.676204616,1.429357477,0.230247965,0
3.902175099,2.946278225,2.542501096,2.107083398,2.017158704,1.80234806,1.487951368,0.375527605,5.811762172,4.493243147,3.953991478,2.27210384,2.116383808,1.299845589,2.405054479,2.028829149,1.937246388,1.656337886,1.552085021,1.399770327,0.821068192,0.174865975,5.416505535,4.376587052,3.584191557,2.867785482,1.948848152,1.586671131,1
5.945528603,5.594668231,4.931909153,4.473057801,3.926752343,2.232870532,1.806786459,0.533655717,1.710466843,1.644596119,1.362969559,1.110311523,0.630799044,0.543969254,6.43443624,6.011989319,4.97269052,4.356300399,3.867873948,3.189394217,0.250911636,0.169277676,2.845461312,2.290339424,2.211340351,1.749052491,1.429357477,0.230247965,1
5.753505491,5.215916389,4.652853303,4.341257674,4.164859075,2.415238048,1.845587065,0.394440874,1.285642873,1.106003587,0.966848544,0.853318725,0.594388973,0.172957317,5.474093982,5.300800977,4.626079041,4.180606462,2.560891682,2.054208818,0.959481391,0.424710011,1.010364354,0.977474974,0.936893998,0.864044157,0.576143912,0.202058014,0
2.71213614,1.797901523,1.759669646,1.548289238,1.070209951,0.904631214,0.679995072,0.220348547,6.799260795,4.33289169,4.071327326,2.111438703,0.739058056,0.627422354,2.168650419,1.600088687,1.483727866,1.423651963,0.8617427,0.793736394,0.500446505,0.371464049,4.895871749,4.008990471,2.915248344,1.66180766,0.774046751,0.572508638,0
5.945528603,5.594668231,4.931909153,4.473057801,3.926752343,2.232870532,1.806786459,0.533655717,1.710466843,1.644596119,1.362969559,1.110311523,0.630799044,0.543969254,4.963881443,4.273718667,4.125818289,2.764625308,1.74913932,1.458965852,0.825974047,0.561342541,2.071888919,1.50762586,1.359949798,1.082384211,0.797220866,0.681860419,0
1.869657801,1.67857145,1.559054172,1.426190522,1.175573551,0.896850546,0.430142867,-0.027800525,4.992811406,4.676391644,4.019557791,3.559920581,1.565739642,0.646821086,2.405054479,2.028829149,1.937246388,1.656337886,1.552085021,1.399770327,0.821068192,0.366217232,4.477925473,4.376587052,3.584191557,2.867785482,1.948848152,1.586671131,0
3.32941491,2.513824317,2.169313484,1.797806276,1.721080704,1.537799908,1.269550276,0.320407766,5.69613886,4.403851386,3.875327972,2.226900997,2.07427897,1.27398554,2.897054989,2.805343124,2.448260006,2.212502534,1.355300812,1.087149019,0.507786377,0.224769297,3.907002622,3.773185231,3.524097516,3.13112405,2.255870629,0.791150838,0
2.314049543,1.534006032,1.501385819,1.32103177,1.04968356,0.856054527,0.686088616,0.435139187,6.663991487,4.246690075,3.990329458,2.069432246,1.225437862,0.614939969,2.094015793,1.920711783,1.22851944,1.137767649,0.959295323,0.841971457,0.48110271,0.10350297,6.388819336,3.03562837,1.919526158,1.552771019,1.35774624,1.163336975,1
4.410670252,4.121091803,4.033310776,3.313989009,2.86670591,2.485636842,0.445961409,0.116036274,4.263340369,3.407904128,2.729788072,2.511448944,2.141599117,0.344979368,4.393608272,3.983083605,3.553105979,3.31515902,3.180453953,1.844372945,1.409364536,0.34220345,3.402643436,2.927201575,2.35253524,1.678013932,1.37193721,0.457757042,0
1.489586888,1.337345272,1.242123907,1.136269268,0.936598636,0.747838614,0.635142639,0.257026382,5.039361693,4.172949241,3.742824338,1.685693606,0.73445816,0.424617085,3.108926594,2.347347952,2.025652123,1.678747736,1.607103264,1.435960118,1.185475142,0.299188972,5.865947914,4.535135727,3.990856367,2.293287713,2.136115832,1.311964649,0
4.767160022,4.454176569,3.319720382,2.98504105,2.520496825,1.657437187,0.482005972,0.139421995,4.037321762,3.249679466,3.137590551,2.378305882,2.028063437,0.326690479,4.748719017,4.667419115,3.840283632,3.583104753,3.43751223,1.993443279,1.523275576,0.369861838,3.222254196,3.103836505,2.423248199,1.589054961,1.299204726,0.433489308,0
4.171768842,3.897875243,3.814848824,2.824408789,2.50773734,2.067844784,0.421806167,0.122008981,4.74909925,3.822596074,3.040816206,2.797599831,2.385609846,0.384285822,4.155631014,4.084485008,3.690457644,3.267302542,3.008186499,1.744473548,1.333027119,0.323668197,3.498723225,3.26072272,2.620579728,1.63013735,0.573652375,0.495107071,1
1.91614616,1.575590731,1.357335184,1.288095281,1.189567858,1.058406188,0.65415843,0.326555217,4.509420994,3.720968876,3.278388563,2.894523171,1.967018163,1.601464399,1.727799186,1.287140849,1.248800105,1.134246756,0.881389677,0.643654195,0.562117992,0.295951471,4.941518222,4.04636814,2.94242855,0.833347782,0.684068225,0.5778464,1
1.489586888,1.337345272,1.242123907,1.136269268,0.936598636,0.714535469,0.342701843,-0.022149132,5.039361693,4.719991803,4.057033984,3.593111364,1.580337756,0.652851698,1.91614616,1.575590731,1.357335184,1.288095281,1.189567858,0.735928234,0.248947869,-0.002750155,5.467006117,4.417391994,3.61760863,2.098152707,1.801647448,1.274983559,1
3.108926594,2.347347952,2.025652123,1.678747736,1.607103264,1.435960118,1.185475142,0.299188972,5.865947914,4.535135727,3.990856367,2.293287713,2.136115832,1.311964649,1.727799186,1.274816774,1.182110209,1.134246756,0.881389677,0.643654195,0.562117992,0.295951471,4.941518222,4.04636814,2.94242855,1.677301461,0.781263546,0.608060645,1
1.489586888,1.268001488,1.168734104,0.975623579,0.762171167,0.405784111,0.342701843,-0.022149132,5.039361693,4.172949241,4.028469528,3.593111364,1.580337756,0.652851698,1.727799186,1.274816774,1.182110209,1.134246756,0.881389677,0.643654195,0.562117992,0.295951471,4.941518222,4.04636814,2.94242855,1.677301461,0.781263546,0.608060645,1
3.108926594,2.347347952,1.726711957,1.6740659,1.531690793,1.333659535,0.817452712,0.299188972,5.865947914,4.535135727,3.990856367,2.293287713,2.136115832,1.311964649,1.91614616,1.575590731,1.357335184,1.288095281,1.189567858,0.735928234,0.185758102,-0.002750155,5.467006117,4.417391994,3.61760863,2.894523171,1.967018163,1.601464399,1
1.489586888,1.268001488,1.168734104,0.975623579,0.762171167,0.385539574,-0.029532176,-0.049800536,5.039361693,4.172949241,4.028469528,3.593111364,1.580337756,0.652851698,3.108926594,2.347347952,2.025652123,1.678747736,1.607103264,1.435960118,1.185475142,0.299188972,5.865947914,4.535135727,3.990856367,2.293287713,2.136115832,1.311964649,0
4.767160022,4.450119457,3.684178468,3.227505927,2.865639408,2.362965773,0.482005972,0.139421995,4.037321762,3.249679466,2.585069883,2.378305882,2.028063437,0.326690479,4.404936999,4.144990755,3.653964274,3.314009422,2.909261369,1.654294291,1.338616136,0.805293992,2.382071436,1.989121403,1.641021578,0.954685722,0.868295506,0.035747679,1
4.410670252,4.117338084,3.408674409,2.986151989,2.651345965,2.186262428,0.445961409,0.128995973,4.263340369,3.431604036,2.729788072,2.511448944,2.141599117,0.344979368,4.075534385,3.835027004,3.380719643,3.066186724,2.691705862,1.530585628,1.238513988,0.365809732,2.562783866,2.464090092,2.042130434,1.66357417,0.945123034,0.815026396,1
2.942073442,2.551269403,2.130377226,2.06542374,1.88976463,1.64543825,1.008554226,0.369132426,4.907147329,3.79385898,3.338543138,1.91844538,1.786963548,1.097521478,2.131718624,1.588044573,1.439390449,1.277341066,1.087438173,0.915324818,0.705889458,0.520146121,3.665845935,3.413699877,2.461482886,1.550482123,0.653564501,0.508671951,1
3.024968133,2.623152955,2.190401887,2.123618298,1.943009887,1.691799463,1.036970848,0.379532954,3.462566166,2.677011074,2.355732514,1.353687513,1.260911708,0.774429721,2.19178108,1.617155112,1.479946142,1.267567685,1.118077398,0.941114646,0.725778319,0.534801551,2.586682904,1.786488648,1.403285514,1.094046414,0.461166168,0.358927533,1
3.02006886,2.618904467,2.186854287,2.120178862,1.939862966,1.689059406,1.035291359,0.378918258,6.283148581,4.857685753,4.274695903,2.456391985,2.288041652,1.405274807,1.656019507,1.614535949,1.477549205,1.265514718,1.116266547,0.939590406,0.72460284,0.53393538,4.693776881,3.241749927,2.546392174,1.985249046,0.836828934,0.651307416,0
3.782610371,3.588832238,3.072363216,2.985050029,1.597004071,0.847381919,0,-0.038687556,4.380091529,3.888936534,3.033219363,2.12096212,0.650915939,0,4.328585171,3.268232694,2.820332831,2.337334876,2.237583663,1.999299593,1.650547212,0.416563373,4.866657687,3.762555254,3.310996295,1.902615986,1.772219032,1.088465656,0
3.049152704,2.419422715,2.368483835,1.283273259,1.073791158,0.653677517,0.317132835,0.209357635,4.858558255,4.393235442,2.495831732,2.0895556,0.735323642,0,3.339106889,2.521142099,2.17562839,1.803039718,1.726090796,1.542276467,1.273245956,0.321340478,5.497742853,4.250465636,3.740350645,2.149338234,2.002032019,1.229612738,0
4.675584959,4.59553714,4.308025113,3.527922084,1.886196383,1.687292908,1.370045869,0.320542288,3.260811248,3.136472061,2.38560482,2.167791591,1.480289515,0.418232438,5.112423845,3.860058216,3.331050735,2.76058945,2.642774862,2.361341295,1.949435344,0.491996446,3.623041213,2.801079022,2.464910583,1.416425106,1.319349542,0.810321207,0
2.197953807,1.973314318,1.832810823,1.676617446,1.381994267,0.598753077,0.505672296,0.378125994,4.265610952,3.694266806,3.313481884,1.492326308,0.650207861,0.259129568,2.885195332,2.64641207,2.042096281,1.567649069,1.321744753,1.160092548,0.662877184,0.313698017,3.932782719,3.107032715,2.692535929,1.616561073,1.237831125,0.258514162,0
3.929290617,3.804901343,3.320587668,3.000828594,1.838201479,1.474505819,0.688713281,0.304855756,3.622841552,3.083169555,2.960366127,2.801792221,1.794755167,0.629434169,3.758108642,2.347815986,2.241833938,1.916759018,1.796114782,1.619852097,0.950162328,0.42379649,3.491729708,3.412709551,2.79482725,2.236198844,1.391884502,0.985003952,1
2.775591951,2.163610779,1.832810823,1.676617446,1.381994267,0.598753077,0.505672296,0.378881656,3.771230698,1.738024099,1.554506571,0.693555052,0.291520763,0.214261696,2.885195332,2.64641207,2.042096281,1.64567035,1.504943106,1.239135706,0.662877184,-0.01338997,3.932782719,3.107032715,1.474616108,1.3203532,0.963382108,0.566940551,0
2.197953807,1.973314318,1.832810823,1.676617446,1.381994267,1.054329873,0.532224957,0.379254222,4.461292374,3.694266806,3.56636048,1.536574574,1.399055914,0.577962543,2.885195332,2.64641207,2.042096281,1.64567035,1.321744753,0.745736832,0.158241865,0.022979242,3.932782719,1.799994928,1.683917784,1.415631464,0.963382108,0.566940551,1
5.757142695,5.574889237,4.865279487,4.396772878,2.693307584,2.160425694,1.009093249,0.446670471,1.530736677,1.480908137,1.431583746,1.362649502,0.872877802,0.306124826,3.494590747,3.353135664,2.88864927,2.741294513,2.531610737,1.566185405,0.922123665,0.620940802,1.951669451,1.663542927,1.613663993,1.304891611,1.019600246,0.601726189,1
2.197953807,1.973314318,1.832810823,1.676617446,1.381994267,1.054329873,0.532224957,0.379254222,4.461292374,3.694266806,3.56636048,1.536574574,1.399055914,0.577962543,2.885195332,2.64641207,2.042096281,1.64567035,1.504943106,1.239135706,1.031193376,0.313698017,3.932782719,2.769465527,1.749995069,1.415631464,1.237831125,0.566940551,1
4.400804039,4.261488098,3.719056961,3.360926916,1.761542371,0.867778448,0.455251113,0.318063087,3.800691622,3.421847157,2.854378331,2.724619527,2.532639121,1.538221224,2.671291974,2.563162624,2.208105661,2.095466554,1.935182667,1.197204138,0.704878403,0.474651913,3.869226354,3.298009368,3.199123315,2.586975476,2.021379256,1.192935015,0
2.310560488,1.530353784,1.494249129,1.091771748,0.911748046,0.770685921,0.250296505,0.127606223,7.169596016,4.75717601,4.293080242,2.226442399,1.318413211,0.692722061,2.090858499,1.917815791,1.479877053,1.136052157,0.930302015,0.840701958,0.480377317,0.227332325,4.641062473,3.666597919,3.177451781,1.558143972,1.408050742,0.795176489,1
4.400804039,4.261488098,3.719056961,3.360926916,2.058784978,1.651445973,0.77135862,0.341438335,3.49313564,2.972785119,2.854378331,2.701481729,1.730498878,0.606899004,2.810774529,1.963114156,1.897906209,1.625548735,1.116899437,1.02875688,0.641936373,0.421098562,2.301413851,1.7364892,1.301485667,0.892402535,0.581965257,0.430439293,1
2.310560488,1.530353784,1.494249129,1.319039957,1.048100878,0.854763793,0.577145883,0.187722378,7.169596016,4.75717601,4.293080242,2.226442399,1.318413211,0.692722061,2.090858499,1.917815791,1.479877053,1.136052157,0.930302015,0.840701958,0.480377317,0.227332325,4.641062473,3.666597919,3.177451781,1.558143972,1.408050742,0.795176489,1
4.022256129,3.894923852,3.399151501,3.071827049,1.881692622,1.509392062,0.705007974,0.312068527,3.606096573,3.246648908,2.742229392,2.462356907,1.6418975,0.575825832,2.568997614,1.89547563,1.757633832,1.686467521,1.426293553,0.957024465,0.835791446,0.440038767,2.919405705,1.270131146,0.88199126,0.768118628,0.552168691,0.408400842,1
2.861161702,2.692317462,2.465749583,2.307451291,2.06646319,0.784600209,0.242225758,0.144813272,3.671164288,3.575704756,3.431736744,2.541032295,0.060834348,0,1.781345746,1.709239903,1.472470873,1.397357709,1.290472717,0.798353201,0.470046763,0.202548617,3.571560131,3.359484999,2.834998828,1.806947859,1.34866533,0.557374164,1
2.73505266,2.517119366,2.214067704,1.968403864,1.043373984,0.784600209,0.342414252,0,3.650198605,3.529786366,2.925333041,2.383054679,1.313457533,0,2.806816829,1.709239903,1.437282214,1.344242414,0.851576748,0.528802608,0.270064822,0.151136247,3.571560131,3.359484999,2.834998828,1.806947859,1.34866533,1.176130734,1
1.489586888,1.463908833,1.310052512,1.136269268,0.797694521,0.714535469,0.342701843,-0.045790655,5.039361693,4.719991803,4.028469528,1.685693606,0.73445816,0.424617085,1.821982381,1.171060745,1.092774583,0.887953347,0.838626614,0.31889691,0.276405973,0.080432198,6.579278065,4.351710085,3.412135067,2.919762891,1.711899391,1.332550894,0
1.724978421,1.466312092,1.434033143,1.273662164,1.090818497,0.747838614,0.635142639,0.257026382,5.039361693,4.143568657,1.75593084,0.783422037,0.477694221,0.292706128,1.821982381,1.171060745,1.092774583,0.887953347,0.838626614,0.31889691,0.276405973,0.080432198,6.579278065,4.351710085,3.412135067,2.919762891,1.711899391,1.332550894,1
2.49875366,1.982747115,1.455815747,1.339790819,0.800377394,0.737213865,0.460015776,-0.094063228,3.979671029,3.824587459,3.504992244,2.516710634,1.401001263,0.514835561,2.24518,2.178064567,1.576909133,1.429690693,0.916684337,0.848011008,0.670653839,0.29029113,4.018422108,3.13643584,2.980968048,2.201302097,1.621350299,0.69941414,0
3.406513268,2.703049309,1.984691704,1.826516665,1.091142459,1.00503257,0.627132586,-0.128234984,3.06572651,2.946258391,2.700059267,1.938739773,1.079256723,0.396601884,3.060820113,2.969322653,2.149776495,1.94907581,1.249701964,1.156080648,0.914292288,0.597800737,3.095578277,2.798500227,2.296378948,2.066933718,1.589780478,1.110223893,1
2.283298227,1.467566839,1.369459053,1.135714193,1.068267087,0.985277087,0.562987584,0.100797185,1.948714929,1.571282799,1.469954725,1.235757576,1.08054902,0.747530864,2.707906514,1.793528022,1.751214465,1.545874653,1.228342305,1.00175713,0.8028626,0.22000491,5.303472222,3.518964077,3.175664537,1.646937343,0.975252695,0.512418301,0
2.283298227,1.467566839,1.369459053,1.135714193,1.068267087,0.985277087,0.562987584,0.019516478,2.76875,1.908945237,1.527636054,1.235757576,1.08054902,0.747530864,2.707906514,1.793528022,1.751214465,1.545874653,1.228342305,1.00175713,0.8028626,0.22000491,5.303472222,3.518964077,3.175664537,1.646937343,0.975252695,0.512418301,0
2.506614946,1.892581662,1.633209963,1.353513516,1.146966821,0.446550937,0.198081041,0.111991147,4.982257319,4.595748367,4.447659869,3.639626422,2.430174251,0.413136534,2.301335746,1.815581528,1.602587525,1.441021832,1.216764156,0.811284875,0.711221389,0.067305654,7.238694182,5.826495194,4.634887042,3.878619042,1.476093323,0.585737925,0
6.291054259,4.749965264,4.098999134,3.39702234,2.878635394,1.120745003,0.374764318,0,1.04401026,1.018027961,0.843682923,0.576845915,0.1034284,0.007873071,5.775848448,4.5567118,4.022143525,3.616649039,3.053811411,2.008136073,0.225229923,0.151951494,1.610845587,1.296585245,1.03141356,0.86311926,0.14663902,0.069531728,0
2.357149394,1.411705255,1.317331852,1.092484276,1.027604481,0.94777342,0.541557978,0.256285279,5.459694835,3.61118786,2.523867078,1.993395622,1.244017399,1.031368464,3.119026566,1.948560069,1.860600711,1.590806139,1.490677959,1.34438948,0.52233132,0.351728127,3.750570704,3.087778682,2.88257948,1.741114053,1.49506453,1.038003074,0
2.357149394,1.411705255,1.317331852,1.092484276,1.027604481,0.94777342,0.541557978,0.256285279,5.459694835,3.61118786,2.523867078,1.993395622,1.244017399,1.031368464,3.303371438,3.070291776,1.908793537,1.590806139,1.490677959,1.34438948,0.52233132,0.351728127,3.750570704,3.087778682,2.88257948,2.40196767,1.167753459,0.491914784,0
3.815272319,3.590123648,2.952392105,2.624806829,1.528365883,1.304350829,0.929991621,0.193104104,3.553565071,2.850019283,2.719648553,1.888568877,1.072948823,0.925256904,4.113034129,3.395501949,3.192124355,3.101407688,2.084531401,1.484283438,1.205206507,0.152645729,3.269974537,3.168654624,2.724313796,2.563881984,1.785901486,0.661316821,1
5.707331951,5.366278092,4.651175203,3.768533211,3.18205875,2.09246941,0.608519442,0.158332823,1.730234851,1.653497568,1.579210217,1.378966537,0.124973653,0,5.703983093,5.523412505,4.820355062,4.356174493,2.38123193,1.518866571,0.999775607,0.44254606,1.614213352,1.539599752,1.43796271,1.277614937,0.920479024,0.24016211,0
3.956139521,3.719731921,3.224045526,2.612226396,2.205701103,1.450432707,0.421806167,0.109751237,3.192857016,3.069607958,2.966494305,2.797599831,2.385609846,0.204993626,6.589957762,3.892039791,3.750516693,3.248501258,2.898778072,1.547431526,0.729589433,0.519759297,2.978758881,2.841072047,2.455857493,1.888999127,1.698589015,0.693824582,1
2.357149394,1.411705255,1.317331852,1.092484276,1.027604481,0.94777342,0.3332054,-0.148983517,3.68642094,2.135781024,1.992878904,1.326951893,1.160289522,0.802695864,5.435378961,3.21014367,3.09341581,2.679354866,2.390904148,0.868370954,0.57159471,0.253013761,3.380718346,3.224451786,3.011588839,2.675765412,1.927799891,0.787450608,0
2.49875366,1.982747115,1.455815747,1.322272702,1.222578522,0.963280397,0.655301213,0.345011832,3.979671029,2.62918824,1.350806458,1.067375974,0.696071233,0.541755116,3.194524974,2.969125313,1.845898573,1.749313325,1.47685334,1.351462454,1.155637062,0.340138645,4.026830552,3.315218541,3.094904758,1.869361177,1.605188117,1.135953908,0
2.49875366,1.982747115,1.455815747,1.339790819,1.269381793,1.146167364,0.655301213,0.100255387,3.979671029,2.62918824,1.55666807,1.2967742,1.000664975,0.618729985,3.194524974,2.969125313,1.845898573,1.749313325,1.47685334,1.351462454,1.155637062,0.340138645,4.026830552,3.315218541,3.094904758,1.869361177,1.605188117,1.135953908,0
2.357149394,2.162068037,1.382894943,1.280739301,1.048784905,0.963379201,0.658530588,-0.148983517,3.68642094,2.135781024,1.992878904,1.326951893,1.160289522,0.802695864,2.135393532,1.729305032,1.559747064,1.231791661,1.147244272,1.0658799,0.932337085,0.445109842,3.493298853,2.903652831,2.010571688,0.13840041,0.043622974,0,1
2.357149394,1.344776266,1.123698112,1.070421335,1.010958315,0.740846912,0.129280577,-0.148983517,3.68642094,2.135781024,1.992878904,1.515294644,1.160289522,0.802695864,1.756754318,1.592241795,1.266985709,1.195046117,1.13693856,1.048879221,0.593479789,0.222122025,3.709802682,3.422007039,2.822995808,1.93014882,0.129750384,0.038775977,0
1.793910639,1.698025633,1.436387356,1.273662164,1.159315646,0.878061221,0.664745434,0.476356979,4.818324966,4.172949241,4.028469528,1.685693606,0.477694221,0.292706128,2.854321089,2.666923295,2.610116682,1.932458359,1.715791993,1.414817838,0.288599461,0.057012644,4.3667968,4.173125912,3.985638205,3.187117707,0.591276198,0.110645738,0
1.724978421,1.466312092,1.310052512,1.207620465,0.936598636,0.747838614,0.635142639,0.257026382,4.818324966,4.172949241,4.028469528,1.685693606,0.998800485,0.424617085,2.854321089,2.666923295,2.610116682,1.932458359,1.715791993,1.414817838,0.288599461,0.075091713,4.3667968,4.173125912,3.985638205,3.480259721,2.98792285,0.525578843,0
3.918765132,3.471405793,3.172301377,2.820315873,2.656804203,1.539568495,0.999262155,0.207487486,3.149058276,2.948220759,2.455442493,2.313664827,0.950813705,0.037976207,4.344853295,4.139072279,3.988566539,3.454687575,3.082767034,1.844134834,0.736998734,0.303895084,3.369189733,2.761377868,2.562075343,2.429101174,1.996142391,0.081886196,1
4.295153238,3.992095321,3.77038489,2.412935721,1.985682209,1.817089671,1.553795418,0.45732859,3.728157393,3.019236035,2.466983586,1.043351176,0.454775384,0.144891554,3.064843915,1.83554605,1.712838618,1.462545894,1.36366496,1.232326473,0.856243338,-0.014223705,3.029419916,1.755138026,1.637704196,1.090459976,0.953500494,0.519045694,1
4.295153238,2.533582507,2.419214828,2.068418967,1.938228983,1.748019845,1.025342133,0.292654723,3.728157393,2.537468832,2.056129558,1.310518674,0.978141727,0.404244786,3.064843915,1.83554605,1.712838618,1.462545894,1.314481571,0.963273755,0.704151667,0.093684868,4.48665753,2.96759502,1.637704196,1.090459976,0.953500494,0.43671393,1
1.489586888,1.337345272,1.242123907,1.136269268,0.936598636,0.747838614,0.635142639,0.257026382,4.818324966,4.172949241,4.028469528,3.593111364,1.580337756,0.652851698,2.7402665,2.546918461,1.583413516,1.500562601,1.23657147,0.735928234,0.372029265,0.139318577,5.452489073,5.088265881,3.61760863,3.334743207,2.713615472,1.601464399,1
3.956139521,3.719731921,3.547942562,2.824408789,1.547128221,1.1431681,0.421806167,0.083327546,3.192857016,3.051251285,2.914166491,2.330314782,0.432321549,0.204993626,2.77404881,2.553811013,2.101118063,1.922100696,1.720747895,1.077444754,0.945045876,0.630613992,2.864838112,1.93554482,1.478409376,1.397110408,1.280284726,0.57397737,1
4.767160022,4.450119457,4.163861671,2.98504105,1.767933,1.306320046,0.482005972,0,4.037321762,2.658929022,2.521887075,2.378305882,0.19605368,0.068775427,3.677651979,3.120428013,2.400987785,2.196421216,1.96633152,1.214912241,0.960819554,0.628222118,2.435466737,2.005607828,1.929583401,1.535755665,1.131147746,0.487951758,0
4.410670252,4.117338084,3.852486747,3.646922031,2.651345965,1.533493498,0.445961409,0.116036274,4.263340369,2.807782017,2.61609265,2.284372391,1.961212384,0.184025971,3.402635973,2.887081396,2.221441141,2.032172127,1.819288613,1.12406071,0.888969157,0.581243464,2.571809796,2.117886391,1.689302935,1.27410348,1.175819788,0.515268425,0
2.659782777,2.531713366,2.305262506,1.4301007,1.225130523,0.781448364,0.514378964,0.047542686,4.797447404,4.644880604,3.158157332,2.909870841,1.608308084,0.569914235,1.781345746,1.709239903,1.437282214,1.344242414,0.851576748,0.504007463,0.403586573,0.202548617,4.883955809,4.506087086,3.401485839,3.135519332,1.694013618,1.198813627,1
2.934667431,2.618223671,2.480045746,2.241227437,1.372896672,1.101263466,0.694620768,0.385784223,4.797447404,3.752417104,3.552044436,3.031831038,1.608308084,0.766062164,1.736370696,1.467225594,1.38264934,0.887059112,0.537607961,0.454034895,0.317408219,0.202548617,4.599963901,3.498671148,3.266165971,1.972805091,1.694013618,1.198813627,0
3.952708797,3.136370783,3.070337173,2.566135422,2.182478433,0.407094943,0.261195814,0.126582924,4.300845003,3.527943283,3.033219363,2.91132257,2.101653973,1.767468433,3.772119554,3.709798015,3.379828548,2.690578353,2.388911913,1.381706097,0.401819505,0.095416967,3.622893609,3.401782293,3.30666707,2.644178079,0.490549677,0.23260362,1
3.049152704,2.419422715,2.368483835,1.979538377,1.68358216,0.314036452,0.130196172,-0.025526433,4.858558255,3.985430293,3.426552913,3.28884912,2.374186527,1.996665386,2.909844647,2.861769289,2.607228076,2.075534698,1.842826677,1.065859667,0.107535189,0.061233775,6.087528104,4.41116377,3.89780317,3.261804109,2.800371182,0.492588303,1
4.668482174,3.704318188,3.117417094,2.68509473,0.512867661,0.412861864,0.199340134,-0.039082889,3.201815229,2.626419349,2.38560482,2.167791591,2.031908177,1.315812902,4.455191059,4.38158407,3.991862324,3.177799763,2.821506277,1.631911333,0.164644464,0.093753516,4.011712769,2.90697993,2.568672618,2.149545919,1.845459214,0.324618261,0
3.084460229,3.03165308,2.392269907,1.236776412,0.617050678,0.317190239,-0.027356649,-0.089318944,4.874255388,4.041947862,3.631704615,3.300118553,2.381857098,0.655732747,1.781345746,1.467225594,1.38264934,0.587558453,0.537607961,0.460632958,0.317408219,0.202548617,4.599963901,3.498671148,2.834998828,1.972805091,1.34866533,0,1
3.65848291,3.442586771,3.034768909,2.752422302,2.416262254,1.389077688,1.111776232,0.232295189,5.289132946,3.211385486,1.721442648,1.403622105,0.987715061,0.063784531,4.312495961,2.868388282,2.395179852,2.055515227,1.360699165,0.622522531,0.256899646,0,4.64752265,2.978618992,2.687172547,2.543458539,0.462537312,0.035208793,1
2.631774301,2.175834009,2.005538734,1.818303922,1.165854078,1.032496639,0.852948482,0.36919699,5.174361065,4.833845612,4.082653181,2.123721889,0.966226611,0.794848198,4.144478013,3.460133061,3.150639058,1.95454145,1.674405438,1.505114354,0.94934929,0.527257454,5.130552557,4.575216985,3.970578079,1.069661492,0.746041746,0.135673976,1
2.631774301,2.175834009,2.005538734,1.818303922,1.165854078,1.032496639,0.852948482,0.36919699,5.174361065,4.833845612,2.212210301,1.030641719,0.894204223,0.265031992,4.144478013,3.460133061,3.150639058,1.95454145,1.674405438,1.505114354,0.94934929,0.527257454,5.130552557,4.575216985,3.970578079,1.069661492,0.746041746,0.135673976,0
3.469218141,3.264490985,2.877770817,2.386730673,2.023721775,1.317216353,0.415184411,0.220277832,2.205577426,1.954929501,0.890056603,0.64135585,0.043682406,0,2.819413459,2.23718888,1.554915452,1.491957175,0.903088141,0.590014533,0.150827933,-0.113410284,3.015753406,2.898232687,2.656046749,1.132441832,0.687907644,0.468867161,0
3.108926594,2.347347952,1.726711957,1.6740659,1.42257017,0.919634301,0.39891863,0.138901372,4.209646366,4.104880834,2.422866223,2.293287713,1.475960231,0.370704733,2.216925265,2.109942075,1.831289287,1.619811737,1.103302861,1.02082208,0.398713899,-0.086219128,4.941518222,4.375585814,4.173438471,3.776610264,1.572470119,0.694456485,0
3.108926594,2.347347952,1.726711957,1.6740659,1.42257017,0.919634301,0.39891863,0.138901372,4.209646366,4.104880834,2.422866223,2.293287713,1.475960231,0.370704733,2.854321089,2.666923295,2.205889512,1.932458359,1.715791993,1.414817838,0.894424527,0.057012644,6.495233361,5.191969363,3.407214129,3.187117707,1.324488969,0.525578843,1
2.216925265,2.109942075,1.831289287,1.619811737,1.103302861,0.741888473,0.398713899,-0.086219128,4.941518222,4.375585814,4.173438471,3.776610264,1.737589345,1.397751217,2.201981798,1.868345816,1.711656063,1.397650519,1.177334409,0.727424633,0.575287489,0.249012002,4.729427165,4.418192017,2.573666616,1.941106905,0.883142542,0.720518568,1
1.642058462,1.575590731,1.357335184,1.288095281,1.189567858,0.882573604,0.433292788,0.15132446,6.89859768,5.341213786,4.946925162,3.472904284,3.126321757,1.601464399,2.201981798,1.868345816,1.711656063,1.397650519,1.177334409,0.727424633,0.575287489,0.249012002,4.729427165,4.418192017,2.573666616,1.941106905,0.883142542,0.720518568,0
1.487145482,1.337345272,1.242123907,1.136269268,0.797694521,0.714535469,0.602175047,0.033246324,5.219103208,4.936517577,4.057033984,3.593111364,0.998800485,0.652851698,2.843279599,2.794601555,2.206668306,2.143957218,1.567524947,1.125965327,0.47400179,0.189859861,4.388321762,3.759767187,3.58410637,2.556467729,0.784571104,0.665437222,0
3.915040053,3.729615859,3.201874659,2.893547164,1.772484669,1.421791348,0.896793392,0.498068525,3.714914599,3.161527057,2.660844884,2.451655864,0.726109855,0.480170307,3.104954883,2.955117636,2.564845421,2.268656703,1.54525083,1.429730877,0.558425982,-0.120755764,3.914653106,3.466323472,3.306183068,2.991817178,1.245705219,0.55014595,0
2.843279599,2.794601555,2.206668306,2.143957218,1.567524947,1.125965327,0.74195421,0.355501342,4.388321762,4.186990118,3.65532921,2.556467729,0.784571104,0.063261857,3.108926594,2.347347952,1.726711957,1.6740659,1.42257017,0.919634301,0.39891863,0.138901372,4.209646366,4.104880834,2.422866223,2.293287713,1.475960231,0.370704733,0
1.487145482,1.337345272,1.242123907,1.136269268,0.797694521,0.714535469,0.342701843,0.142027387,5.219103208,4.936517577,4.057033984,1.685693606,0.73445816,0.424617085,1.642058462,1.575590731,1.357335184,1.288095281,1.189567858,0.882573604,0.433292788,0.15132446,6.89859768,5.341213786,4.946925162,3.472904284,3.126321757,1.601464399,0
3.693916196,3.475929051,2.613926072,2.419857899,1.496033322,1.262862058,0.442116485,0.331556642,3.158459226,2.836366303,2.464683244,1.739578583,1.106628451,0.835479344,3.794496797,3.153863112,2.783869301,2.503212074,2.113652033,1.409290303,1.235469115,0.079850092,5.145500696,4.113059607,2.699182878,2.524823277,1.049255436,0.416361684,0
1.487145482,1.337345272,1.242123907,1.136269268,0.797694521,0.714535469,0.342701843,0.142027387,5.039361693,4.172949241,1.75593084,1.065387184,0.73445816,0.424617085,3.108926594,2.347347952,2.025652123,1.678747736,1.607103264,1.333659535,0.39891863,0.138901372,4.209646366,4.104880834,2.611045137,2.293287713,1.475960231,0.370704733,0
2.843279599,2.794601555,2.206668306,2.143957218,1.201029682,0.834698487,0.47400179,0.194925631,5.183954656,4.298764175,4.070684837,3.509116041,2.396688496,0.697396537,2.201981798,1.868345816,1.711656063,1.397650519,1.177334409,0.727424633,0.575287489,0.249012002,4.729427165,4.418192017,2.573666616,1.941106905,0.883142542,0.720518568,0
3.693916196,3.475929051,2.613926072,2.419857899,1.496033322,1.262862058,0.442116485,0.331556642,3.158459226,2.836366303,2.464683244,1.739578583,1.106628451,0.835479344,3.104954883,2.955117636,2.564845421,2.268656703,1.54525083,1.429730877,0.801316938,-0.091887512,5.334887259,3.466323472,3.306183068,2.991817178,1.245705219,0.55014595,1
1.489586888,1.463908833,1.310052512,1.207620465,1.090818497,0.714535469,0.602175047,0.257026382,5.039361693,4.172949241,1.75593084,1.065387184,0.73445816,0.388197759,2.201981798,1.868345816,1.711656063,1.397650519,1.177334409,0.727424633,0.575287489,0.249012002,4.729427165,4.418192017,2.573666616,1.941106905,0.883142542,0.720518568,0
3.915040053,3.729615859,3.593998852,3.112933696,2.777805277,1.661704377,1.263814532,0.498068525,3.381825792,3.161527057,2.660844884,2.451655864,0.726109855,0.098238392,3.997671163,3.735207784,3.089498559,2.706539599,2.403083591,1.981548781,1.252702492,0.010034809,5.145500696,4.113059607,3.233440332,2.285654039,1.049255436,0.416361684,0
3.108926594,2.347347952,2.025652123,1.678747736,1.607103264,1.333659535,0.39891863,0.138901372,4.209646366,4.104880834,2.611045137,2.293287713,1.475960231,0.370704733,2.201981798,1.868345816,1.711656063,1.397650519,1.177334409,0.727424633,0.575287489,0.249012002,4.729427165,4.418192017,2.573666616,1.941106905,0.883142542,0.720518568,1
2.843279599,2.794601555,2.206668306,2.143957218,1.201029682,0.834698487,0.47400179,0.134044616,4.388321762,3.759767187,3.58410637,2.556467729,1.412608513,0.697396537,1.642058462,1.575590731,1.357335184,1.288095281,1.189567858,0.882573604,0.433292788,0.15132446,6.89859768,5.341213786,4.946925162,3.472904284,1.801647448,0.59278847,0
3.693916196,3.475929051,2.613926072,2.419857899,1.496033322,1.262862058,0.442116485,0.331556642,3.158459226,2.836366303,2.464683244,1.739578583,1.106628451,0.835479344,3.915040053,3.729615859,3.593998852,3.112933696,2.777805277,1.661704377,1.263814532,0.498068525,3.381825792,3.161527057,2.660844884,2.451655864,0.726109855,0.098238392,0
3.794496797,3.153863112,2.783869301,2.503212074,2.113652033,1.409290303,1.235469115,0.010034809,5.145500696,4.113059607,3.233440332,2.285654039,1.049255436,0.416361684,3.104954883,2.955117636,2.564845421,2.268656703,1.54525083,1.429730877,0.801316938,-0.091887512,5.334887259,3.466323472,3.306183068,2.991817178,1.245705219,0.55014595,0
3.108926594,2.347347952,2.025652123,1.678747736,1.607103264,1.333659535,0.39891863,0.138901372,4.209646366,4.104880834,2.611045137,2.293287713,1.475960231,0.370704733,1.642058462,1.575590731,1.357335184,1.288095281,1.189567858,0.882573604,0.433292788,0.108376498,5.452489073,5.088265881,3.61760863,2.090516822,1.801647448,0.59278847,1
3.11753735,1.862626382,1.587896967,1.404835414,1.23041635,1.008768328,0.851650624,0.583788265,2.848865236,1.90205326,0.745938936,0.576489301,0.352157384,0.102131767,3.217010458,1.989687866,1.887359158,1.747938309,1.473753491,1.293510293,0.131114976,0,4.594275616,2.182956297,1.747313948,1.116616021,0.976371394,0.203909748,1
1.489586888,1.463908833,1.310052512,1.207620465,1.090818497,0.747838614,0.635142639,0.257026382,5.219103208,4.936517577,4.057033984,1.685693606,0.73445816,0.424617085,2.160803131,2.009366841,1.401957529,1.021009328,0.768783418,0.609483569,0.221107837,0.119335516,4.314750501,2.737064571,2.613436261,2.131124621,1.261969704,0.663065454,1
6.018409987,5.623276883,4.651175203,4.074638531,3.617791883,2.983180079,1.885917295,0.120212637,2.573575011,1.388596149,1.315433634,1.143193339,0.524795881,0.208247572,5.986021387,4.749751005,4.649749051,3.442882265,2.53240221,1.759983391,1.550196151,0.749583793,1.738763583,1.460687856,1.055142591,0.597025134,0.310866828,0.212443342,0
2.526934468,2.451396515,2.245808925,1.833812339,1.54474265,0.954430489,0.75481623,0.326720647,3.979434525,3.386496962,2.270775623,1.712660923,0.779206811,0.635721811,3.460501946,3.256289153,2.448755136,2.266949905,1.401500723,1.299607375,1.051611804,0.310605965,3.224825443,2.823479383,1.411602845,1.314678641,1.046832726,0.698449434,0
4.171768842,3.897875243,3.224045526,2.824408789,2.50773734,1.470664579,1.289273517,0.083327546,3.192857016,2.56242033,2.427411231,2.109570773,0.968422414,0.384285822,4.155631014,4.084485008,3.225183782,3.133527603,1.755380018,1.219964058,0.69278327,0.277492065,3.208595354,2.695453434,1.947087948,1.101709336,0.573652375,0.486545631,0
2.889149568,2.451396515,2.245808925,1.833812339,1.54474265,0.954430489,0.75481623,0.326720647,4.172827922,3.106005474,2.270775623,1.712660923,0.779206811,0.635721811,3.460501946,3.256289153,2.448755136,2.266949905,1.401500723,1.183063279,0.763454401,0.310634746,3.224825443,2.075851716,1.369456917,1.116621575,0.785755613,0.689208935,1
2.889149568,2.451396515,2.245808925,1.833812339,1.54474265,0.954430489,0.75481623,0.326720647,4.172827922,3.898221575,3.019727544,2.179944598,1.605619615,0.692628276,3.460501946,3.256289153,2.448755136,2.266949905,1.401500723,1.299607375,0.763454401,0.310634746,3.517744775,3.159012679,2.018189168,1.355138731,1.046832726,0.698449434,1
3.041580195,2.800102497,2.303751493,1.965310558,1.260111305,1.165710174,0.921907849,0.39904591,2.828900383,2.642735505,1.539435162,1.161070437,0.528250502,0.430977195,3.036576849,1.814255136,1.546660273,1.368352714,1.198463204,0.982571243,0.829533788,0.568627648,2.440294352,2.390293687,1.584012215,0.613401479,0.462948667,0.087484508,1
3.528712762,2.994055505,2.742957548,2.239758396,1.886698135,1.165710174,0.921907849,0.39904591,2.828900383,2.642735505,2.047174857,1.477857756,1.088503535,0.469556002,3.036576849,1.814255136,1.546660273,1.368352714,1.198463204,0.982571243,0.829533788,0.568627648,2.440294352,2.390293687,1.584012215,0.613401479,0.462948667,0.087484508,0
2.086267928,2.050304064,1.834817803,1.691354742,1.527765627,1.047398932,0.479977281,-0.02074889,3.817059848,3.305795501,2.018970608,1.335400461,0.581835134,0.33638014,3.002024265,2.618279701,2.333475466,1.609636282,1.525046269,0.901481555,0.248139372,-0.091887512,5.334887259,3.466323472,3.306183068,2.991817178,1.245705219,0.55014595,0
2.082848573,1.873043173,1.739679163,1.163776591,0.575972737,0.069845613,-0.027665186,-0.057397011,3.817059848,3.305795501,2.018970608,1.335400461,0.791246181,0.33638014,3.002024265,2.618279701,2.333475466,1.609636282,1.525046269,1.039065355,0.801316938,-0.091887512,5.334887259,3.466323472,3.306183068,2.991817178,1.37651208,1.107293528,0
3.952708797,3.134302531,2.338369749,1.741879095,1.391987929,1.162157865,0.352458018,0.233041156,3.640751699,3.473717793,2.973537963,0.694310335,0.621086672,0.052484919,3.672132106,3.455430494,3.046091131,2.526330134,1.487210782,1.379086052,0.810144152,0.329631898,3.307767606,2.970448533,2.581195074,1.821812876,1.194608767,0.874974572,1
3.049152704,2.417827248,1.803838028,1.343700136,1.231942328,1.006679211,0.796887395,0.113334405,4.777506602,4.028931106,3.815168289,3.224767019,0.735323642,0.059290916,2.832713492,2.665548051,2.349780235,1.948832245,1.781462601,1.075543936,0.624951991,0.254280809,3.736703275,3.355642259,2.143809332,1.186124566,0.834664184,0.732108055,1
4.175497818,3.310963202,2.470168759,1.840057725,1.687017019,1.378542584,1.081326014,0.279242874,3.521251008,2.892303377,2.475841276,0.578099963,0.517132129,0.370376107,3.879106805,3.650191103,3.217779887,2.668723274,2.439527936,1.47284567,0.855806818,0.348211148,2.754129146,2.47326894,1.580090076,0.874230571,0.607048508,0.039727493,1
4.060194451,3.867895451,3.727250295,3.000828594,1.985069366,1.723313887,1.31067184,0.697532241,3.147402254,3.001920236,2.594896639,0.755321003,0.526803108,0.342750707,2.797386945,2.5379684,1.83222129,1.189734229,1.12701992,0.819525445,0.507844333,0.361688871,3.567463309,3.413327618,2.515422579,2.326577786,1.789485512,0.60647328,1
4.547416284,4.332041476,4.174518953,3.360926916,2.223276956,1.930110917,1.467951976,0.781235853,3.179932105,2.89444471,2.501993477,0.728278804,0.507942367,0.330479457,3.133072344,2.84252367,2.052087167,1.332501896,1.262261893,0.639883649,0.456145911,0.111511778,3.522962653,3.369541286,3.199702701,2.328350177,1.725417888,0.584760166,1
2.078682879,1.753512219,1.674357456,1.397357709,1.290472717,0.528802608,0.409451518,0.149082969,5.12674705,3.498671148,3.266165971,1.813799493,1.694013618,0.199776996,2.325249518,2.028016123,1.807418003,1.246760738,1.181240652,0.804819017,0.620668475,0.324401045,4.199892115,4.036226763,3.698946265,1.742701298,1.478527776,0.65296834,0
2.078682879,1.753512219,1.674357456,1.397357709,1.290472717,0.528802608,0.409451518,0.149082969,5.12674705,3.498671148,3.266165971,1.813799493,1.694013618,0.199776996,2.325249518,2.028016123,1.807418003,1.246760738,1.181240652,0.698252035,0.432534727,-0.07117244,6.331978769,4.114180031,3.924109353,3.550988415,1.478527776,0.65296834,1
2.310560488,1.530353784,1.356726813,1.091771748,0.911748046,0.651724645,0.577145883,0.177324009,4.664076461,4.415739677,2.780053821,2.226442399,1.318413211,0.661596156,2.048947237,1.728428156,1.650405706,1.377368451,1.272012453,0.521238065,0.403594298,0.161812204,7.207147914,3.887394847,3.629056927,2.184018354,1.88222886,0.221973438,0
2.421691724,1.603959348,1.421981425,1.144282792,0.728608751,0.680518035,0.247803704,0.133743711,4.453604994,4.049590369,2.549534167,2.041827724,1.209091529,0.635282148,2.123661776,1.547569136,1.450295072,1.208398384,0.91869291,0.687171475,0.530234256,0.060626914,5.068054619,3.829027707,3.722356333,2.43573982,0.921122164,0.659145744,0
4.410670252,4.121091803,3.408674409,2.986151989,2.651345965,2.186262428,0.445961409,0.088099399,3.47890213,2.755634876,2.663068144,2.511448944,1.961212384,0.344979368,2.537408436,2.434698463,2.047312839,1.914783836,1.824392393,0.753244114,0.583236432,0.212358765,3.578904019,2.442369033,2.28006071,1.372173141,1.182565101,0.139461277,0
3.523312629,3.353286498,2.910429492,2.574332676,1.753455999,1.622371031,0.909285382,0.651001045,4.62205091,3.003160663,2.700059267,1.151207171,0.957509843,0.476636612,4.22929606,3.835723265,3.3772321,2.274615127,1.794828189,1.114190208,0.753570208,0.184613563,2.796154886,2.371174375,2.212573744,1.252256352,0.378510447,0.104601397,1
4.767160022,4.454176569,3.684178468,3.227505927,2.865639408,1.052888144,0.126959973,0.011966352,4.037321762,3.227235995,2.537059033,1.981055793,1.681308828,0.326690479,2.742492946,2.631481502,2.212785667,2.069545087,1.97184781,0.814124616,0.630376166,0.311836236,2.361073375,2.220875554,1.353570988,1.194530212,0.891570542,0.132067816,1
1.781345746,1.709239903,1.472470873,1.397357709,1.290472717,1.200735555,0.665133516,0.352535072,5.12674705,3.498671148,3.266165971,1.981316787,1.849504773,1.505789882,3.096438311,2.893144536,2.393003654,1.938889281,1.637151448,0.683887928,0.082464973,-0.006369865,6.107195819,4.88179128,4.302487244,2.996713259,2.54329054,0.374018586,0
1.781345746,1.709239903,1.472470873,1.397357709,1.290472717,0.748275205,0.470046763,0.149082969,5.12674705,3.498671148,3.328990728,3.135519332,1.857484488,1.644004242,3.096438311,2.893144536,2.393003654,2.096378757,1.86133371,1.534829482,0.082464973,-0.006369865,6.107195819,4.88179128,4.302487244,2.996713259,2.54329054,0.494179767,0
1.212020552,0.872478382,0.816611965,0.752718809,0.682134835,0.385539574,0.189369849,0.033246324,5.219103208,4.936517577,1.75593084,1.065387184,0.73445816,0.603144296,2.661141453,2.413499087,2.125009035,1.43122461,1.265546906,1.05875148,0.902358479,0.355618918,4.268923279,3.990837282,3.358819574,3.094757516,1.710496377,0.814736038,0
5.172885561,3.905708919,3.370445169,2.793237364,2.67402945,2.219051477,0.663753343,0.231115428,2.678153913,2.611502657,2.255627383,1.458977056,0.938997798,0.750054862,4.723693645,3.748127042,3.669213427,2.081636577,1.467950326,0.88726818,0.432444212,0.234106989,3.2980035,2.345337052,1.76131924,1.626410738,1.457726843,0.443679849,1
3.655655607,3.439926313,3.032423616,2.514994737,2.299001916,1.388004198,0.806509114,0.018820793,4.363099441,3.573257353,3.184723442,1.157872733,0.804004045,0.05261699,3.940960178,3.873489419,3.058577821,2.9716564,1.664700914,1.299133326,0.74984871,0.270178898,4.742834173,4.390659019,4.266909007,3.147957566,2.192746051,0.638052674,1
3.922704867,3.691216335,3.253945163,2.698717592,2.466946282,1.489399279,0.865425404,0.020195671,3.729384449,3.054262362,2.722160757,0.989698407,0.687227102,0.044974676,4.228851219,4.156451655,3.282009958,3.188738841,1.786308964,1.394036301,0.804625901,0.289915734,4.053964905,3.904981885,3.648692793,3.501278515,1.874262352,0.545379208,0
2.357149394,2.162068037,1.428120143,1.344481195,1.079840178,0.94777342,0.096069811,-0.010939349,5.459694835,2.135781024,1.382241555,0.637710752,0.272610032,0.142299833,1.979489594,1.899363225,1.597154956,1.482551755,0.946299905,0.587622735,0.454995905,0.225078641,5.724676438,3.087778682,2.88257948,1.594735499,1.190274787,0,0
2.357149394,2.162068037,1.428120143,1.344481195,1.079840178,0.94777342,-0.014585799,-0.156735228,2.648202597,2.135781024,1.382241555,0.637710752,0.272610032,0.142299833,1.979489594,1.899363225,1.597154956,1.482551755,0.946299905,0.587622735,0.454995905,0.225078641,4.524649382,3.087778682,2.88257948,1.741114053,1.49506453,1.058022033,0
1.558881436,1.483653771,1.171550545,0.808138028,0.765668554,0.45260009,0.280364749,-0.046133275,7.102786256,4.527566662,4.149228173,1.76908014,1.074636874,0.732455796,2.00708081,1.875307788,1.397676403,1.256768932,1.061185441,0.443289418,0.202935276,0.040089737,6.85063992,4.427951009,4.203724589,3.3615106,2.852891608,0.554337497,1
1.558881436,1.483653771,1.287712725,0.808138028,0.765668554,0.45260009,0.280364749,-0.046133275,7.102786256,4.615009375,4.401800921,3.983259046,1.658512631,0.732455796,2.00708081,1.875307788,1.397676403,1.256768932,1.061185441,0.443289418,0.202935276,0.040089737,6.85063992,4.427951009,4.203724589,3.3615106,2.852891608,0.554337497,0
2.49875366,2.179341473,1.942282888,1.339790819,1.269381793,0.750353807,0.500775811,0.348607017,5.99996185,3.898453253,3.718348919,1.694748388,1.401001263,0.618729985,3.327486578,3.109023545,2.317171013,2.083564215,1.75931148,0.734917887,0.336441067,0.066463723,5.786965379,3.740438775,3.551027196,2.839580783,2.409933256,0.468267482,0
1.439122239,1.239031118,1.196152028,1.087592004,0.825113929,0.49030495,0.422590219,0.281987691,7.39915126,6.912226341,5.093906051,3.865421752,2.847043449,1.136604496,1.07318001,1.029739511,0.865897339,0.809845079,0.296011161,0.273535429,0.131865695,0.089815726,10.79280131,8.356286572,5.659719986,5.217179278,2.818663132,0,0
1.439122239,1.239031118,1.196152028,1.087592004,0.825113929,0.475413996,0.375983589,0.171380328,7.39915126,6.912226341,5.093906051,3.865421752,2.847043449,1.136604496,1.07318001,1.029739511,0.865897339,0.809845079,0.77161462,0.277510463,0.131865695,0.002982328,10.79280131,8.356286572,5.659719986,3.282543256,3.066184664,2.50547834,0
3.469218141,3.264490985,2.454922978,2.272659822,1.405030776,1.302880782,0.765377364,0.220277832,2.467681221,1.954929501,1.080178104,0.854454339,0.601271109,0.52739225,3.676891206,3.445699081,1.936382118,1.734026878,1.48549627,1.335304884,0.849169052,0.132511364,2.750575954,2.465109119,2.267730568,1.448813672,1.002460624,0.550074744,0
2.450422475,2.247621692,1.484631269,1.397682704,1.278161783,1.052409155,0.099871321,-0.011372222,5.084479167,1.9890002,1.775462963,1.235757576,1.08054902,0.494903581,1.702556126,1.589052441,1.464651105,1.04131912,0.955148684,0.848972737,0.055552146,0,4.033333333,3.224863468,2.252741228,0.823333333,0.567590726,0.328144928,0
2.450422475,2.247621692,1.484631269,1.397682704,1.278161783,1.052409155,0.099871321,-0.011372222,5.084479167,2.415875046,1.933750195,1.235757576,1.110795455,0.960488017,1.702556126,1.589052441,1.464651105,1.04131912,0.955148684,0.266981901,0.055552146,0,4.033333333,3.224863468,2.252741228,0.823333333,0.567590726,0.328144928,1
3.406513268,1.988792311,1.878702856,1.802634479,1.091142459,0.768037644,0.633667602,0.211180021,3.06572651,2.946258391,2.131911342,1.305543856,1.079256723,0.476636612,2.521588428,2.061031159,1.857444494,1.320582397,1.211302582,1.076652134,0.070450244,-0.023544569,3.582104457,1.79917717,0.7616906,0.665106998,0.547941451,0.448081382,1
1.830323908,1.660586945,1.285533671,1.165517712,0.760503672,0.691318657,0.546732893,0.236652204,4.548610249,4.249274339,2.475269401,1.866893908,0.849377964,0.698724851,1.858286939,1.704492216,1.125875609,0.886775969,0.826822133,0.759491525,-0.169948483,-0.13177582,3.06924293,2.475350947,2.309728679,2.121215558,1.382407392,0.732033738,1
6.018409987,3.956959872,3.409348661,2.324966011,1.759139798,1.4941508,1.181549042,0.17601648,2.114651658,1.821960222,1.647842715,1.516326649,1.071743755,0.157611597,3.462322821,3.322173889,2.861976412,2.715982282,2.508234658,2.333816511,1.654159392,-0.055837777,2.160413468,2.016099068,1.433387633,0.831340935,0.776545693,0.634540521,0
1.830323908,1.660586945,1.285533671,1.165517712,0.737406567,0.66182177,0.546732893,0.249211043,4.548610249,4.249274339,3.131466361,2.376258625,1.750213039,0.755002635,1.858286939,1.704492216,1.125875609,0.886775969,0.826822133,0.759491525,-0.169948483,-0.167512121,3.805512191,2.475350947,2.309728679,2.121215558,1.382407392,0.732033738,1
4.060194451,3.867895451,3.727250295,2.078847638,1.838201479,1.054903502,0.406474342,0.044976114,3.622841552,3.083169555,2.742396849,2.491100774,1.794755167,1.019631889,3.830872184,3.604802927,3.177768513,2.635539126,2.48274014,2.258619103,0.845165318,0.019722879,3.684272574,3.017316988,2.689232595,0.733884423,0.678914174,0.044430647,0
4.158075766,2.310778597,1.884733897,1.34266934,0.950835734,0.781026162,0.380663085,0.245149044,3.993084353,3.84633869,2.760756992,1.882618175,0.955796242,0,3.225126861,2.776715163,1.981190606,1.796228908,1.136448618,1.019961673,0.84259331,0.384069736,3.474135234,2.579641255,1.982437844,1.495191244,0.680264952,0.559607203,0
5.948941196,5.667187341,5.461115988,3.045899033,2.693307584,1.545630136,0.595560628,0.065898386,1.761966216,1.499497153,1.333762609,1.211544955,0.872877802,0.495897189,5.612941358,5.281707783,3.971885927,3.789246652,3.529917565,1.393115205,0.5293329,0.028897692,1.791843147,1.467469808,1.307906215,0.356924127,0.330189389,0.255854328,1
4.547416284,4.332041476,4.174518953,2.328308586,2.058784978,1.181491532,0.218512252,0.056603605,3.49313564,2.972785119,2.501993477,1.598480176,1.10601761,0.113525814,4.290575431,4.037377946,3.036140071,2.896529208,2.698296064,1.064907949,0.404626129,0.022089617,3.552367293,2.909290223,2.592951993,0.707609702,0.654607513,0.507236667,0
3.053791786,3.001509693,2.368483835,1.613822676,1.289952131,1.006679211,0.581046681,0.209357635,4.858558255,4.028931106,2.594743193,1.240489156,0.735323642,0,2.381063111,2.266159044,1.789447048,1.234364336,1.169495709,0.691309393,0.461370381,-0.033791331,6.31158716,4.100930658,3.687034118,2.446757329,1.671346903,1.31001449,0
3.95872258,3.890947723,3.070337173,2.092047106,1.672203931,1.304988683,0.753228373,0.233041156,3.640751699,2.362518483,1.14384747,0.694310335,0,0,3.086644068,2.937690454,2.319714287,1.600143792,1.516052631,0.896165258,0.598088368,0.416349587,5.587080914,3.630185376,3.263799965,1.578126097,1.304592865,0.576152745,0
6.376272467,4.814307982,4.01304079,3.443038182,3.296098504,2.735277375,1.676559758,0.284880638,3.972133244,2.42951734,2.351231163,0.927539922,0.781420619,0.218402378,3.367790085,3.231467677,2.783835096,2.641827083,2.439751649,2.270095688,1.60899543,0.281854404,3.212358714,2.997774965,2.131330563,1.964679114,1.158877689,0.943510028,1
2.912975451,2.721726759,1.87612538,1.125308666,0.851442666,0.723185128,0.5718825,0.069939755,5.267692768,5.041449857,4.474974881,4.270285366,3.933513138,0.436118722,2.852764797,2.717652102,2.618832315,1.151126667,0.790606883,0.735147829,0.635975939,0.382081832,4.466604472,3.787736552,2.950547907,2.352699119,1.627875463,0.893255214,1
4.663937223,3.521435183,2.935346696,2.51841715,2.41093783,2.000724096,1.226322982,0.448836131,4.198440984,2.567936307,1.487581564,0.980385446,0.825941163,0.230845603,2.46337678,2.363663482,2.036241738,1.932369693,1.784561213,1.660466022,1.176902919,0.206162966,3.395379171,3.168569759,2.252760679,2.076614455,1.224903417,0.99726543,0
4.2145175,3.937817277,2.714394054,1.711312418,1.562981845,1.046310355,0.827404435,0.101189429,3.697562888,3.538755716,3.141128721,2.99745057,2.761059317,0.30612575,4.127404218,3.931922028,3.788948725,1.66545979,1.14385672,1.063618092,0.920135364,0.552799223,3.135253261,2.658734046,2.071084423,1.651435141,1.142658117,0.627004549,0
7.008388097,5.291577318,4.410876017,3.784365856,3.622859224,3.006440753,1.842766525,0.313122453,2.9536056,1.798284827,1.056147928,0.689701714,0.182700014,0.013907304,5.945528603,5.594668231,4.931909153,4.090367024,3.739078053,1.475662361,0.711606888,0.420523354,1.601187546,1.030700103,0.433491888,0.410646511,0.335599721,0.025194583,0
4.171768842,3.897875243,2.686861436,1.693954248,1.547128221,1.035697429,0.819011913,0.122008981,3.902233492,3.796195831,3.345715374,3.137979358,2.623242615,0.290845658,4.085539167,3.828652458,1.695668619,1.179431627,1.12301825,1.024652537,0.729589433,0.147238614,2.978758881,2.52602485,1.967707424,1.569004697,1.085622988,0.595707974,1
3.937407988,2.529717167,2.186854287,2.120178862,1.801663366,1.164702778,0.505224344,0.175916463,7.221604567,4.396830072,2.582295585,2.456391985,1.580934158,0.397070167,3.340279032,3.143160892,2.363681791,2.18819274,0.88431705,0.449764259,0.315007671,0,3.914924625,2.520075317,1.059893371,1.004036124,0.820545735,0,1
1.487145482,1.337345272,1.168734104,0.830931793,0.762171167,0.677446928,0.189369849,0.033246324,5.219103208,2.998316904,2.548573214,1.065387184,0.73445816,0.424617085,2.201981798,1.868345816,1.711656063,1.397650519,1.262495849,1.103751008,0.619010837,0.431465616,4.510237684,3.187927053,2.021986359,0.942018711,0.817313228,0.720518568,0
2.584428603,2.179341473,1.942282888,1.339790819,1.269381793,0.563372787,0.464809356,-0.036677433,5.99996185,3.898453253,3.504992244,2.325952293,1.588826614,1.245334456,2.567007934,2.210099063,2.13361427,1.533106102,1.372503065,0.848011008,0.670653839,0.29029113,4.213710232,3.936413493,3.049312622,2.201302097,1.621350299,0.69941414,0
3.314614722,2.626064484,1.957902995,1.873012381,1.400126342,1.209320264,0.971252634,0.156265412,3.909800418,3.788655549,2.466631574,2.277699571,1.661187804,1.118730354,2.567007934,2.210099063,2.13361427,1.533106102,1.372503065,0.848011008,0.670653839,0.29029113,4.213710232,3.936413493,3.049312622,2.201302097,1.621350299,0.69941414,0
2.584428603,2.179341473,1.942282888,1.339790819,1.269381793,0.563372787,0.464809356,-0.076483145,5.99996185,4.312823485,3.790162885,3.364792554,1.588826614,1.245334456,2.21272829,1.836778991,1.582342864,1.501624949,1.386764474,1.290331355,0.914559358,0.160207156,4.857926382,4.533419642,4.151204833,3.094203971,2.785414283,1.426833882,1
3.624298456,2.736471673,2.461509183,2.21766634,1.878755042,1.756420695,1.381993301,0.341137492,3.733460164,3.557847368,2.966054574,1.402682906,0.371566695,0.028284021,3.327486578,2.625137673,2.376427949,2.252805151,1.75931148,1.173031592,1.02835044,0.28756496,4.722185996,3.740438775,3.551694377,3.048305815,1.264576284,1.048943144,1
3.314614722,2.626064484,2.570774938,1.903516801,1.798091885,1.312618446,0.971252634,0.156265412,3.909800418,3.788655549,2.466631574,2.277699571,1.258571649,0.621349441,2.21272829,1.836778991,1.582342864,1.501624949,1.386764474,1.290331355,0.914559358,0.536073052,4.857926382,4.533419642,4.151204833,3.094203971,1.760087403,1.426833882,0
3.523312629,2.97106344,2.647885038,1.826516665,1.7305291,0.768037644,0.633667602,-0.050001792,4.62205091,3.003160663,2.700059267,1.791789712,1.223947365,0.959339309,4.191629855,3.944271393,2.966123209,2.829731932,1.697606985,1.040349954,0.395294988,0.021580205,3.853499729,3.20631276,2.606126273,2.293551902,0.814324906,0.536131502,1
3.624298456,2.736471673,2.461509183,2.21766634,1.878755042,1.756420695,1.381993301,0.341137492,3.733460164,3.557847368,2.966054574,1.402682906,0.371566695,0.028284021,2.21272829,1.836778991,1.582342864,1.501624949,1.386764474,1.290331355,0.914559358,0.170704677,4.857926382,4.533419642,4.151204833,3.37156293,2.900816223,1.426833882,1
3.314614722,2.626064484,2.570774938,1.903516801,1.798091885,1.312618446,0.971252634,0.156265412,3.909800418,3.788655549,2.466631574,2.277699571,1.258571649,0.621349441,2.666806525,2.425936864,2.317171013,1.832616125,1.297086638,1.156894245,0.383419947,0.079892056,4.722185996,3.740438775,3.551694377,3.048305815,2.662106984,1.124067808,1
3.523312629,2.97106344,2.647885038,1.826516665,1.7305291,0.768037644,0.633667602,-0.104268321,4.62205091,3.32236941,2.919739533,2.592056896,1.223947365,0.959339309,3.499563292,3.012994799,2.908724231,2.090060481,1.871112778,1.156080648,0.914292288,0.39574953,3.095578277,2.416143051,1.766422753,1.332268671,1.244988619,0.538791387,1
4.191629855,3.944271393,2.966123209,2.829731932,2.045741965,1.040349954,0.501686709,0.021580205,3.853499729,3.20631276,2.606126273,1.507139773,0.60314794,0,4.442547664,4.232139646,3.633291255,2.095111502,1.231194652,1.114190208,0.793343473,0.134432292,3.46118388,2.870158417,2.30530842,2.124070794,1.662374651,0.905841853,1
3.314614722,2.626064484,2.570774938,1.903516801,1.798091885,1.312618446,0.971252634,0.221333242,3.909800418,3.788655549,2.37260372,1.342476425,0.699018121,0.592875106,3.624298456,2.736471673,2.281028236,1.957036502,1.873515408,1.554742464,0.454849989,0.214803079,3.983059637,3.6572671,3.459018274,2.847412391,1.933149582,1.168902422,1
2.21272829,1.836778991,1.582342864,1.501624949,1.386764474,1.290331355,0.914559358,0.170704677,4.857926382,4.533419642,4.151204833,3.37156293,2.900816223,1.426833882,2.666806525,2.425936864,2.317171013,1.832616125,1.297086638,1.173031592,1.02835044,0.28756496,4.722185996,3.740438775,3.551694377,3.048305815,1.264576284,1.048943144,1
4.191629855,3.944271393,2.966123209,2.829731932,2.045741965,1.040349954,0.395294988,0.021580205,3.853499729,3.20631276,2.606126273,2.293551902,0.60314794,0.467362114,3.499563292,3.012994799,2.908724231,2.090060481,1.871112778,1.156080648,0.914292288,0.39574953,3.246017842,3.03240321,2.349027966,1.695765843,1.249001879,0.538791387,0
2.521588428,2.125414673,1.974081362,1.805848814,1.267759101,1.135596171,0.544648821,0.225721134,3.582104457,2.8640821,2.000715966,1.267058436,1.084656634,0.487059067,3.016579185,2.504053162,2.157184219,2.047142699,1.890555142,1.759089322,1.246805012,0.232719118,3.742287637,3.492304936,2.705492118,2.38360987,2.145734747,1.099156796,0
3.074654233,2.89321127,2.175717703,2.075671652,1.500597479,0.763119956,0.36799842,0.015829563,5.002292664,4.1621684,3.383056248,2.977298212,1.834165716,0.695961299,3.624298456,2.736471673,2.281028236,1.957036502,1.873515408,1.554742464,0.454849989,0.214803079,6.006904146,3.901772705,3.459018274,2.062026221,1.315015224,0.330281506,0
4.442547664,3.708984822,2.15497183,1.590821456,1.231194652,1.114190208,0.179243056,0.0696505,3.46118388,2.870158417,2.592827743,2.213096083,1.991316369,0.905841853,3.016579185,2.504053162,2.157184219,2.047142699,1.890555142,1.759089322,1.246805012,0.232719118,3.742287637,3.492304936,2.705492118,2.38360987,2.145734747,1.099156796,0
3.314614722,2.626064484,2.570774938,1.903516801,1.798091885,1.312618446,0.971252634,0.221333242,3.909800418,3.788655549,2.37260372,1.342476425,0.699018121,0.592875106,2.567007934,2.210099063,2.13361427,1.629341338,1.471781858,0.848011008,0.670653839,0.29029113,4.018422108,3.13643584,2.293023018,1.729440319,1.616140618,0.647279914,1
1.558881436,1.314540073,1.171550545,0.83803477,0.775812507,0.71781427,0.302059076,0.210273562,5.211908505,4.615009375,4.149228173,2.006252016,1.658512631,0.732455796,2.00708081,1.583436424,1.433419135,1.358852059,1.061185441,0.733480898,0.628934955,0.465212042,5.59014851,4.427951009,3.758958736,1.596812829,1.396962434,0.554337497,0
2.519003011,1.668411544,1.224271254,1.035416193,0.896225906,0.710518661,0.257761246,0.13911796,3.844251681,2.438603362,1.977851763,1.199316414,0.664607211,0.564217408,3.074654233,2.89321127,2.175717703,2.075671652,1.500597479,0.763119956,0.289957713,0.015829563,5.002292664,4.1621684,3.383056248,2.977298212,0.782956462,0.606690602,0
2.521588428,2.125414673,1.974081362,1.805848814,1.267759101,1.135596171,0.544648821,0.225721134,6.032312013,3.509000285,2.784524264,1.920687327,1.084656634,0.487059067,4.442547664,4.232139646,3.633291255,2.095111502,1.527188597,1.154244986,0.990391296,0.134432292,3.46118388,2.870158417,2.30530842,2.124070794,1.019072084,0.708323281,0
1.608570335,1.463282033,1.397676403,1.105401501,0.782379625,0.707551824,0.620282722,0.173454077,5.59014851,4.427951009,4.204514402,3.608600387,1.497012027,1.241744386,1.374942489,0.850387782,0.674870012,0.624384597,0.589699382,-0.009571504,-0.165255808,-0.192181313,4.685448613,4.088127883,3.300484489,2.533609944,0.75987345,0.307989255,1
2.519003011,1.668411544,1.479121168,1.190263719,0.993999545,0.840211787,0.631572143,0.193320935,3.844251681,2.438603362,1.977851763,1.199316414,0.664607211,0.564217408,3.624298456,2.736471673,2.461509183,2.21766634,1.878755042,1.756420695,1.381993301,0.341137492,3.733460164,3.557847368,2.966054574,1.402682906,0.371566695,0.028284021,0
3.314614722,2.626064484,2.570774938,1.903516801,1.798091885,1.312618446,0.971252634,0.221333242,3.909800418,3.788655549,2.37260372,1.342476425,0.699018121,0.592875106,2.208997271,1.540001143,1.2928687,1.215061808,0.99781495,0.89588336,0.726531354,0.476522809,4.712888467,3.5606918,0.951744988,0.735543858,0.146598892,0,1
1.558881436,1.314540073,1.171550545,0.83803477,0.775812507,0.71781427,0.302059076,0.210273562,7.102786256,4.615009375,4.149228173,2.006252016,1.658512631,0.732455796,1.374942489,1.261150106,0.833032929,0.656123622,0.599409213,0.552843171,-0.008508003,-0.094308386,4.685448613,4.088127883,2.639177025,2.431635067,0.75987345,0.307989255,1
3.65848291,2.64278684,2.540375162,2.396645809,1.785537435,0.908024482,0.437875555,0.018835349,6.227003218,4.331653093,3.860655919,2.435439179,0.974647574,0,3.959324157,3.123610197,2.827674391,2.180601221,1.543383073,1.395771917,0.964402657,0.342169042,4.753214205,4.547576749,3.952731319,3.534794915,1.574182304,1.305755734,1
6.39858635,4.831155741,4.0270845,3.455087157,3.307633261,2.744849528,0.803023528,0.285877584,2.144691805,2.04381077,1.70385451,0.805773305,0.213447046,0.016247798,5.753147858,5.480667171,4.705151949,2.71319233,1.977725952,1.494759893,1.28256757,0.20733751,2.581022599,1.988727394,1.649927606,1.098290564,0.759927288,0.528200309,0
3.084460229,2.443720353,2.392269907,1.771343688,1.673239086,1.221475113,0.903812471,0.205964686,4.126155109,3.998306506,2.503895318,1.416764379,0.737699341,0.625682742,2.059084684,1.709239903,1.472470873,1.344242414,1.280784592,0.957437735,0.665133516,0.158851581,5.12674705,4.784283241,4.380918001,3.55813344,1.857484488,1.505789882,1
3.655655607,3.439926313,2.586851729,2.467900497,1.784157558,1.388004198,0.34474951,0.018820793,5.136765238,4.274056595,3.474000204,3.057334504,1.085505687,0.622999774,3.956264361,2.8843535,2.755034733,2.178916036,1.542190335,1.394693254,0.963657359,0.341904611,4.84912869,3.751376601,3.26067807,2.639698705,1.298570862,1.077141031,0
3.084460229,2.443720353,2.392269907,1.771343688,1.673239086,1.221475113,1.000310731,0.677859353,5.117689553,3.998306506,2.603126344,2.403739505,1.753112131,0.655732747,2.059084684,1.709239903,1.472470873,1.344242414,1.280784592,0.957437735,0.665133516,0.149082969,5.12674705,4.784283241,4.380918001,3.135519332,1.857484488,1.505789882,0
3.523312629,2.703049309,1.878702856,1.802634479,1.440000529,1.022946055,0.682700128,0.475250701,3.39158544,3.003160663,2.131911342,1.305543856,1.079256723,0.476636612,4.940951553,3.730590658,3.109691473,2.667998417,2.260860808,1.461555424,0.620090147,0.220753025,4.627398886,2.817363702,2.66464337,2.299915002,0.286235183,0.021788503,0
2.458877345,1.714204888,1.439117013,1.156965636,1.063706664,0.795640054,0.67171751,0.460447968,4.73860704,3.57982511,2.372297066,0.918661179,0.693335413,0.131021238,2.058871526,1.735396507,1.611833185,1.474471671,1.035122578,0.92721183,0.444704591,0.18430082,7.87337785,4.579949621,3.634363013,1.510074236,0.715173564,0.584836132,0
2.458877345,1.714204888,1.439117013,1.108027775,0.970459227,0.795640054,0.67171751,0.460447968,4.73860704,3.580122752,2.372297066,0.918661179,0.693335413,0.131021238,2.058871526,1.735396507,1.611833185,1.474471671,1.035122578,0.92721183,0.444704591,0.18430082,7.87337785,4.579949621,3.634363013,1.653765555,1.415694596,0.635709835,0
2.458877345,1.714204888,1.439117013,1.156965636,1.063706664,0.909805525,0.707235604,0.070196746,4.73860704,3.580122752,2.372297066,0.739557774,0.147398893,0,2.058871526,1.735396507,1.611833185,1.474471671,1.035122578,0.92721183,0.444704591,0.18430082,7.87337785,4.579949621,3.634363013,1.653765555,1.415694596,0.635709835,0
3.457039914,2.982359795,1.54629049,0.995455402,0.765504026,0.464800599,0.144127654,0.044464811,3.92186308,3.1739144,2.961620934,2.373500613,0.506651798,0.140013271,2.813965913,2.422720766,2.338877784,2.126606583,1.714647816,0.92959357,0.735173826,0.318218473,4.344928353,4.058996385,2.364429488,1.783296398,1.666468459,0.66194096,0
3.457039914,2.982359795,1.732792571,1.503337977,1.22799798,0.895909862,0.637920021,0.128738789,3.92186308,3.1739144,2.472396472,1.97143215,1.066634816,0.450357154,2.813965913,2.422720766,2.338877784,1.786091475,1.613374047,0.92959357,0.735173826,0.318218473,4.344928353,4.058996385,2.364429488,1.783296398,1.666468459,0.6674367,0
4.264163318,4.012524477,3.017450067,2.878698626,2.081142216,1.619046547,0.402135314,0.021953637,3.800789526,3.162455123,2.570478303,2.262179489,0.803186141,0.460969288,3.560120988,3.020704875,2.767371955,2.259693949,2.04117853,1.176085881,0.930113529,0.402597722,3.053235324,2.383093771,1.742260691,1.314045198,1.227959008,0.491809433,1
1.335405788,1.195957848,0.878122205,0.808138028,0.765668554,0.45260009,0.280364749,0.182017458,4.621890967,4.267777549,3.284043479,2.294804788,1.658512631,0.732455796,1.154650764,1.107912468,0.954441114,0.905753501,0.836471703,0.54887887,0.13728804,0.096634112,5.766150078,5.633474635,4.157576929,3.662934864,3.297388014,1.689093421,0
1.558881436,1.314540073,1.171550545,0.808138028,0.765668554,0.45260009,0.280364749,-0.060626942,4.711155404,4.527566662,4.149228173,3.15268174,1.658512631,0.732455796,1.154650764,1.107912468,0.954441114,0.905753501,0.836471703,0.54887887,0.128845482,-0.001933834,5.766150078,5.633474635,5.217611303,3.662934864,3.297388014,1.689093421,1
2.526934468,2.451396515,1.886206977,1.72550025,1.096910685,0.954430489,0.75481623,0.089938221,4.362262519,3.898221575,2.270775623,1.712660923,1.600460479,0.640999867,3.730575806,2.955617304,2.168292756,1.641492142,1.451820313,1.229780342,0.332145365,0.20674742,3.436689802,2.512491214,2.349584216,2.156437575,1.645070607,1.22257521,1
3.530712349,2.86638739,1.99102002,1.867285038,1.767933,1.306320046,0.549310778,0.09521998,2.652018828,2.278579766,2.063599784,1.793396083,0.882241558,0.731803407,5.192390803,3.920436057,3.267940038,2.803769739,2.375913373,1.89083889,1.082249311,0.488734357,2.604677751,2.482160107,2.203819614,1.780234437,0.875037063,0.230423482,1
3.078608527,2.34587398,2.162270242,1.291999314,1.18739793,1.034556564,0.146097748,0,2.801297997,2.50330654,1.458215588,1.099813134,0.46308208,0.137252277,4.545025853,3.600880335,2.641669046,1.99985863,1.768778118,1.498262933,0.404658516,0.251884004,2.206926387,1.613437196,1.508823811,1.384791547,1.056408911,0.785096603,0
2.34409283,1.552563264,1.139262421,0.734647659,0.702626155,0.269846174,0.172610836,-0.213288113,4.056979134,2.527513333,2.087299167,1.265682393,0.701384251,0.595439228,2.055612733,1.433069203,1.203096715,0.926307287,0.811300469,0.665152262,0.561553454,0.384932867,4.973683244,2.561126064,1.004411229,0.776246285,0.154711163,0,0
3.461764072,2.909692066,2.091667828,1.995486642,1.442628087,1.122307743,0.278756394,0.015218053,5.379268492,4.475831951,3.638005432,3.201669223,1.136751685,0.652411177,1.793851544,1.552907568,1.484862032,1.434060626,1.333192551,0.95296166,0.327915707,0.00511417,6.074885536,5.117409971,4.739642555,3.327385071,1.726156074,0.567949861,1
3.35083787,2.81645605,2.024643975,1.931544748,1.396401583,1.086345346,0.26982413,0.014730417,5.279102057,4.392488252,3.570262757,3.14205149,1.115584427,0.64026274,1.736370696,1.503147349,1.437282214,1.388108651,1.290472717,0.922425663,0.317408219,0.004950295,5.961766136,5.022119559,4.651386484,3.265426405,1.694013618,0.557374164,1
3.35083787,2.81645605,2.024643975,1.931544748,1.396401583,1.086345346,0.26982413,0.014730417,5.279102057,4.392488252,3.570262757,3.14205149,1.115584427,0.64026274,1.736370696,1.503147349,1.437282214,1.388108651,1.290472717,0.922425663,0.317408219,0.004950295,5.12674705,4.784283241,3.401485839,1.965625388,1.694013618,0.557374164,0
4.547416284,4.332041476,3.719056961,2.315913496,1.260257634,1.14049124,0.812070753,0.163884189,3.179932105,2.573479005,2.004672972,1.598480176,1.10601761,0.3651594,3.721437823,3.300898632,2.630420728,1.885458643,1.746054078,1.272405188,0.535049498,0.111486647,3.192425459,3.054312128,2.654793063,2.374092308,0.986615294,0.391505053,0
5.948941196,5.667187341,4.865279487,1.717366817,1.591459683,1.325880849,1.062352962,0.2143937,1.603983789,1.29808388,1.211259004,0.970726522,0.755893582,0.495897189,4.868394136,4.31824373,3.441122882,2.466561646,2.28419225,1.664563605,0.699953072,0.121332987,1.610285539,1.377359338,1.247407914,1.084074773,0.497656832,0.197478354,0
4.060194451,3.867895451,3.320587668,1.172115002,1.086182492,0.904923059,0.725063412,0.146325217,3.298008251,2.669036543,2.490512819,1.995945408,1.554219743,1.019631889,3.322713438,2.947231894,2.441956946,2.28335208,1.616107942,1.461541284,1.009845721,0.358292193,3.310965504,3.228914496,2.753369926,2.229004788,1.023249954,0.406042285,1
5.948941196,4.966639476,1.766434441,1.657770503,1.414272906,0.32159055,0.240021375,0.074048976,1.603983789,1.29808388,1.211259004,0.806286488,0.557884338,0.216251382,4.161311324,3.816914714,2.521203169,1.859110121,1.211152197,0,-0.500152457,-0.581643438,1.486704166,1.209365,0.940185967,0.131662487,0.072485045,0,1
4.547416284,4.332041476,3.719056961,1.312768369,1.216523989,1.013513492,0.812070753,0.163884189,2.627093151,2.469956743,2.004672972,1.598480176,1.10601761,0.428722981,3.180938297,2.917678887,1.927227043,1.421118038,0.92581403,0.037662958,0,-0.286740281,2.947422749,2.397591931,1.863938752,0.261023691,0.143703148,0,1
3.053791786,3.001509693,2.469597921,1.343700136,1.188437704,1.006679211,0.581046681,0.14396908,3.650603116,2.668878713,2.386107159,1.863964139,1.323939194,0.518896073,3.339106889,2.521142099,2.267816067,2.043160917,1.730918129,1.432401701,0.428453971,0.149185423,3.927368178,3.417890279,2.796105678,2.149338234,0.390865082,0.029753033,0
3.95872258,3.268110552,1.791647069,1.604799699,1.391987929,0.407094943,0.352458018,0.186631469,4.300845003,3.165600855,2.296892969,1.649999944,1.171964391,0.552077042,4.328585171,3.268232694,2.939838503,2.648611242,2.243841481,1.856865613,0.555417831,0.193393572,3.47654611,3.025551112,2.475141081,1.902615986,0.345997731,0.026337686,1
1.288128496,1.193082731,0.854672701,0.793928299,0.682134835,-0.061471852,-0.224445605,-0.184065962,5.219103208,4.172949241,2.915030323,2.446630285,0.994756758,0.652851698,1.600600108,1.385613,1.324898003,1.279569427,1.189567858,0.850299201,0.280897173,0.137425848,6.340563401,5.341213786,4.946925162,3.472904284,3.126321757,1.601464399,0
1.793851544,1.552907568,1.484862032,1.434060626,1.333192551,0.95296166,0.314811817,0.154018214,6.074885536,5.117409971,4.739642555,3.327385071,2.995324803,1.534360954,2.128407983,1.906151862,1.324834487,1.271192152,1.015467857,0.721366984,0.353758269,-0.073528534,6.452122637,4.192243069,3.801108226,3.284019755,1.506581573,0.665357854,1
3.902175099,2.212437568,1.913080331,1.578888269,1.231232782,0.914996055,0.500703473,0.17434232,4.151691052,3.613112865,2.955813257,2.27210384,1.394753551,0.367280409,3.876949058,3.258664565,3.051462975,2.23481436,1.615648984,1.256911175,0.396213029,0.234141679,5.562661118,4.628424181,3.448773,2.175608772,1.175506374,0.674653494,0
2.357149394,2.162068037,1.428120143,1.092484276,1.010958315,0.740846912,0.024808115,-0.16167873,3.28347006,2.670950859,2.076453773,1.913163748,0.710564593,0.242320028,3.369741421,3.21014367,1.7651786,1.589174623,1.158396277,0.875512754,0.751227184,0.451322512,2.92661842,2.297040333,1.369021163,1.027686208,0.45764175,0.368158726,0
4.393441489,3.760932186,3.319720382,2.98504105,2.620697042,0.617974626,0.220472989,0.09521998,2.663911984,2.597895995,2.215285884,1.981055793,1.681308828,0.326690479,4.748719017,3.920289541,2.80501113,1.925050997,1.827930692,1.565410167,0.903541439,0.263172619,2.698251603,2.337004545,1.654128115,1.236203407,0.968957609,0.420902248,1
2.357149394,2.162068037,1.428120143,1.092484276,1.010958315,0.740846912,0.3332054,0.018606086,3.28347006,2.670950859,2.076453773,0.757935566,0.272610032,0.142299833,3.369741421,3.21014367,2.755907862,1.716145861,1.525607638,1.085996509,0.778233559,0.451322512,2.92661842,2.751566269,2.233233657,1.314260317,0.96345582,0.368158726,0
4.064898512,3.479688459,3.071470618,2.761818714,2.424720469,0.571762283,0.203985948,0.105899004,2.813043936,2.743332219,2.616584172,2.245730601,1.775432383,0.344979368,4.393608272,3.480916971,2.595251489,1.78109506,1.691237443,1.448348288,0.835974318,0.243492486,2.849305966,2.467835463,1.747931179,1.67686083,1.223820873,0.909512974,0
1.586624203,1.337345272,1.242123907,0.830931793,0.762171167,0.639501407,-0.224445605,-0.184065962,5.219103208,4.172949241,2.915030323,2.446630285,0.994756758,0.709641936,1.898002099,1.747315565,1.261429724,0.870850757,0.742813005,0.647198425,0.366402751,0.249012002,3.593644606,2.079757398,1.945573168,0.942018711,0.810583389,0.143776948,1
3.469218141,3.264490985,2.408953605,1.763714579,1.405030776,1.302880782,0.472683968,0.311417162,3.879543697,3.713324541,2.350172592,1.482572529,0.972160294,0.712045282,2.533299225,2.45757101,1.890957891,1.613159891,1.052591486,0.851307115,0,-0.243844904,3.33806387,2.752883066,1.365158257,0.636010533,0.547271054,0.163551635,0
3.469218141,3.264490985,2.408953605,1.763714579,1.405030776,1.302880782,0.415222883,0.245375532,3.790685469,3.15404802,2.350172592,1.482572529,0.972160294,0.712045282,2.533299225,2.45757101,1.890957891,1.613159891,1.099673547,0.986804518,0.756717435,-0.046552209,2.810234796,1.404162778,1.360771766,0.636010533,0.547271054,0.163551635,1
2.357149394,1.457872646,1.15697162,1.092484276,1.010958315,0.740846912,0.57170814,-0.212481229,3.28347006,2.670950859,2.076453773,0.757935566,0.272610032,0.142299833,1.929511848,1.670346446,1.586583448,1.493766089,1.093364837,0.728259262,0.220887821,0,4.524649382,2.964938893,1.80705995,1.594735499,0.553404132,0,0
2.357149394,1.457872646,1.15697162,1.092484276,1.010958315,0.740846912,0.57170814,-0.16167873,3.28347006,2.670950859,1.992878904,0.757935566,0.272610032,0.142299833,1.929511848,1.670346446,1.586583448,1.493766089,1.093364837,0.728259262,0.220887821,0,5.261601791,4.432309598,2.88257948,1.594735499,0.553404132,0,0
4.801058058,4.035399365,3.778809235,2.820315873,2.000754835,1.556508336,0.490654308,0.289951655,3.707450015,2.578991332,2.298567761,1.450018364,0.783461554,0.449648838,5.026845777,4.756792334,3.574092405,2.609327483,2.211143082,1.609167638,1.270591037,0.215898529,2.767054603,2.465740858,2.341206779,1.8912151,0.275386716,0.020962707,1
3.523312629,2.97106344,2.647885038,1.826516665,1.7305291,1.022946055,0.682700128,-0.104268321,4.62205091,3.32236941,2.700059267,2.352544635,1.223947365,0.959339309,4.518764379,3.580074199,2.669179694,1.831831245,1.739413949,0.967261321,0.753321061,0.35195144,3.362406127,2.618821624,1.827727485,1.753412642,1.434568693,1.137502729,1
3.523312629,2.97106344,2.647885038,1.826516665,1.091142459,0.768037644,0,-0.137026245,3.39158544,2.777203817,2.450567329,1.305543856,1.079256723,0.621605996,4.518764379,3.580074199,2.669179694,1.831831245,1.739413949,0.967261321,0.753321061,0.35195144,3.362406127,2.618821624,1.827727485,1.753412642,1.434568693,1.137502729,1
6.292867464,3.881491844,3.620552546,2.731707967,2.176164902,1.333626143,0.506729229,0.341174652,3.330391534,2.316700391,2.064796715,1.603043918,0.703781229,0.463352262,4.516539666,3.808610614,2.432171855,2.341414412,2.21836781,0.984548591,0.006640461,-0.175654146,2.649557632,2.400201566,2.317157274,1.128317766,1.013562269,0.829110092,0
1.32187252,1.216926172,0.878528685,0.60650812,0.5573191,0.513417286,0.431113019,0.300496265,5.903188587,4.992626898,2.867655988,2.709961186,1.252505481,1.021866136,2.555345517,2.131394934,1.601457855,1.371586788,1.122404913,0.721026169,0.451297886,0.12832755,6.340295703,5.821694123,5.148722343,4.061883131,1.996533832,0.525747191,0
3.033985336,2.79311061,2.016414674,1.392068232,1.279168719,1.178404494,0.989498275,0.689704376,2.358344661,1.994572054,1.145638681,1.082639051,0.500380357,0.408239125,2.624855524,2.518605842,2.117869688,2.045411267,1.901542386,1.359216256,0.296937162,-0.060786487,3.08932964,2.108266387,2.006018559,1.64000993,1.110438192,0.907374846,1
3.053791786,3.001509693,2.370046741,1.753731416,1.188437704,1.102031354,0.160988646,0.049564172,4.948081096,4.497790108,3.476764873,2.395998463,2.244704975,1.553303449,3.317520865,2.046273857,1.941872102,1.721276398,1.094480309,0.70307099,0.339041079,0.230933668,5.26210115,3.023877945,2.638384492,2.363551498,1.929428399,0.732108055,1
4.675584959,4.59553714,3.628719857,2.68509473,1.81958753,1.687292908,0.246485728,0.075886476,3.260811248,2.964067138,2.291206184,1.578975483,1.479272286,1.023635074,5.079374018,3.132999215,2.973152274,2.635403656,1.67573169,1.076454577,0.519097398,0.353576819,3.467752101,1.992751336,1.73870914,1.557592764,1.271503377,0.482463027,0
3.778775285,3.291213141,2.905106183,2.612226396,2.293386883,2.067844784,0.480704986,0.100163045,3.119568211,2.99799156,2.605839502,2.330314782,0.558804741,0.384285822,4.543890717,3.430795886,2.523697551,2.446752045,2.079175303,1.304007162,0.947082526,0.203013045,3.385022959,3.001352747,2.65440465,2.094088737,1.079173177,0.914938302,0
3.956562397,2.186238919,1.983171181,1.921873273,1.133040218,0.185572435,-0.072819693,-0.066423883,3.505026707,3.190353025,2.757780251,2.540970413,1.753714288,1.083634949,2.401636902,2.304422729,1.937765317,1.81232767,1.326536571,1.008835791,0.806964972,0.203764143,4.476800958,3.055125247,2.906956152,2.376566725,1.622000901,1.314892567,0
5.757142695,3.181167933,2.885686697,2.796492906,1.648672145,0.270024047,0,-0.079469244,1.603983789,1.371870112,1.262025995,1.162808643,0.802541471,0.495897189,3.494590747,3.353135664,2.819617213,2.637094517,1.930226182,1.467943893,1.174204278,0.296494565,2.048690855,1.911839463,1.490021037,1.304891611,1.019600246,0.659792253,1
4.400804039,2.431709171,2.205841047,2.137660629,1.260257634,0.206408453,-0.080995866,-0.073881936,3.179932105,2.89444471,2.501993477,2.30529296,1.591055599,0.983126764,2.671291974,2.563162624,2.155337027,2.015815278,1.196914744,1.009767102,0.559551242,0.22664272,4.061573358,3.79026255,2.953998515,2.586975476,2.021379256,1.308052227,1
3.478252652,2.755709644,2.054561949,1.410025253,1.338888393,0.697679399,0.579857846,0.270909463,7.746138178,6.09589385,2.956761529,2.713702118,2.320738488,1.840167276,2.712018258,2.286932538,2.0381707,1.485251591,1.349697056,1.248796323,0.699909096,0.002990517,5.101060023,4.858289862,4.405013081,4.163817057,1.745941221,0.771067246,0
1.793851544,1.515796658,1.475033787,1.38874224,0.82458253,0.354163294,0.025243018,-0.029679244,5.224022679,4.875060913,3.799452547,3.327385071,1.892728664,1.534360954,2.948163736,2.274066186,2.060305003,1.985305441,1.758585838,1.585638507,1.002414539,0.276456074,4.106118868,4.004362691,3.414612502,2.764317117,1.268991156,0.503556405,0
1.793851544,1.515796658,1.475033787,1.38874224,0.82458253,0.354163294,0.025243018,-0.029679244,5.224022679,4.875060913,3.799452547,3.327385071,1.892728664,1.534360954,2.948163736,2.274066186,2.060305003,1.985305441,1.758585838,1.585638507,1.002414539,0.276456074,4.106118868,4.004362691,3.414612502,2.764317117,1.268991156,0.503556405,0
5.24251158,4.043811464,3.663695034,3.530328603,3.127169128,0.7374035,0.263081278,0.136578257,1.241786987,1.19339173,1.037290216,0.927613816,0.787259653,0.152970251,3.896852398,2.410163111,1.857703926,1.740960281,1.306423687,1.063294937,-0.078893847,-0.26728817,1.292956466,0.749092936,0.698972176,0.265834452,0.095613851,0.049909517,1
6.121667741,4.721948595,4.278087584,4.122355935,3.651587618,0.861064234,0.307199354,0.13267619,0.087723472,0.076651461,0.074189545,0.06246783,0.054553597,0.009596036,4.550344859,2.814341474,2.169236257,2.032914993,1.525507692,1.241606854,-0.092124149,-0.312111732,0.081108955,0.04699164,0.043847495,0.016676164,0.00599799,0.003130893,1
2.799793951,2.669920659,1.995063366,1.609565064,1.474113228,0.946939143,0.456641325,0.311035632,4.183684047,3.508476822,2.829430305,2.24388565,1.534010575,0.785866438,2.315397639,1.956500812,1.843720943,1.4185713,1.296280013,0.997802283,0.497565047,0.024436648,4.062942829,3.791540541,2.954994537,2.587847746,1.472054932,1.193337246,1
2.799793951,2.669920659,1.995063366,1.609565064,1.474113228,0.946939143,0.456641325,0.311035632,4.183684047,3.508476822,2.829430305,2.24388565,1.534010575,0.785866438,1.987556381,1.882131796,1.459101908,1.35029168,1.064322435,0.559760677,0.268714133,0.024436648,4.062942829,3.791540541,2.954994537,2.587847746,2.022060819,1.308493273,1
3.944008137,2.378213065,2.292344324,1.598834711,0.843842317,0.742762032,0.085350284,0.005350185,7.737561985,5.735903872,5.174693444,2.968372634,2.656312509,1.838129922,2.36348906,1.922030092,1.837810291,1.718843047,1.305863825,0.956797391,0.031243225,-0.036733932,6.047291761,5.643336085,4.763186668,4.222290659,3.611022619,1.947563853,0
3.944008137,3.124712994,2.329678105,2.228668092,1.534881322,1.423286502,0.703201931,0.064012713,7.737561985,5.735903872,5.174693444,2.835348412,2.067896162,0.751015258,2.36348906,1.922030092,1.837810291,1.718843047,1.305863825,0.956797391,0.031243225,-0.036733932,6.047291761,5.643336085,4.763186668,4.222290659,3.611022619,1.947563853,0
2.357149394,1.457872646,1.123698112,1.053081578,0.790236706,0.643171657,-0.21557164,-0.167151416,3.68642094,2.670950859,2.522097712,2.405303676,1.793591014,0.631612972,3.747788513,2.829710971,2.08153877,1.195046117,0.937381262,0.275046493,0.223259465,0.013752325,5.594801772,5.15677882,3.311739932,2.824481929,1.16820207,0.307622614,0
2.357149394,1.457872646,1.123698112,1.070421335,1.010958315,0.643171657,-0.21557164,-0.220823041,2.726595668,2.577111081,2.076453773,1.913163748,0.710564593,0.242320028,3.747788513,2.829710971,2.08153877,1.195046117,0.937381262,0.275046493,0.223259465,0.013752325,5.594801772,5.15677882,3.311739932,2.824481929,1.800526269,1.03840184,0
3.572210773,1.991985101,1.732792571,1.279164563,0.955637186,0.250665857,0.144127654,0.056005312,4.632936943,4.291230081,3.735107695,2.962320107,2.665458841,0.948119836,2.833062531,2.389004155,2.129139443,1.551542148,1.423906153,1.321816377,1.159585138,0.548360865,6.186805196,4.019854033,3.614140352,1.674445106,1.444629501,0.637997704,0
3.572210773,3.403023665,1.951332344,1.684659444,1.612064279,0.895909862,0.144127654,0.056005312,4.632936943,4.291230081,3.735107695,2.962320107,2.665458841,1.744244708,2.833062531,2.389004155,2.129139443,1.551542148,1.409937469,1.30453328,0.792244227,0.003123991,6.186805196,4.019854033,3.614140352,3.445232224,1.444629501,0.637997704,1
2.092685661,1.312315622,0.997035668,0.778440397,0.737406567,0.668932989,0.546732893,0.216556545,3.378785945,3.070927696,2.980877321,2.376258625,1.750213039,0.698724851,2.499989684,1.928367117,1.747101489,1.683503213,1.434232384,0.351644649,0.009078914,-0.096361864,5.097498983,4.526652391,3.925564819,3.290581058,2.601471507,0.505484751,0
2.092685661,1.312315622,0.997035668,0.778440397,0.737406567,0.615074504,0.28874206,0.045255289,4.441158889,3.30983113,2.985624149,2.861642228,2.227742461,1.555744923,2.499989684,1.977681185,1.889012686,1.683503213,1.434232384,0.351644649,0.008131357,-0.100828831,6.701107547,4.993468391,4.400912047,3.290581058,2.766464717,1.213407205,0
3.730575806,2.955617304,2.203606198,2.108062402,1.451820313,1.346264512,0.665147743,0.466441889,6.155452111,4.563075768,4.116616803,2.255600847,1.645070607,0.597454142,4.052752755,2.499770868,2.331719902,1.759283356,1.337039998,0.858886201,0.414179661,0.282113391,4.95375936,4.154269228,3.350233119,2.656909416,1.816370251,0.689208935,0
4.545025853,3.600880335,2.684692031,2.568289351,1.768778118,1.640177637,0.810361146,0.568274324,3.95282393,2.930253499,2.643552596,1.448470858,1.056408911,0.383664918,2.723655355,2.518605842,2.117869688,2.045411267,1.901542386,1.410807381,1.109120536,0.735067597,3.08932964,2.502853254,2.049703432,1.925777816,1.119302714,0.907374846,1
4.937539674,3.045514637,2.840775201,2.14336573,1.62893925,1.046396103,0.504602336,0.343703685,3.181137337,2.667731714,2.151406818,1.706177699,1.16641177,0.442586754,3.543788887,2.988330219,2.663273618,1.940775313,1.781119459,1.653418566,1.450488607,0.743245055,3.815590959,2.479166261,2.213311992,1.032681231,0.890946957,0.393472591,1
3.519901528,2.207317539,1.677016016,1.291999314,1.20015642,1.034556564,0.530732651,0.364248548,2.616348394,1.949867495,1.75887266,1.399886964,1.031074813,0.411628515,4.545025853,3.600880335,2.684692031,2.568289351,1.768778118,1.640177637,0.810361146,0.568274324,3.95282393,2.930253499,2.643552596,1.448470858,1.056408911,0.383664918,0
3.811831409,3.192925658,2.760175428,2.676019903,2.274000139,1.861667157,1.035826942,0.294539676,2.623098379,2.48127722,2.008847124,1.311316439,0.836265351,0.708997607,3.543788887,2.988330219,2.663273618,1.940775313,1.781119459,1.653418566,1.450488607,0.743245055,2.530815558,2.276549477,2.103604064,1.032681231,0.890946957,0.393472591,0
3.093856139,2.899958018,2.20460475,1.778617585,1.62893925,1.046396103,0.504602336,0.343703685,3.181137337,2.667731714,2.151406818,1.706177699,1.16641177,0.597547291,4.468366194,2.491711562,2.340673481,2.107287555,2.016480546,0.313550043,0.093407046,-0.059690905,2.85727314,2.626003386,2.011251404,1.82695292,1.643869547,1.075728769,1
2.723655355,2.518605842,2.117869688,2.045411267,1.901542386,1.410807381,1.109120536,0.735067597,3.08932964,2.502853254,2.049703432,1.925777816,1.119302714,0.907374846,4.20498772,3.326463764,3.177323171,2.512897687,1.715701517,1.401042701,0.525748456,0.37723237,3.947715541,2.941721593,2.01929897,1.738413646,0.80418942,0.667060571,1
3.730575806,2.955617304,2.203606198,2.108062402,1.451820313,1.346264512,0.665147743,0.466441889,6.155452111,4.563075768,4.116616803,2.255600847,1.645070607,0.597454142,2.90875641,2.452833664,2.186025876,1.592996314,1.461950135,1.35713272,0.750682656,0.003207458,5.941748948,3.860629633,3.446633651,1.608121176,1.387408451,0.198534492,1
2.889149568,1.811775262,1.376501604,1.060478321,0.985093297,0.849168258,0.43562753,0.298976697,3.099648367,2.817223753,2.734612867,2.179944598,1.605619615,0.640999867,3.128766808,2.620766437,2.265563279,2.196488079,1.866508613,1.170627891,0.85021099,0.392556238,4.084764903,3.863916879,2.937277283,2.023394095,1.302256668,1.104071644,1
4.052752755,2.499770868,2.331719902,1.759283356,1.337039998,0.858886201,0.414179661,0.282113391,4.95375936,4.154269228,3.350233119,2.656909416,1.816370251,0.689208935,3.451471116,2.730375061,2.607959851,2.062596697,1.408254821,1.149981579,0.431536482,0.309633872,6.14749718,4.580934217,3.601255238,3.018730506,1.252307097,1.038766075,1
3.667653245,3.493945789,1.921234365,1.729670243,1.655135478,0.257363157,0.076668885,-0.048994539,4.449428636,4.089288663,3.131979042,2.844984094,2.559881354,1.67515605,2.235587453,2.067281974,1.738356101,1.678881932,1.560793766,1.157996468,0.804461986,-0.003608391,4.823602305,4.712614286,3.78925138,3.064183348,2.811447272,1.54934281,1
2.889149568,1.811775262,1.376501604,1.074710253,1.018059188,0.923524966,0.75481623,0.298976697,3.099648367,2.817223753,2.734612867,2.179944598,1.605619615,0.640999867,2.90875641,2.452833664,2.186025876,1.592996314,1.461950135,1.35713272,1.19056698,-0.086081247,5.941748948,3.970820984,3.753389921,3.332146624,1.507613603,1.233251957,0
3.730575806,2.955617304,2.203606198,2.108062402,1.451820313,1.346264512,0.665147743,0.466441889,6.155452111,4.563075768,4.116616803,2.255600847,1.645070607,0.597454142,3.128766808,2.620766437,2.265563279,2.196488079,1.866508613,1.170627891,0.85021099,0.392556238,4.084764903,3.863916879,2.937277283,2.023394095,1.302256668,1.104071644,1
3.667653245,3.493945789,1.921234365,1.729670243,1.655135478,1.1820072,0.228767251,0.110983847,4.449428636,4.089288663,3.587161954,2.844984094,1.884550556,0.910565286,3.451471116,2.730375061,2.607959851,2.062596697,1.408254821,1.149981579,0.431536482,0.309633872,6.14749718,4.580934217,3.601255238,3.018730506,1.252307097,1.038766075,0
4.052752755,2.499770868,2.331719902,1.759283356,1.337039998,0.858886201,0.414179661,0.282113391,4.95375936,4.154269228,3.350233119,2.656909416,1.816370251,0.689208935,2.235587453,2.067281974,1.738356101,1.678881932,1.560793766,1.157996468,0.804461986,0.515278186,4.81079375,3.897515705,3.67089703,3.064183348,1.743010662,1.412990437,1
2.835120362,1.879428964,1.839463429,1.207429881,1.118739572,0.799683809,0.708173645,0.217581367,3.938990909,2.414943515,1.958662226,0.702036321,0.628586158,0.075585065,3.451471116,2.730375061,2.607959851,2.324234676,1.980092829,1.320238895,0.412845163,0.009400721,6.14749718,4.580934217,3.601255238,2.707108169,1.252307097,1.038766075,0
3.730575806,2.955617304,2.203606198,2.108062402,1.451820313,1.346264512,0.665147743,0.466441889,6.155452111,4.862623155,4.436323663,2.255600847,1.645070607,0.597454142,2.194271246,2.04923116,1.666809195,1.584480011,1.431227902,0.937519031,0.745839333,0.337236058,4.60487472,3.681841056,2.571964743,1.487306835,0.704390887,0.576018553,1
2.844606788,2.709880473,1.490096242,1.341520418,1.283711764,0.916756705,0.177430316,0.086078313,3.787473959,3.480913077,3.053489246,2.421727384,1.604180388,0.775097791,1.989815339,0.948789176,0.914370356,0.694882911,0.579136967,0.026120669,-0.176413177,-0.186410363,3.336430951,2.417369925,2.267649345,1.804142001,0.246728348,0,1
2.240804658,1.40520051,1.067605236,0.833537926,0.789599748,0.716279652,0.585430309,0.048458431,3.46811485,2.64391584,2.331483225,1.855627783,1.366746829,0.545636418,3.143287337,1.9388052,1.808466019,1.364488146,1.036999084,0.666146267,0.321234914,0.218805217,4.216773907,3.53622629,2.851809015,2.261633133,1.546143469,0.586673281,1
2.256011591,1.902401025,1.695466728,1.235517053,1.133878533,1.052582862,0.923395612,0.436668253,5.057777358,3.286272327,2.933867754,1.368876226,1.180999587,0.521569734,1.989815339,1.230680313,0.929426131,0.888971179,0.667087594,0.542940907,-0.181977332,-0.186410363,3.336430951,2.417369925,2.267649345,1.804142001,1.623306906,0.219314087,1
4.545025853,3.600880335,2.684692031,2.568289351,1.768778118,1.640177637,0.810361146,0.568274324,3.95282393,2.930253499,2.643552596,1.448470858,1.056408911,0.383664918,2.723655355,2.518605842,2.117869688,2.045411267,1.901542386,1.410807381,0.98009013,0.412368205,3.097554862,3.026282096,2.433329552,1.967715295,1.119302714,0.907374846,1
2.862404148,2.809820898,2.43642872,2.068519064,1.52127623,1.165305309,0.637677521,0.294539676,2.623098379,2.48127722,1.690350664,1.311316439,1.218145788,0.743346979,4.20498772,3.326463764,3.177323171,2.831655819,2.412381779,1.608470172,1.006884731,0.37723237,3.00300746,2.605351152,2.312604765,1.738413646,0.80418942,0.667060571,1
2.536243016,2.137766838,1.985554031,1.816343774,1.218342248,1.022252764,0.547814129,-0.269084795,2.957095378,2.364354262,1.651629092,0.955098333,0.452336092,0.369899705,2.723655355,2.518605842,2.117869688,2.045411267,1.901542386,1.410807381,0.98009013,0.412368205,3.097554862,3.026282096,2.433329552,1.967715295,1.119302714,0.907374846,0
3.454076799,2.289741229,2.241050517,1.471032975,1.362980017,0.974268792,0.353444254,0.190759644,2.529487232,1.550795351,1.257786882,0.703837577,0.422647565,0.358806088,3.243607018,2.817679083,2.752477614,2.368750145,1.52127623,1.165305309,0.637677521,0.294539676,2.623098379,2.48127722,1.886220496,1.622736637,1.218145788,0.743346979,0
1.42750528,1.089847012,0.857353296,0.822499737,0.764031628,0.658609097,0.337869735,0.048458431,3.46811485,2.64391584,2.327776411,1.855627783,1.366746829,0.545636418,1.928288304,1.344305052,1.128577035,0.907309715,0.834174638,0.623952803,0.481453556,0.055049336,3.972815357,3.635511298,2.918173753,0.770199177,0.581287613,0.1098473,1
2.844606788,2.709880473,1.490096242,1.341520418,1.283711764,0.916756705,0.177430316,0.086078313,3.787473959,3.480913077,3.053489246,2.421727384,1.604180388,0.775097791,2.256011591,1.902401025,1.695466728,1.235517053,1.133878533,1.052582862,0.582224338,-0.066764027,5.057777358,3.380070185,3.194986985,1.368876226,1.180999587,0.168997927,1
1.038293654,0.961702868,0.586762613,0.544681615,0.517335623,0.450744398,0.231234112,0.018960117,5.096639958,4.528436027,4.395646393,2.752949749,1.159143909,0.34355711,1.361806449,0.842263276,0.668422382,0.608401524,0.396354597,-0.191365623,-0.253793648,-0.220778495,6.300334775,4.564829912,4.282105711,3.406843647,0.465908395,0.243199732,0
4.060194451,3.867895451,1.969501585,1.453905492,1.125230402,0.284908194,0.084874594,0.028997758,3.895970856,3.580628157,2.594896639,1.559515717,1.147085876,0.79730143,4.129851482,3.271950802,2.43945353,1.674172484,1.589709193,0.828379244,0.688485577,0.275770638,5.389784621,3.995481592,3.60455699,1.975030028,1.440442733,0.523137714,0
3.95872258,3.136370783,2.338369749,1.604799699,1.523836319,0.794053644,0.659956759,0.317670585,4.667626744,4.290701906,3.870892456,2.12096212,1.546874948,0.561791597,3.736600256,3.01793443,2.001559689,1.831024795,0.961173248,0.520052321,0.226973885,0.066300159,3.831057976,2.64484955,1.677532021,0.72328565,0.576777836,0.200975311,1
4.181850559,3.313148028,2.470168759,1.695252037,1.609725267,0.83880939,0.697154318,0.069062668,4.819255276,3.572544562,3.223000827,1.765965535,1.287966353,0.467761583,3.238639921,2.569924032,2.114374861,1.934228001,1.015348462,0.549364358,0.239766957,0.070037077,3.189833654,2.202167171,1.396754664,0.602225527,0.480239497,0.167337016,1
3.35083787,2.066824057,1.184434171,0.949524236,0.757473867,0.684143027,0.342445981,0.014730417,5.279102057,3.672270265,2.469987198,2.064706172,1.292144956,0.734473365,2.059084684,1.503147349,1.437282214,1.344242414,0.851576748,0.748275205,0.373135634,0.228543165,5.12674705,4.784283241,3.706389,3.265426405,1.857484488,0.685154529,0
3.35083787,2.066824057,1.184434171,0.949524236,0.757473867,0.684143027,0.342445981,0.01747163,5.279102057,4.427104676,3.570262757,2.064706172,1.292144956,0.734473365,2.059084684,1.503147349,1.38264934,0.940874236,0.851576748,0.748275205,0.373135634,0.228543165,5.12674705,4.784283241,3.706389,1.981316787,0.770798845,0.557374164,1
2.34409283,1.55392202,1.520878299,0.998309548,0.924979921,0.661182893,0.585521795,0.179897449,4.197687756,2.573547149,2.087299167,0.748143201,0.669869131,0.080549183,1.455816333,1.22816123,1.162997943,0.967219165,0.889254995,0.665152262,0.513243823,0.259841392,4.973683244,3.75772804,1.004411229,0.776246285,0,0,1
2.34409283,1.55392202,1.520878299,0.998309548,0.833995319,0.661182893,0.585521795,0.179897449,4.197687756,2.573547149,2.087299167,0.748143201,0.669869131,0.080549183,2.055612733,1.433069203,1.203096715,0.967219165,0.889254995,0.665152262,0.513243823,0.05868423,4.973683244,4.551402468,3.653346705,0.96423478,0.727730892,0.137521033,1
3.053791786,2.419422715,1.803838028,1.237955941,1.175500111,0.612539638,0.509096176,0.050432937,6.538592063,4.847099849,4.372851493,2.395998463,1.74746638,0.634642076,2.038611436,1.488201724,1.368901812,1.053242265,0.89425846,0.632698157,0.369425588,0.238854476,5.110236789,4.768875856,4.192053015,3.743412806,0.768316552,0.555579187,1
5.948941196,5.667187341,2.885686697,2.130242376,1.648672145,0.417443577,0.240021375,0.093267818,1.894802444,1.571249426,1.262025995,0.758469275,0.557884338,0.38776694,3.559112528,3.323857206,2.788023382,2.570029875,2.321454635,1.520657819,1.20975295,-0.256883647,1.600588048,1.126572532,0.379279656,0.319964755,0.27596162,0.226622408,1
1.027589028,0.680603155,0.450136607,0.422382313,0.365601749,0.289845299,0.105149786,0.056751059,5.884656609,3.607805564,2.926143999,1.637423743,0.983256905,0.834734642,0.901126894,0.628220082,0.527406154,0.424003601,0.389826147,0.291585366,0.224992677,0.113907675,6.972509551,6.380522367,5.121555505,1.351741935,1.020191746,0.192788055,0
5.266054329,4.803691535,4.15262764,4.026017368,3.421186832,2.800840271,1.558380509,0.719529619,1.449877839,0.769498979,0.513592208,0.470265207,0.415376493,0.116095239,5.331558108,4.49588187,4.006840842,2.919856878,2.679657901,2.487534512,1.49092937,0.935448738,1.39886991,1.277970185,1.232018463,0.760510457,0.535123956,0.437739925,1
2.55372629,2.308342614,2.095437093,1.797806276,1.721080704,1.42824406,0.693949498,0.162894978,6.546918614,6.034353428,4.281522181,1.528782648,1.367005336,1.1448418,2.374151917,2.002023863,1.78425306,1.300217247,1.193256233,1.10770336,0.663913391,0,4.337439337,3.962568723,3.820087421,1.769861174,1.526949827,0.218502495,0
5.546600495,4.38778108,4.191056774,3.735103314,3.18205875,2.121656957,0.278341158,0.013530473,2.100047103,1.864872023,1.266352215,0.599873536,0.524795881,0.208247572,6.512875142,4.01719437,2.165335894,1.845548198,1.472268403,1.329738498,0.665597085,-0.073466656,1.518442146,1.125322388,0.906320929,0.580811151,0.348195825,0.228584289,1
3.032435515,2.888813252,1.47096072,1.425494744,0.8404003,0.189022865,0.122349392,-0.049268022,4.44864513,3.931973601,3.337674643,3.031831038,2.008320146,1.240958071,2.059084684,1.503147349,1.437282214,1.344242414,1.021266917,0.748275205,0.373135634,0.149082969,5.12674705,4.784283241,4.038113946,3.265426405,2.939549374,1.651097323,0
4.393441489,3.388881224,3.043091678,2.625517526,1.792593636,0.617974626,0.525518252,0.010717437,4.330868604,3.227235995,2.844271888,2.126674448,1.787942531,0.731803407,3.232512632,1.861500122,1.715154456,1.461851819,1.166178291,1.053280887,0.527216959,-0.03438957,3.489888691,1.765360849,1.4218001,0.911153353,0.546235713,0.403738497,0
3.032435515,2.888813252,1.656478264,1.4301007,1.368474954,0.189022865,0.122349392,-0.049268022,4.44864513,3.931973601,3.337674643,3.031831038,2.008320146,0.691159991,2.059084684,1.503147349,1.437282214,1.344242414,1.021266917,0.748275205,0.373135634,0.149082969,5.12674705,4.784283241,4.038113946,3.265426405,2.939549374,1.651097323,0
2.584428603,2.179341473,1.942282888,1.353064539,1.286199187,0.452053512,0.208531809,-0.076483145,5.99996185,3.898453253,3.504992244,3.095509811,1.522384096,1.245334456,3.258708058,3.104369071,1.707015764,1.536811138,1.120226988,0.203127265,0.068120266,-0.043531623,4.493020877,4.129352517,3.162663877,2.872857163,2.584961195,0.919486337,0
2.584428603,2.179341473,1.942282888,1.415376421,1.298941958,1.205811738,0.401825344,-0.076483145,5.99996185,3.898453253,3.504992244,3.095509811,1.522384096,1.245334456,3.258708058,3.104369071,1.707015764,1.536811138,1.120226988,0.203127265,0.068120266,-0.043531623,4.493020877,4.129352517,3.162663877,2.757291942,1.034422129,0.395276592,0
2.584428603,2.179341473,1.455815747,1.353064539,1.286199187,0.234598285,-0.134015753,-0.169877141,4.093260099,3.898453253,3.504992244,3.17557162,1.522384096,1.245334456,2.21272829,1.615308341,1.544528519,1.49168575,1.386764474,1.028879278,0.714764069,0.259254926,4.857926382,4.098935909,3.826375688,3.094203971,1.760087403,0.528148284,0
4.237647183,3.482924544,2.204464853,1.079884834,0.910140679,0.094170024,0.047855209,0,3.804563592,2.626558607,1.66593074,1.343324808,0,0,4.293858933,2.059097925,1.727153968,1.592109063,1.438119066,0.942033056,0.749430446,-0.159136976,3.5097539,2.159783859,0.730849586,0.645467685,0.559052338,0.142150773,1
1.570173834,1.508702639,1.46813054,1.093892857,0.820723434,0.692396453,0.383683817,-0.029540344,5.187459645,4.840940269,4.085934596,3.30409664,1.87948142,0.69326835,2.472961838,2.085346173,1.858511957,1.294706678,1.230725237,0.558600104,0.384995907,0.264076995,6.406964107,4.281720373,4.047265328,2.069994983,1.625653713,1.329810649,1
2.916082888,2.459011779,2.191531964,1.526700465,1.451254422,0.658693628,0.453981925,0.311395992,4.546708825,3.038527371,2.872146101,1.468974119,1.153646869,0.943701527,2.89642666,2.298371126,1.779270564,1.341636226,1.134545461,0.956834476,0.822978764,0.567538076,2.371893984,2.155778747,1.737629047,1.310551927,0.551814752,0.417222982,1
2.275791162,2.186695548,2.127890834,1.585475215,1.189546723,1.003551133,0.556106732,-0.04281542,3.691098653,3.444535347,2.907316628,2.351005596,1.337331143,0.493289982,4.253035183,3.364472946,3.213628227,2.541610817,1.735305642,1.41705144,0.531755817,0.381542741,3.587961817,2.481569723,2.247437997,2.077038392,0.960837084,0.796996974,1
3.855386549,3.229408994,2.791714029,2.706596916,2.299983553,1.178620441,0.644963817,0.297905175,4.32280371,2.964603999,2.253636466,1.552456332,0.99916107,0.847102905,4.253035183,3.280578815,2.614228268,1.807610044,1.511521535,0.598225294,0.508723655,0.092176924,3.587961817,2.842020945,2.41263723,2.157540477,1.947223492,0.796996974,0
4.519423099,4.305374105,2.468750315,2.131366061,2.039521463,1.456514639,0.094474343,-0.060372951,3.413839981,2.471679858,2.273775195,2.095016633,1.445928132,0.698634461,3.584281292,3.022475785,2.693704988,1.876532364,1.783798429,0.809628306,0.558008459,0.382750035,4.55882806,3.046626554,2.879801796,1.472889664,1.15672191,0.94621696,0
4.062960692,2.348372332,1.505390117,1.396258009,0.918452836,0.161781715,0.028246288,0.017860938,3.790685469,3.178904515,2.563644917,2.3656086,1.677829086,0.712045282,2.89642666,2.298371126,1.779270564,1.341636226,1.034320509,0.956834476,0.822978764,0.567538076,2.371893984,2.155778747,1.737629047,1.310551927,0.551814752,0.417222982,0
2.492473242,1.737626249,1.458779819,1.172773378,0.860278365,0.472594648,0.094874469,0.064245367,4.108876329,3.498492707,2.623303759,1.310472185,0.522550784,0.098747662,1.85152758,1.779041585,1.731199519,1.289903545,0.967785885,0.816464459,0.452434726,-0.03483357,3.681286199,3.435378359,2.899587788,2.344755659,1.333775968,0.491978615,0
3.445562808,1.991519234,1.2766346,1.184085949,0.778886919,0.248000182,0.121953555,0.017965536,5.341618889,4.47953188,3.612542962,2.521921657,2.31434937,1.003373812,2.660009924,2.228118987,1.926132938,1.867406696,1.586865285,0.813184885,0.444990439,0.205538592,6.075256151,4.166446105,3.167254338,2.181817754,1.404218153,1.190516035,1
1.496970849,1.262880157,1.022977556,0.759950523,0.42749897,0.090514765,0.072643725,0,5.789995396,4.929877428,4.477376601,3.548746385,1.731227859,0.65453237,2.472961838,2.085346173,1.858511957,1.294706678,1.230725237,0.558600104,0.352102659,-0.073184416,6.406964107,4.281720373,4.047265328,3.593040367,1.625653713,1.329810649,0
3.676891206,3.502746222,2.008514388,1.72844206,1.26398336,0.955315184,0.076861996,-0.049117945,3.404764594,2.465109119,2.267730568,2.08944722,1.442084262,0.89107611,1.85152758,1.779041585,1.731199519,1.289903545,0.967785885,0.816464459,0.452434726,-0.03483357,3.681286199,3.435378359,2.899587788,2.344755659,1.333775968,0.491978615,0
3.460164565,2.737252237,2.614528693,2.067791896,1.411801886,1.152878113,0.432623422,0.310413767,3.578423543,2.474972692,2.241463385,2.071516772,0.958282785,0.794878229,2.89642666,2.298371126,1.779270564,1.341636226,1.034320509,0.956834476,0.822978764,0.32754358,2.371893984,2.155778747,1.737629047,1.306340895,0.551814752,0.417222982,1
2.660009924,2.228118987,1.926132938,1.867406696,1.586865285,0.813184885,0.435232246,0.205538592,6.035359542,4.166446105,3.693657807,3.040564164,1.404218153,1.190516035,2.456292525,1.949116093,1.508896823,1.137764363,0.877147614,0.811436175,0.69792086,0.277770834,3.342338428,3.037801097,2.448568265,1.840821471,0.77758604,0.587926954,0
1.900648139,1.545639867,1.477912789,1.427349136,1.050137143,0.692396453,0.383683817,0.1532974,5.187459645,4.840940269,4.085934596,3.30409664,2.974360468,0.69326835,2.472961838,2.085346173,1.858511957,1.294706678,1.230725237,0.558600104,0.352102659,-0.073184416,6.406964107,4.281720373,4.047265328,3.593040367,1.625653713,1.329810649,0
4.993957497,2.886484144,1.850338911,1.716200003,1.128909378,0.359448496,0.176758023,0.021953637,3.800789526,2.64392054,2.470743876,1.794454756,1.646758226,0.713943236,4.253035183,3.364472946,3.213628227,2.541610817,1.735305642,1.41705144,0.531755817,0.381542741,3.587961817,2.481569723,2.247437997,2.077038392,0.960837084,0.796996974,0
2.169691632,1.830403386,1.482691427,1.380532093,1.057404666,0.131191017,0.105288945,-0.312631146,4.119828523,3.507817926,3.1858443,2.525084318,1.231842416,0.465727681,4.519423099,4.305374105,2.468750315,2.124501524,1.553615615,1.174218455,0.25041091,-0.060372951,2.523173188,2.338740201,2.182308993,1.542323341,1.005132679,0.698634461,0
3.855386549,3.229408994,2.791714029,2.706596916,2.299983553,1.178620441,0.630820408,0.297905175,4.294415572,2.964603999,2.628194972,2.163491007,0.99916107,0.847102905,1.859457408,1.449558698,1.13293357,0.645429053,0.139937085,0.118450063,0,-0.149771388,4.119828523,3.276868423,2.630296165,1.313965243,0.523943641,0,1
3.584281292,3.022475785,2.693704988,1.876532364,1.783798429,0.809628306,0.558008459,0.382750035,4.55882806,3.046626554,2.879801796,1.472889664,1.15672191,0.94621696,2.869867213,2.232539018,1.696178109,1.452622914,1.271327254,1.176085881,1.011558142,0.402597722,2.378216259,2.161524967,1.742260691,1.309822942,0.553285612,0.249815614,1
3.118159526,2.970477201,1.512543353,1.465792098,1.071911442,0.194366358,0,-0.041654098,3.546060488,3.286858887,3.067010908,2.167576877,1.104591266,0,2.934366153,2.32130587,2.217231105,1.753575137,1.197267815,0.977689486,0.366882991,0.263244026,5.042511426,3.487591095,3.158543027,2.919063903,1.35035773,1.120097301,0
4.596958695,3.642025084,2.671853557,2.569501616,1.788988713,0.922073151,0.766356798,0.181755554,3.316413362,2.866912658,2.51125,1.757793503,1.622454178,1.121943367,3.584281292,3.022475785,2.693704988,1.876532364,1.783798429,0.809628306,0.558008459,0.382750035,4.55882806,3.046626554,2.879801796,1.472889664,1.15672191,0.94621696,0
5.265704144,2.525141289,2.118067209,1.952457084,1.763613953,1.155246933,0.919051852,0.415555214,3.533106543,2.824905674,1.725273546,1.141141471,0.540446419,0.441952288,2.169691632,1.830403386,1.482691427,1.380532093,1.057404666,0.131191017,0.105288945,0,4.119828523,3.507817926,2.630296165,1.313965243,0.523943641,0,0
4.062960692,2.348372332,1.505390117,1.396258009,0.918452836,0.292438434,0.143805969,0.017860938,3.790685469,2.636891914,2.464175625,1.789684359,1.642380467,0.712045282,2.241218375,2.126170078,1.785401595,1.694325319,1.615786218,1.16091319,0.725746186,0.192610849,3.681286199,3.435378359,2.899587788,2.5549354,2.198208431,0.400225289,1
5.265704144,2.525141289,2.118067209,1.952457084,1.763613953,1.155246933,0.919051852,0.415555214,2.883757876,1.774567075,1.188689032,0.656009314,0.540446419,0.441952288,3.855386549,3.229408994,2.791714029,2.706596916,2.299983553,1.178620441,0.630820408,0.297905175,4.294415572,2.964603999,2.628194972,2.163491007,0.99916107,0.847102905,0
3.739972255,2.963061813,2.173754179,2.090483163,1.455477109,0.750175981,0.626077002,0.467616747,3.307596975,2.859291228,2.504574068,1.806995535,1.618141029,1.118960781,2.89642666,1.816338701,1.37996869,1.181818188,1.034320509,0.956834476,0.822978764,0.32754358,2.371893984,2.155778747,1.737629047,1.306340895,0.551814752,0.417222982,0
2.588896382,2.443720353,1.286113797,0.885454602,0.619611959,0.57848501,0.162605414,-0.02885205,5.117689553,3.9819949,3.487997678,2.516514209,2.288892356,2.003116254,1.848395783,1.753512219,1.472470873,1.397357709,1.332584305,0.957437735,0.373135634,0.149082969,5.12674705,4.784283241,3.728703593,3.265426405,2.939549374,0.685154529,0
4.346281099,3.480376758,2.424750808,2.053387986,1.759139798,0.780176172,0.663452513,0.144500401,1.658482272,1.452471785,1.367233131,1.215698126,0.524795881,0.208247572,5.99512872,3.615026378,3.44676173,2.430324573,1.282690891,1.129042799,0.999445058,0,1.712973041,1.136207354,0.820846917,0.048255287,0.020453953,0,1
3.820629522,3.388881224,2.700532312,1.867285038,1.5614217,0.617974626,0.525518252,0.114458227,3.294470078,2.548663637,2.215285884,1.981055793,0.823278833,0.326690479,4.748719017,2.863448862,2.760059996,2.65432909,1.848048957,0.952513737,0.794942733,0.593742517,3.045134019,1.78243675,1.287711882,0.075700968,0.032087345,0.016933111,1
1.236242461,0.961702868,0.730656593,0.570463651,0.540392874,0.490213454,0.400661687,0.173425584,4.622778444,3.754357069,2.867655988,2.744104042,1.159143909,0.523368476,2.151229254,1.285430195,1.218024957,0.774923228,0.709710098,0.515391123,0.137634086,0.00945689,9.554448367,5.539063952,3.916059307,3.679989214,1.682690282,1.060330938,1
4.060194451,3.867895451,2.126860035,1.914793208,1.395749272,0.253086862,0.163816286,0.063655946,3.895970856,3.23070196,2.742396849,2.491100774,0.896964109,0.342750707,3.180512496,2.901261552,2.508041747,2.431573575,2.066277101,1.058858192,0.579427607,0.425041006,3.453775241,3.085066826,2.571913751,1.771707127,1.140270907,0.966737822,1
4.088374787,3.89474111,2.141621798,1.928083092,1.405436661,0.254843446,0.164953276,0.064097759,4.140523875,3.43349555,2.91453916,2.647469041,0.95326722,0.364265426,3.487671947,3.152546852,2.861777785,2.455297789,2.350512234,1.950579731,0.94773986,0.427991062,3.670571308,3.278718789,2.73335471,1.29263634,1.155848267,0.968001643,1
3.95872258,2.387085786,2.15181988,1.604799699,1.228356579,0.745533154,0.659956759,-0.037029903,4.64983582,4.423485477,3.415951958,2.220469939,1.546874948,0.915077976,3.891951932,3.707621238,1.155647317,0.487039051,0.258772999,0.176656749,0.081357641,0,4.183838468,3.469413822,2.945028557,2.675164581,1.927367012,1.094971004,1
2.014219292,1.486145242,1.391723526,0.755751704,0.622697125,0.413970079,-0.226502855,-0.209046548,3.979671029,3.635721153,3.307887104,3.095509811,2.028365949,1.353230307,2.779907731,2.512790624,2.281028236,1.957036502,1.873515408,1.554742464,0.755412035,0.348786019,3.631969188,3.05079899,2.128351904,1.402682906,1.254249595,1.050410943,0
4.164402001,3.177230341,2.459862106,2.353207585,2.23461224,1.519360816,0.792363112,0.522845387,4.192510332,3.983667077,3.171512645,2.061577146,1.436183389,0.03534516,3.350511405,2.971888566,1.684306975,1.426346862,0.578063489,0.518461486,0.111337892,0.010493925,4.082575775,3.233804163,2.745228297,2.454965502,1.020224236,0.40484163,1
3.053791786,2.329890321,1.803838028,1.725627351,1.638660365,1.114160347,0.581046681,0.383407017,5.101208461,4.847099849,3.858916462,2.508409985,1.74746638,0.043005983,2.270519762,2.179311433,1.736650108,1.200807984,1.004114319,0.397405243,0.337948679,-0.108901728,4.967446335,3.435673246,2.816777872,1.418939411,1.241350907,0.636703582,1
5.948941196,3.181167933,2.885686697,2.130242376,1.648672145,0.774050471,0.240021375,0.093267818,2.956693129,1.946302946,1.804573757,1.466499464,1.090133103,0.495897189,4.686206612,2.938703246,2.232688466,1.912095439,1.640563775,1.497959417,0.70658876,0.484940826,1.319994495,1.199723131,0.75728985,0.327566044,0.261214687,0.138656539,1
3.442672989,3.106489421,2.700532312,1.867285038,1.5614217,1.306320046,1.052010005,0.411983084,3.294470078,2.858218479,2.537059033,2.126674448,1.930374691,0.731803407,5.439541895,2.608504286,2.187991388,2.016913943,1.272944355,1.068066783,-0.098895292,-0.201597738,3.244101912,2.593831175,1.686045686,0.602348399,0.496238434,0.374903788,1
0.914162435,0.743412668,0.710837701,0.686517896,0.505088716,0.333024727,0.18454196,0.122883131,5.776075007,4.535794983,4.022812267,3.708263457,0.911595461,0.659185936,1.189430473,0.912518859,0.67000946,0.622720316,0.333906513,0.268672155,0.095972506,-0.035199805,7.488598535,4.537771536,4.128599339,2.910237849,2.531619143,1.688977155,0
0.914162435,0.743412668,0.710837701,0.686517896,0.505088716,0.418795964,0.18454196,0.122883131,5.776075007,4.137749761,1.772241012,0.972368491,0.741584178,0,1.049084592,0.51053779,0.482080841,0.318059073,0.177957656,-0.104636036,-0.095943383,-0.146634828,3.653749746,2.862033951,2.670539264,1.015664667,0.365308595,0,1
0.914162435,0.743412668,0.710837701,0.686517896,0.505088716,0.333024727,0.18454196,0.122883131,5.776075007,4.535794983,4.022812267,3.708263457,0.911595461,0.659185936,0.927003285,0.683967991,0.640512325,0.347819284,0.286583632,0.107969069,-0.061678013,-0.096209404,4.632308443,4.499596574,4.128599339,2.910237849,2.531619143,1.688977155,1
1.189430473,0.912518859,0.67000946,0.119965632,0,-0.052799708,-0.128279205,-0.132542234,7.488598535,4.537771536,4.128599339,2.910237849,0.281497629,0,1.049084592,0.51053779,0.482080841,0.318059073,-0.02548713,-0.045905083,-0.09300981,-0.071957537,3.653749746,2.862033951,2.670539264,1.06161128,0.952185625,0.324718751,1
1.8405336,1.23779139,1.10541626,1.060478321,0.905779476,0.490080971,0.398635597,0.035719423,3.099648367,2.817223753,2.734612867,2.179944598,1.605619615,1.422631537,3.002531864,2.846242663,2.203606198,2.108062402,2.001821715,1.361081543,0.709818758,0.498860807,4.322447643,3.366553275,2.459818151,2.255600847,1.645070607,0.089545449,1
4.801058058,2.774989167,2.562172497,1.729453706,1.583912724,1.017472016,0.307168208,0.021105643,3.707450015,2.578991332,1.823319445,1.713405075,0.783461554,0.515811829,4.344853295,2.15149064,2.10079473,0.628148332,0.108990148,-0.085798094,-0.077387935,-0.177318748,3.330003148,2.189536465,1.941619917,1.541833998,1.410419134,0.022785724,1
3.169851076,2.5777776,2.464824156,2.380495423,1.751391162,1.15476063,0.639897798,0.259186588,2.941468667,2.107150835,1.967119532,1.639142148,0.464230378,0.33569072,3.111268612,2.905615519,2.437205784,2.246642448,2.029345485,1.568698121,0.637558347,-0.076240991,2.955530682,2.363103205,0.994367666,0.548767956,0.452096746,0.369703979,1
4.088374787,2.186238919,1.983171181,1.921873273,1.305082473,0.531961626,0.164953276,-0.053822265,3.505026707,2.762346151,2.64684418,1.940725244,1.753714288,0.364265426,5.122485135,4.447061316,2.557890999,2.343956205,1.490413693,0.957410217,0.28903594,0.023555513,4.609841078,3.865856119,3.117640792,2.176429709,1.997293894,0.641360113,0
4.547416284,2.431709171,2.205841047,2.137660629,1.563238669,0.206408453,-0.07982055,-0.060315317,3.938974375,3.115035531,2.401346834,1.760721109,1.591055599,0.768756238,5.697636233,4.94637603,2.845090236,2.607134906,1.657756896,1.064907949,0.321488809,0.026200319,4.182273878,3.507294242,2.828476606,1.974563758,1.812042962,0.581873345,0
2.563155275,2.001315816,1.77493099,1.613822676,1.188437704,0.89649832,0.544479678,0.383407017,4.051862285,3.576101012,2.612927068,1.863964139,1.162958584,0.928974922,2.561160227,2.315062235,2.101536943,1.591557445,1.334239597,1.215954924,0.419058406,0.19790049,4.189931318,3.742634425,2.796105678,2.529745731,1.243087946,0,1
4.393441489,3.388881224,2.700532312,1.867285038,1.5614217,1.306320046,0.549310778,0.394138689,2.936476373,2.609546433,2.215285884,0.878164088,0.475053147,0.326690479,5.368331784,3.120428013,1.388471132,1.306191143,1.152983465,0.623833142,0.507430632,0.204201327,2.233745698,2.139115605,1.599745484,1.206557596,1.127513172,0.447861552,1
2.638564133,2.07077752,1.650161583,1.141005431,0.954107489,0.377613696,-0.091880821,-0.108275065,5.810929371,5.073780763,3.90741743,1.548943949,1.208427931,0.744817215,3.280321748,1.906739055,1.476931767,0.824858573,0.766222784,0.660497913,0.338838707,0.232549301,3.851670506,2.902320562,2.216852789,2.121340468,1.188160795,0.789957652,0
3.187226615,2.873804326,2.232967937,1.965480403,1.764610052,0.697679399,0.183365214,0.056453329,5.861891905,5.32844125,4.571580524,3.954099112,1.377733585,1.100537859,3.419585953,1.69331544,1.653415584,1.2245115,0.719758393,0.080418677,-0.060023806,-0.045680719,5.871254079,5.484975421,3.57933717,3.134154027,2.371554315,1.145872699,1
4.393441489,3.475544969,3.319720382,2.625517526,1.792593636,0.617974626,0.525518252,-0.112774013,4.330868604,3.227235995,2.796644165,2.126674448,0.882241558,0.731803407,4.668623723,2.311815741,2.257342066,1.023601356,0.349442483,0.109792399,-0.081948097,-0.062366056,3.286867987,3.070619987,2.003798269,1.754574133,1.36064605,1.180135677,1
5.88559485,5.32005699,4.829371813,4.131863996,3.511132071,2.794287512,0.963004176,0.454779085,0.916925494,0.628832852,0.55747592,0.387578817,0.21193566,0,9.410320283,5.798145454,4.505203355,3.922575671,2.197514845,1.407627722,1.169912684,0.277466225,0.781549038,0.60811119,0.5326703,0.170792344,0.016394701,0.009083879,1
3.982665201,3.336022122,2.875834641,2.474909763,2.016894816,1.217530474,0.65164581,0.307739979,3.969202629,2.722102315,2.413211215,1.677757756,0.91743068,0.777810722,3.170089374,2.631481502,2.266960803,2.151319398,2.051596701,1.474035145,0.921494728,0.655907143,3.228666913,2.660010363,2.45020553,2.158695657,1.94326611,0.995441843,1
5.572477802,3.433468348,2.667831161,2.348251302,1.301294996,0.833550187,0.69278327,0.164306244,3.581989382,3.096492982,2.712349112,0.869672031,0.083481567,0.046254972,3.485252963,3.150360305,2.85979291,2.446752045,2.079175303,1.654683865,0.570258953,0.269305005,4.668970753,3.202007376,2.838658954,1.973545477,1.079173177,0,0
4.31950253,4.229572506,2.095285628,2.030522371,1.484890092,0.852350504,0.090295189,-0.189903097,3.470874457,3.242520393,2.957648951,1.85279925,1.401977701,0.677398768,2.933029065,2.434698463,2.09743674,1.990443037,1.898177635,1.36380632,0.852585054,0.606858195,3.409415152,2.808923893,2.374525449,2.188858282,1.182565101,0.47829594,0
3.844725629,3.415611361,2.363251182,1.634071754,1.366409008,0.517369512,0.457134048,0.010471823,3.454175456,3.069607958,2.53942425,1.032983908,0.805895273,0.496715326,3.485252963,3.150360305,2.85979291,2.165807607,1.815646855,1.654683865,0.570258953,0.269305005,4.668970753,3.202007376,2.838658954,1.973545477,0,0,0
5.032771191,2.543878421,2.364185624,1.968140109,1.791444927,1.580249037,0.98146097,0.397172772,3.425714237,2.739039842,1.780434421,1.106455335,0.524019009,0.428518706,2.933029065,2.591777425,2.385010739,2.039174608,1.910825316,1.779541533,1.212272284,0.63943879,3.409415152,2.808923893,2.374525449,2.188858282,1.182565101,0.389094414,0
5.891592512,3.630090083,3.409877849,2.742257538,2.383417695,1.289826782,0.783363957,0.173715441,3.215607662,2.779769981,2.434918046,1.678013932,0.731923245,0.066615736,3.425727525,2.888773968,2.57454663,1.79352234,1.400116869,0.773813701,0.487758344,0.170046406,2.931880708,2.678487902,2.087986983,1.717811664,1.121562191,0.18685714,1
4.514516234,3.998471826,3.463648585,2.485113647,1.48937997,0.956746175,0.627421887,0.216626603,2.915136393,2.33924438,2.018909807,1.897204749,1.623194724,0.571143781,3.485252963,3.150360305,2.85979291,2.446752045,2.079175303,1.654683865,0.570258953,0.269305005,4.668970753,3.202007376,2.838658954,1.973545477,1.079173177,0,0
3.844725629,3.415611361,2.363251182,1.634071754,1.366409008,0.517369512,0.457134048,0.010471823,3.580489638,3.38368208,2.98434107,2.43784728,0.968422414,0.716351354,4.085539167,4.000480151,1.981795691,1.920540298,1.404461877,0.806183431,0.085404402,-0.054189142,3.687217856,3.388771775,2.455857493,2.063904537,1.620238086,1.388192913,1
2.793128497,2.608504286,2.187991388,2.016913943,1.821836496,1.408292234,1.060786963,0.429274022,3.244101912,2.593831175,1.686045686,1.047797224,0.496238434,0.405801027,3.702609892,3.122257386,2.782632813,1.938482704,1.513280473,0.836356728,0.527181119,0.183790304,2.776448691,2.536489364,1.97729352,1.626742839,1.062103199,0.176951013,0
6.367776932,3.92348993,3.048581678,2.683391663,2.548155926,1.394076256,0.846678877,0.187755886,3.045134019,2.632402029,2.305832226,0.739328793,0.070969658,0.039322447,3.170089374,2.801256277,2.577777797,2.203989669,2.065266623,1.923371907,1.310253462,0.691121046,3.228666913,2.660010363,2.248641309,2.072817184,1.119872073,0.368466791,0
4.514516234,3.998471826,3.463648585,2.485113647,1.48937997,0.956746175,0.627421887,0.284195255,2.915136393,2.358185758,2.27426537,1.938153415,1.778629452,1.442839755,4.085539167,4.000480151,1.981795691,1.920540298,1.404461877,0.806183431,0.085404402,-0.054189142,3.687217856,3.388771775,2.149900559,1.728253958,1.561717027,0.754580611,0
3.170089374,2.801256277,2.577777797,2.203989669,2.065266623,1.923371907,1.310253462,0.691121046,3.228666913,2.660010363,2.248641309,2.072817184,1.119872073,0.368466791,3.702609892,3.122257386,2.782632813,1.938482704,1.513280473,0.836356728,0.527181119,0.183790304,2.776448691,2.536489364,1.97729352,1.132910079,0.19906989,0.139866156,1
4.064898512,3.611210494,3.071470618,2.429180475,1.658542904,0.546997305,0.483312385,0.011071505,3.10086711,2.755634876,2.279680703,0.927325744,0.723464739,0.445909085,4.77304549,2.758798034,1.687147632,1.352534067,1.0789711,0.746270959,0.400626723,0.229031988,2.616963347,2.116980086,2.041643447,1.739910509,1.596703363,0.512724668,1
5.891592512,3.630090083,2.820607753,2.482726765,2.357604001,1.289826782,0.783363957,0.173715441,3.215607662,2.779769981,2.434918046,0.780718128,0.074942703,0.041523809,2.584257444,2.413439491,2.024372684,1.866088465,1.389844997,1.104143591,0.529563696,-0.063326692,3.425714237,2.739039842,1.780434421,1.106455335,0.652938302,0.465794675,1
3.657119449,3.336022122,2.875834641,2.474909763,2.074774377,1.89083889,0.65164581,0.307739979,3.969202629,2.866836223,2.646488361,2.316682766,1.572897896,0.815493938,4.668623723,4.571425159,2.264635828,2.19463812,1.60490544,0.921241221,0.097593243,-0.205251901,3.286867987,3.070619987,2.800850845,1.754574133,1.327652636,0.641486851,0
4.064898512,3.611210494,3.071470618,2.429180475,1.658542904,0.546997305,0.483312385,0.011071505,3.10086711,2.755634876,2.279680703,0.927325744,0.723464739,0.445909085,2.584257444,2.413439491,2.024372684,1.866088465,1.389844997,1.104143591,0.529563696,-0.063326692,3.425714237,2.739039842,1.780434421,1.106455335,0.652938302,0.465794675,1
4.668623723,4.571425159,2.264635828,2.19463812,1.60490544,0.921241221,0.097593243,-0.061922969,3.134591237,2.880875154,1.827681389,1.469229626,1.327652636,0.641486851,3.702609892,3.122257386,2.782632813,1.938482704,1.513280473,0.836356728,0.527181119,0.183790304,2.776448691,2.536489364,1.97729352,1.132910079,0.19906989,0.139866156,0
5.891592512,3.630090083,2.820607753,2.482726765,2.357604001,1.289826782,0.783363957,0.173715441,3.215607662,2.779769981,2.434918046,0.780718128,0.074942703,0.041523809,4.77304549,4.227449172,2.702496033,1.64028242,1.298432704,1.011535407,0.663351964,0.300470042,2.616963347,2.116980086,2.041643447,1.703150254,1.457167187,0.512724668,1
4.77304549,4.227449172,2.702496033,1.64028242,1.298432704,1.011535407,0.663351964,0.300470042,2.616963347,2.116980086,2.041643447,1.739910509,1.596703363,1.295259722,3.021511593,1.86877383,1.483063896,1.400400803,1.295896762,0.824449491,-0.061172108,-0.088142076,2.739450719,1.689358588,0.652741693,0.599511346,0.215628893,0.112556223,1
2.793128497,2.608504286,2.187991388,2.016913943,1.502178383,1.193385333,0.572365363,-0.068445033,3.244101912,2.593831175,1.686045686,1.047797224,0.618323143,0.441100831,5.368331784,3.620188666,3.056745808,2.33429368,1.635362753,1.214912241,1.044952915,0.415888761,2.233745698,1.645452498,1.252792413,0.718528357,0.503844246,0.38411569,1
5.891592512,3.630090083,2.820607753,2.482726765,2.357604001,1.289826782,0.732456346,0.173715441,3.215607662,2.779769981,2.434918046,0.780718128,0.046714285,0.017881066,3.021511593,1.86877383,1.483063896,1.400400803,1.295896762,0.824449491,-0.061172108,-0.088142076,2.739450719,1.689358588,0.652741693,0.599511346,0.215628893,0.112556223,0
4.393441489,3.90308441,2.700532312,1.867285038,1.5614217,0.591208033,0.522375817,0.011966352,2.936476373,2.609546433,2.158824705,0.878164088,0.68511066,0.422269464,5.368331784,3.620188666,3.056745808,2.33429368,1.635362753,1.214912241,1.044952915,0.415888761,2.233745698,1.645452498,1.252792413,0.718528357,0.503844246,0.38411569,1
2.748092135,2.566444802,2.152712248,1.867147116,1.477957281,1.174143206,0.563136553,-0.067341427,4.172394138,2.230460992,1.403772881,0.848271866,0.63823591,0.521920048,3.118974901,2.756088863,2.230408361,2.116631557,2.018516787,1.450267824,0.90663656,0.645331306,3.492440445,3.260878917,3.151326151,2.776401405,0.533140545,0,0
4.062960692,2.348372332,1.436151095,1.31329015,1.105265192,0.829537667,0.377098624,0.194958956,3.245131693,2.636891914,2.117816656,1.789684359,1.642380467,0.438537097,2.89642666,2.45757101,2.251465593,1.838431283,1.020623441,0.851307115,0.436724774,0.160823854,2.426274333,1.787275591,1.365158257,0.78045899,0.547271054,0.417222982,1
4.062960692,2.348372332,1.436151095,1.31329015,1.105265192,0.829537667,0.377098624,0.194958956,3.245131693,2.636891914,2.117816656,1.789684359,1.642380467,0.438537097,4.227963764,2.851169994,2.407416499,1.838431283,1.020623441,0.92585111,0.756717435,0.32754358,2.426274333,1.787275591,1.365158257,0.78045899,0.547271054,0.417222982,0
4.393441489,4.250608789,3.823429626,2.958561353,2.520496825,1.680556534,0.522375817,0.293737162,2.936476373,2.548663637,2.158824705,1.361986588,0.823278833,0.080432279,3.170089374,2.631481502,2.266960803,2.151319398,1.572304154,1.152016377,0.921494728,0.371424403,2.91923091,2.312888204,2.200716517,1.309801359,1.119872073,0.368466791,1
5.308434177,3.270778525,2.541419925,2.273415034,2.14750357,1.991479643,0.705825461,0.186631469,4.515641424,3.513550585,1.302182657,0.986805618,0.094725456,0.038069332,4.445462913,4.23340564,2.295095259,1.477924897,1.187751828,0.976177733,0.597692429,0.068923172,5.74575672,4.784988747,2.580579535,2.199197642,1.301685641,0.538882594,1
4.547416284,3.179995701,2.205841047,1.970052082,1.260257634,0.08873311,-0.145351586,-0.18558559,3.938974375,2.603740725,2.190288805,1.739301144,1.10601761,0.461867992,3.606482234,3.041196919,2.710389724,1.975109667,1.473992481,0.577681168,0,-0.237057774,3.327289167,3.039722509,2.695903386,0.254469182,0.188567158,0,1
4.060194451,2.839282813,1.969501585,1.758975654,1.125230402,0.079226017,-0.129778244,-0.178502848,4.085235018,3.580628157,2.625410211,2.180753142,1.147085876,0.479017915,3.220074486,2.715355288,1.813876823,1.68585373,1.316065149,0.515786928,0.213117589,-0.260462005,3.549331839,3.152592441,2.457570174,2.02187214,1.320083799,0.219931704,0
4.393441489,3.90308441,3.043091678,2.625517526,1.792593636,1.463832844,0.522375817,0.293737162,4.330868604,2.548663637,2.158824705,1.361986588,0.823278833,0.080432279,4.888915451,3.599976957,2.883877445,2.474909763,2.074774377,0.733101536,0.410319972,0.104792717,3.2022101,2.866836223,2.646488361,2.316682766,1.862362102,1.398131464,0
4.73571349,3.933933729,2.379537014,1.781899411,1.124618532,0.568881333,0.30967569,0.042082762,4.620415593,4.124007306,3.591648284,1.492326308,0.804276888,0.06491493,2.885195332,1.784463625,1.692689503,1.337221366,1.237432052,-0.065713852,-0.537700675,-0.420827621,3.694820975,2.278514266,1.474616108,1.328846799,0.758051291,0.258514162,1
10.93048936,6.19454141,3.358303888,2.162577308,1.737980839,1.50764407,1.328997744,0.438048478,2.364964983,1.913816786,1.034078074,0.462343895,0.38498087,0,3.260901028,2.822908005,2.699213401,1.997851484,1.825621981,1.405259483,1.124063191,0.800092561,2.785814326,2.538440844,2.352302105,2.060037548,1.17181872,0.949947514,0
7.979720263,4.522277639,2.268637133,1.578773045,1.268799636,1.100644037,0.926923115,0.352124763,3.035905151,1.839895612,1.363294862,0.609539136,0.507546244,0,3.297265283,2.780447086,2.478003041,1.805765317,1.657215919,1.263387679,0,-0.190882831,3.49309051,3.191194188,2.131905045,1.42533066,0.197963602,0,0
4.393441489,3.106489421,2.700532312,1.626480938,0.626850981,0.440605743,0.257218488,0.114458227,3.39575027,2.876548284,2.477867425,2.072471717,1.276862426,0.422269464,4.778023687,3.986778301,3.685479175,2.963898854,2.548155926,0.952513737,0.298500467,0.187755886,2.687243738,2.371713147,1.655265585,0.936589202,0.070969658,0,1
4.190100811,3.496216026,3.370496443,2.353207585,2.23461224,0.835309501,0.697127183,0.520684108,3.330088277,2.208832657,0.954366252,0.093810213,0.023606846,0,3.852840411,3.047888572,1.46709963,0.602149468,0.553025585,0.253764505,-0.131863302,-0.179022579,4.208084293,3.564678403,2.745228297,1.166178208,0.087214182,0.049836676,1
4.393441489,3.90308441,3.404615479,1.867285038,1.5614217,0.591208033,0,-0.112774013,4.330868604,2.981739478,2.796644165,0.941057662,0.823278833,0.422269464,4.668623723,4.571425159,3.198128062,2.19463812,1.941659628,1.50459885,-0.083154741,-0.29922218,3.286867987,2.17268538,2.003798269,1.416162812,0.721672707,0,0
7.979720263,4.522277639,3.524676395,2.205619435,1.515622123,1.100644037,0.638476757,0.073626235,5.415934794,2.501945807,0.6349366,0,0,0,5.670662161,4.188464191,3.422659001,3.209659452,2.533847917,2.150663717,1.890996333,0.565491292,6.799433124,5.974002256,2.901001086,0.930160315,0.626131815,0.079367075,1
4.547416284,4.452741202,3.11509783,2.147490399,2.052154204,0.08873311,0.043303304,-0.0607469,2.521414176,1.818349256,1.666741013,1.503681531,0.519601491,0,4.653975991,3.883273024,3.743635352,2.886949712,2.509176083,2.326875336,0.824697286,0.580728242,6.476694522,5.690443157,2.763303573,1.993663227,0.830634165,0.075599876,0