"Player","Country","CareerBatImpact","CareerBowlImpact","MatchesPlayed","TotalImpact","BatImpactperGame","BatImpactperGame_Z","BowlImpactperGame","BowlImpactperGame_Z","TotalImpactperGame","TotalImpactperGame_Z"
"A Athanaze ","WI",16.3678571428571,0,6,16.3678571428571,2.72797619047619,1.130442961939,0,-0.687008106444826,2.72797619047619,0.443434855494177
"A Balbirnie ","IRE",143.982995517028,0,57,143.982995517028,2.52601746521102,1.01279417739022,0,-0.687008106444826,2.52601746521102,0.325786070945396
"A Dananjaya ","SL",-3.033658008658,83.2217532467533,33,80.1880952380953,-0.091929030565394,-0.512261117138086,2.52187131050768,0.675058949808294,2.42994227994228,0.162797832670209
"A Flintoff ","ENG",6.58519736842105,20.1916666666667,7,26.7768640350877,0.940742481203007,0.0893100605279745,2.88452380952381,0.870928191715925,3.82526629072682,0.960238252243899
"A Khan ","ENG",-2.25,5.95,1,3.7,-2.25,-1.76942109470593,5.95,2.52659718377698,3.7,0.757176089071052
"A Martin ","WI",0,0,1,0,0,-0.458708894046135,0,-0.687008106444826,0,-1.14571700049096
"A Mishra ","IND",0,0,10,0,0,-0.458708894046135,0,-0.687008106444826,0,-1.14571700049096
"A Ndlovu ","ZIM",0.31330409356725,1.59999999999999,8,1.91330409356724,0.0391630116959063,-0.43589492193751,0.199999999999998,-0.578987760555019,0.239163011695904,-1.01488268249253
"A Nehra ","IND",-8.92975708502025,110.4,27,101.47024291498,-0.330731743889639,-0.651372952651308,4.08888888888889,1.52140785396904,3.75815714499925,0.870034901317731
"A Nel ","RSA",-3.25,8.65,2,5.4,-1.625,-1.40533437230043,4.325,1.64893187342228,2.7,0.243597501121855
"A Nortje ","RSA",-26.8333333333333,159.979761904762,38,133.146428571428,-0.706140350877193,-0.870063015500768,4.20999373433583,1.58681679043959,3.50385338345864,0.716753774938825
"A Shahzad ","ENG",-3.25,7.30833333333335,3,4.05833333333335,-1.08333333333333,-1.08979254621566,2.43611111111112,0.628739717796318,1.35277777777778,-0.461052828419347
"A Simelane ","RSA",-1.56071428571429,3.51666666666666,8,1.95595238095238,-0.195089285714286,-0.572355963825565,0.439583333333333,-0.449588387874518,0.244494047619047,-1.02194435170008
"A Symonds ","AUS",54.9127081855342,16.0858974358974,14,70.9986056214317,3.92233629896673,1.82620401357452,1.14899267399267,-0.066435176097103,5.07132897295941,1.75976883747742
"A Zampa ","AUS",-21.5934523809524,385.996739130434,96,364.403286749482,-0.224931795634921,-0.589740382426138,4.02079936594202,1.48463258486808,3.7958675703071,0.894892202441938
"AA Noffke ","AUS",0,0,2,0,0,-0.458708894046135,0,-0.687008106444826,0,-1.14571700049096
"AAP Atkinson ","ENG",-3.36538461538461,9.14558823529412,4,5.7802036199095,-0.841346153846154,-0.948825635745844,2.28639705882353,0.547878899232968,1.44505090497738,-0.400946736512876
"AB Agarkar ","IND",0.1138888888889,12.475,3,12.5888888888889,0.0379629629629667,-0.436593996833355,4.15833333333333,1.55891491851411,4.1962962962963,1.12232092168076
"AB Barath ","WI",-0.797368421052633,0,2,-0.797368421052633,-0.398684210526316,-0.690957898022695,0,-0.687008106444826,-0.398684210526316,-1.37796600446752
"AB Dinda ","IND",0.3,53.5916666666667,9,53.8916666666667,0.0333333333333333,-0.439290935517842,5.95462962962963,2.52909765474665,5.98796296296297,2.08980671922881
"AB de Villiers ","RSA",209.45469408393,0,76,209.45469408393,2.75598281689382,1.14675790724785,0,-0.687008106444826,2.75598281689382,0.459749800803024
"AC Agar ","AUS",0.670911529642233,169.920833333333,47,170.591744862975,0.0142747133966432,-0.450393320263956,3.61533687943262,1.26564159467764,3.62961159282926,0.81524827441368
"AC Botha ","IRE",-4.29826203208557,30.55,7,26.2517379679144,-0.614037433155081,-0.816409496400884,4.36428571428571,1.67015015565064,3.75024828113063,0.853740659249755
"AC Gilchrist ","AUS",40.4453236418754,0,13,40.4453236418754,3.11117874168272,1.35367329935694,0,-0.687008106444826,3.11117874168272,0.666665192912115
"AC Thomas ","RSA",0,0,1,0,0,-0.458708894046135,0,-0.687008106444826,0,-1.14571700049096
"AC Voges ","AUS",18.4396421107628,8.95,7,27.3896421107628,2.63423458725183,1.07583484502541,1.27857142857143,0.00355053335073581,3.91280601582326,1.07938537837615
"ACL Richards ","WI",-0.533333333333333,0,1,-0.533333333333333,-0.533333333333333,-0.769396230498826,0,-0.687008106444826,-0.533333333333333,-1.45640433694365
"AD Galiem ","RSA",0,0,1,0,0,-0.458708894046135,0,-0.687008106444826,0,-1.14571700049096
"AD Hales ","ENG",306.639127661944,0,74,306.639127661944,4.14377199543167,1.95519888869371,0,-0.687008106444826,4.14377199543167,1.26819078224889
"AD Mascarenhas ","ENG",6.06302910052909,35.0916666666667,14,41.1546957671958,0.433073507180649,-0.206426791982045,2.50654761904762,0.666782597549174,2.93962112622827,0.460355805567129
"AD Mathews ","SL",175.291659321818,140.96413192071,87,316.255791242529,2.01484665887147,0.715017371838958,1.62027737839897,0.188106507815619,3.63512403727044,0.903123879654577
"AD Poynter ","IRE",7.94068627450981,0,7,7.94068627450981,1.1343837535014,0.202113606373659,0,-0.687008106444826,1.1343837535014,-0.484894500071167
"AD Russell ","WI",176.303504144605,74.6193780856823,82,250.922882230287,2.15004273347079,0.793774324931684,0.909992415679052,-0.195519628951058,3.06003514914984,0.598254695980626
"ADS Fletcher ","WI",84.7238321494051,0,59,84.7238321494051,1.43599715507466,0.37781510207347,0,-0.687008106444826,1.43599715507466,-0.309193004371356
"AF Milne ","NZL",-16.7983044733045,189.179703410624,54,172.38139893732,-0.311079712468601,-0.639924882717395,3.50332784093748,1.20514531927249,3.19224812846888,0.565220436555094
"AG Cremer ","ZIM",-25.9351731601732,109.858333333333,28,83.9231601731602,-0.926256184291899,-0.998289019240791,3.9235119047619,1.43208745883099,2.99725572047001,0.433798439590196
"AG Prince ","RSA",-1.04166666666667,0,1,-1.04166666666667,-1.04166666666667,-1.0655200980553,0,-0.687008106444826,-1.04166666666667,-1.75252820450013
"AJ Finch ","AUS",475.936768021487,-6.1,102,469.836768021487,4.6660467453087,2.25944417169832,-0.0598039215686274,-0.719308307911877,4.60624282374007,1.54013586378644
"AJ Hall ","RSA",0.675,9.65,2,10.325,0.3375,-0.262102063947166,4.825,1.91898273814681,5.1625,1.65688067419964
"AJ Hosein ","WI",12.3552627970585,207.308333333333,74,219.663596130391,0.16696301077106,-0.361446469478793,2.80146396396396,0.826067425481279,2.96842697473502,0.464620956002486
"AJ Ireland ","ZIM",-1.33333333333333,1.45,1,0.116666666666668,-1.33333333333333,-1.23542723517786,1.45,0.0961394012562862,0.116666666666668,-1.13928783392158
"AJ McKay ","NZL",-3.75,8.42272727272727,2,4.67272727272727,-1.875,-1.55096906126263,4.21136363636364,1.58755667689398,2.33636363636364,0.0365876156313549
"AJ Redmond ","NZL",18.218315018315,5.96470588235294,7,24.183020900668,2.60261643118786,1.05741604372968,0.852100840336134,-0.226786968914297,3.454717271524,0.830629074815379
"AJ Strauss ","ENG",5.76607142857143,0,4,5.76607142857143,1.44151785714286,0.381031124987688,0,-0.687008106444826,1.44151785714286,-0.305976981457139
"AJ Turner ","AUS",-7.16476023976024,16.95,19,9.78523976023976,-0.377092644197907,-0.678379973836917,0.892105263157895,-0.205180510962654,0.515012618959987,-0.883560484799571
"AJ Tye ","AUS",-2.51689282939282,131.013175230566,31,128.496282401174,-0.0811900912707362,-0.50600526880224,4.22623145905053,1.59558681364032,4.14504136777979,1.08958154483808
"AK Kitchen ","NZL",7.08859649122806,6.975,5,14.0635964912281,1.41771929824561,0.367167542096693,1.395,0.0664338061365887,2.81271929824561,0.433601348233282
"AK Markram ","RSA",217.665067026623,27.0500000000001,56,244.715067026623,3.88687619690398,1.80554712983661,0.483035714285715,-0.426119681773458,4.36991191118969,1.37942744806315
"AK Perera ","SL",2.32954545454545,-4.8,6,-2.47045454545455,0.388257575757575,-0.232533808915447,-0.8,-1.11908949000406,-0.411742424242425,-1.35162329891951
"AL Phehlukwayo ","RSA",-7.55561497326203,131.244078947368,42,123.688463974106,-0.179895594601477,-0.563505049907959,3.12485902255639,1.00073365592233,2.94496342795491,0.437228606014366
"AM Blignaut ","ZIM",0.05,0,1,0.05,0.05,-0.429581956253695,0,-0.687008106444826,0.05,-1.11659006269852
"AM Ellis ","NZL",0.508333333333332,0.883333333333351,5,1.39166666666668,0.101666666666666,-0.399484120534841,0.17666666666667,-0.59159013424216,0.278333333333337,-0.991074254777001
"AM Fernando ","SL",3.05833333333332,4.325,7,7.38333333333333,0.436904761904761,-0.204194937621721,0.617857142857143,-0.353302395035239,1.0547619047619,-0.55749733265696
"AM Hardie ","AUS",22.1304822291235,28.9083333333333,14,51.0388155624569,1.58074873065168,0.462138504817259,2.06488095238095,0.428237667042513,3.64562968303263,0.890376171859772
"AM McCarthy ","WI",-1.5625,0.7,1,-0.8625,-1.5625,-1.36892570005988,0.7,-0.308936895830496,-0.8625,-1.67786259589038
"AM Phangiso ","RSA",-3.86447368421052,60.2,16,56.3355263157895,-0.241529605263158,-0.599409249796786,3.7625,1.3451246506072,3.52097039473684,0.745715400810413
"AM Rahane ","IND",35.8278820306038,0,20,35.8278820306038,1.79139410153019,0.584847597094134,0,-0.687008106444826,1.79139410153019,-0.102160509350692
"AN Cook ","ENG",7.0014880952381,0,4,7.0014880952381,1.75037202380952,0.560950646976406,0,-0.687008106444826,1.75037202380952,-0.126057459468421
"AN Petersen ","RSA",-1.64047619047619,0,2,-1.64047619047619,-0.820238095238095,-0.936529373545922,0,-0.687008106444826,-0.820238095238095,-1.62353747999075
"AP Devcich ","NZL",16.1189340813464,7.04999999999998,4,23.1689340813464,4.02973352033661,1.88876705729294,1.7625,0.26492119170911,5.7922335203366,2.15368824900205
"AR Adams ","NZL",0.425,2.875,4,3.3,0.10625,-0.396814151237201,0.71875,-0.298809988403327,0.825,-0.695624139640527
"AR Cusack ","IRE",2.5688145188145,64.8583333333334,18,67.4271478521479,0.142711917711917,-0.375573671057439,3.60324074074074,1.2591084492505,3.74595265845266,0.88353477819306
"AR McBrine ","IRE",-3.51570512820513,7.275,14,3.75929487179487,-0.251121794871795,-0.604997071997267,0.519642857142857,-0.406348100606127,0.268521062271062,-1.01134517260339
"AR Nurse ","WI",12.4513888888889,22.15,12,34.6013888888889,1.03761574074074,0.145742488614103,1.84583333333333,0.3099296691632,2.88344907407407,0.455672157777302
"AR Patel ","IND",74.4421516431597,217.680072463768,69,292.122224106927,1.07887176294434,0.169775720459861,3.15478365889518,1.01689600376204,4.23365542183953,1.1866717242219
"AR White ","IRE",4.19920634920635,0,6,4.19920634920635,0.699867724867726,-0.0510088203429624,0,-0.687008106444826,0.699867724867726,-0.738016926787789
"AS Joseph ","WI",4.76600782258678,130.202603917821,41,134.968611740408,0.116244093233824,-0.390992204598932,3.17567326628832,1.02817851684259,3.29191735952214,0.637186312243654
"AT Carey ","AUS",4.28903235137754,0,38,4.28903235137754,0.112869272404672,-0.392958168525958,0,-0.687008106444826,0.112869272404672,-1.07996627497078
"AT Rayudu ","IND",-5.10817307692308,0,6,-5.10817307692308,-0.85136217948718,-0.954660358861317,0,-0.687008106444826,-0.85136217948718,-1.64166846530614
"AU Rashid ","ENG",-27.6105614973262,412.929761904761,122,385.319200407435,-0.226316077846936,-0.590546780463669,3.38467017954722,1.14105811114323,3.15835410170029,0.550511330679562
"AY Patel ","NZL",-4.125,44.65,7,40.525,-0.589285714285714,-0.801990660885604,6.37857142857143,2.75806935354086,5.78928571428572,1.95607869265525
"Aamer Jamal ","PAK",8.34074675324675,-2.99264705882355,5,5.3480996944232,1.66814935064935,0.513052753251115,-0.59852941176471,-1.01027487686506,1.06961993888464,-0.497222123613949
"Aamer Yamin ","PAK",5.675,7.775,2,13.45,2.8375,1.19424482567483,3.8875,1.41263736678833,6.725,2.60688219246315
"Abbas Afridi ","PAK",12.1687271062271,115.639291803678,24,127.808018909905,0.507030296092796,-0.163344096182591,4.81830382515325,1.91536612253138,5.32533412124605,1.75202202634879
"Abdul Razzaq ","PAK",42.9959654987038,65.1380952380953,32,108.134060736799,1.3436239218345,0.324004113708012,2.03556547619048,0.412404327652415,3.37918939802497,0.736408441360427
"Abdul Samad ","PAK",6.11468253968254,0,5,6.11468253968254,1.22293650793651,0.25369901776927,0,-0.687008106444826,1.22293650793651,-0.433309088675556
"Abdullah Shafique ","PAK",-3.47086247086247,0,6,-3.47086247086247,-0.578477078477079,-0.79569421162922,0,-0.687008106444826,-0.578477078477079,-1.48270231807405
"Abdur Rauf ","PAK",0,0,1,0,0,-0.458708894046135,0,-0.687008106444826,0,-1.14571700049096
"Abdur Razzak ","BAN",-31.0541666666667,129.066666666667,28,98.0124999999999,-1.10907738095238,-1.10478945168618,4.60952380952381,1.80260367501552,3.50044642857143,0.697814223329346
"Abdur Rehman ","PAK",-2.1875,22.9833333333333,7,20.7958333333333,-0.3125,-0.640752255248884,3.28333333333333,1.0863259052462,2.97083333333333,0.445573649997314
"Abhishek Sharma ","IND",103.424948807953,17.8333333333333,17,121.258282141286,6.08382051811488,3.08535234138389,1.04901960784314,-0.120430802022791,7.13284012595802,2.9649215393611
"Abrar Ahmed ","PAK",-4.75,50.0967948717949,14,45.3467948717949,-0.339285714285714,-0.656355971923405,3.57834249084249,1.2456608614202,3.23905677655678,0.589304889496796
"Abu Hider ","BAN",8.98529411764705,3.36666666666666,12,12.3519607843137,0.748774509803921,-0.0225187226936666,0.280555555555555,-0.535479565682734,1.02933006535948,-0.5579982883764
"Abu Jayed ","BAN",-4.83333333333333,9.43333333333335,3,4.60000000000002,-1.61111111111111,-1.39724355624697,3.14444444444445,1.01131177615606,1.53333333333334,-0.385931780090917
"Abul Hasan ","BAN",1.34166666666668,7.13333333333335,4,8.47500000000003,0.335416666666669,-0.263315686355183,1.78333333333334,0.276173311072636,2.11875000000001,0.0128576247174527
"Afif Hossain ","BAN",77.2812918944568,12.6666666666667,63,89.9479585611234,1.22668717292788,0.255883925486952,0.201058201058201,-0.578416224333378,1.42774537398609,-0.322532298846426
"Afsar Zazai ","AFG",-0.21904761904762,0,4,-0.21904761904762,-0.0547619047619051,-0.490609825914046,0,-0.687008106444826,-0.0547619047619051,-1.17761793235887
"Aftab Ahmed ","BAN",27.4867742790896,-8.3,10,19.1867742790896,2.74867742790896,1.14250223503762,-0.83,-1.13529254188753,1.91867742790896,0.00720969315009135
"Aftab Alam ","AFG",-15.3333333333333,16.9652173913043,7,1.63188405797101,-2.19047619047619,-1.73474616876255,2.42360248447205,0.621983786915525,0.233126293995859,-1.11276238184702
"Agha Salman ","PAK",43.6022767529239,7.98333333333334,20,51.5856100862573,2.1801138376462,0.811291908545025,0.399166666666667,-0.47141749943975,2.57928050431286,0.339874409105275
"Ahmed Daniyal ","PAK",3.13863636363637,11.6083333333333,2,14.7469696969697,1.56931818181819,0.455479767121127,5.80416666666667,2.44783234823233,7.37348484848485,2.90331211535345
"Ahmed Shehzad ","PAK",145.737776514848,-1.3,54,144.437776514848,2.69884771323793,1.11347449504886,-0.0240740740740741,-0.700010555487118,2.67477363916386,0.413463939561742
"Ahsan Ali ","PAK",1.0125,0,2,1.0125,0.50625,-0.163798648897682,0,-0.687008106444826,0.50625,-0.850806755342508
"Aizaz Cheema ","PAK",-3.25,28,5,24.75,-0.65,-0.837359085347853,5.6,2.33756157846981,4.95,1.50020249312196
"Al-Amin Hossain ","BAN",-3.78333333333333,115.720168067227,26,111.936834733894,-0.14551282051282,-0.543475751467723,4.45077569489334,1.71686354375684,4.30526287438052,1.17338779228911
"Alok Kapali ","BAN",-8.24054834054833,6.15,6,-2.09054834054834,-1.37342472342472,-1.25878202368195,1.025,-0.133403833759557,-0.348424723424723,-1.39218585744151
"Aminul Islam ","BAN",0.575,32.4583333333334,10,33.0333333333334,0.0575,-0.425212915584829,3.24583333333334,1.06607209039186,3.30333333333334,0.640859174807031
"Amir Hamza ","AFG",-1.68676470588235,73.8982456140351,18,72.2114809081528,-0.0937091503267972,-0.513298105889155,4.10545808966862,1.53035690796576,4.01174893934182,1.0170588020766
"Anamul Haque ","BAN",43.9962565105007,0,18,43.9962565105007,2.44423647280559,0.965153579822287,0,-0.687008106444826,2.44423647280559,0.27814547337746
"Anwar Ali ","PAK",8.72884729649435,23.6474358974359,16,32.3762831939303,0.545552956030897,-0.140903153790263,1.47796474358975,0.111243207632707,2.02351769962064,-0.0296599461575559
"Arafat Minhas ","PAK",2.71181318681319,6.14166666666667,3,8.85347985347985,0.903937728937729,0.0678698659340363,2.04722222222222,0.418700156343909,2.95115995115995,0.486570022277945
"Arafat Sunny ","BAN",-1.20416666666667,38.3,9,37.0958333333333,-0.133796296296296,-0.536650422027757,4.25555555555556,1.61142480887721,4.12175925925926,1.07477438684946
"Ariful Haque ","BAN",-1.33472222222222,0.45,9,-0.884722222222215,-0.148302469135802,-0.54510082990581,0.05,-0.660003019972374,-0.0983024691358017,-1.20510384987818
"Arshad Iqbal ","PAK",-3.75,14.9,2,11.15,-1.875,-1.55096906126263,7.45,3.33674977795054,5.575,1.78578071668791
"Arshdeep Singh ","IND",5.23315018315018,272.858208763014,59,278.091358946164,0.088697460731359,-0.407039185624742,4.62471540276295,1.81080868079707,4.71341286349431,1.40376949517233
"Asad Ali ","PAK",0,0,2,0,0,-0.458708894046135,0,-0.687008106444826,0,-1.14571700049096
"Asad Shafiq ","PAK",16.5633336239634,0,10,16.5633336239634,1.65633336239634,0.506169482155084,0,-0.687008106444826,1.65633336239634,-0.180838624289742
"Asghar Afghan ","AFG",74.7413937002866,3.95,48,78.6913937002866,1.55711236875597,0.44836940796574,0.0822916666666667,-0.642562234958915,1.63940403542264,-0.194192826993175
"Asif Ali ","PAK",65.2803399895312,0,52,65.2803399895312,1.25539115364483,0.272605106701709,0,-0.687008106444826,1.25539115364483,-0.414402999743117
"Avesh Khan ","IND",2.10833333333333,59.6909663865546,23,61.7992997198879,0.0916666666666663,-0.405309508093329,2.59525940811107,0.714695988244862,2.68692607477774,0.309386480151534
"Awais Zia ","PAK",3.20595238095238,0,5,3.20595238095238,0.641190476190476,-0.0851905917840379,0,-0.687008106444826,0.641190476190476,-0.772198698228864
"Azam Khan ","PAK",3.9825396825397,0,13,3.9825396825397,0.306349206349208,-0.280248608524202,0,-0.687008106444826,0.306349206349208,-0.967256714969028
"Azmatullah Omarzai ","AFG",20.828661782037,55.7182900432901,39,76.5469518253272,0.534068250821462,-0.147593439674258,1.42867410367411,0.0846212477686197,1.96274235449557,-0.0629721919056379
"B Evans ","ZIM",2.46666666666667,15.6098484848485,5,18.0765151515151,0.493333333333335,-0.171323107827395,3.12196969696969,0.999173126176008,3.61530303030302,0.827850018348613
"B Fernando ","SL",-4.57023809523809,58.5333333333334,22,53.9630952380953,-0.207738095238095,-0.579724385588534,2.66060606060606,0.749989828271113,2.45286796536797,0.170265442682579
"B Geeves ","AUS",0,0,1,0,0,-0.458708894046135,0,-0.687008106444826,0,-1.14571700049096
"B Kumar ","IND",-19.6287878787879,312.309415584415,84,292.680627705627,-0.233676046176046,-0.594834247257195,3.7179692331478,1.32107350641663,3.48429318697175,0.726239259159436
"B Laughlin ","AUS",0,0,3,0,0,-0.458708894046135,0,-0.687008106444826,0,-1.14571700049096
"B Lee ","AUS",8.21190476190477,86.0039872408294,25,94.2158920027342,0.328476190476191,-0.267358782720183,3.44015948963318,1.17102798348659,3.76863568010937,0.903669200766407
"B Mavuta ","ZIM",5.9952380952381,10.8166666666667,7,16.8119047619048,0.856462585034014,0.0402137546706237,1.54523809523809,0.147577661203814,2.40170068027211,0.187791415874437
"B Muzarabani ","ZIM",-40.2083333333333,210.536438923395,54,170.328105590062,-0.744598765432099,-0.8924665324675,3.89882294302584,1.41875290789904,3.15422417759374,0.526286375431536
"B Sai Sudharsan","IND",0,0,1,0,0,-0.458708894046135,0,-0.687008106444826,0,-1.14571700049096
"B Stanlake ","AUS",-1.16071428571429,76.1416666666667,18,74.9809523809524,-0.064484126984127,-0.496273397151464,4.23009259259259,1.59767221854402,4.16560846560847,1.10139882139256
"B White ","IRE",-10.4583333333333,54.95,23,44.4916666666667,-0.454710144927536,-0.723595176144048,2.38913043478261,0.603365373260605,1.93442028985507,-0.120229802883443
"BA Carse ","ENG",-6.46617647058823,45.575,11,39.1088235294118,-0.58783422459893,-0.801145111889337,4.14318181818182,1.550731558977,3.55534759358289,0.749586447087667
"BA King ","WI",235.212743357976,0,65,235.212743357976,3.61865759012271,1.64929939634675,0,-0.687008106444826,3.61865759012271,0.962291289901924
"BA Parchment ","WI",2.46666666666667,0,1,2.46666666666667,2.46666666666667,0.978220037047568,0,-0.687008106444826,2.46666666666667,0.291211930602741
"BA Stokes ","ENG",82.9660284102831,63.7982142857143,43,146.764242695997,1.92944252116937,0.665266151717637,1.48367940199336,0.114329704519707,3.41312192316273,0.779595856237344
"BAW Mendis ","SL",-7.09285714285714,220.066666666666,37,212.973809523809,-0.191698841698842,-0.570380898787034,5.94774774774774,2.52538073844038,5.7560489060489,1.95499983965335
"BB McCullum ","NZL",312.414113745609,0,68,312.414113745609,4.59432520214131,2.21766359317404,0,-0.687008106444826,4.59432520214131,1.53065548672921
"BB Sran ","IND",0,0,2,0,0,-0.458708894046135,0,-0.687008106444826,0,-1.14571700049096
"BC Fortuin ","RSA",-6.95694444444445,50.7916666666667,25,43.8347222222223,-0.278277777777778,-0.62081648449317,2.03166666666667,0.410298573885814,1.75338888888889,-0.210517910607356
"BCJ Cutting ","AUS",1.95625,-0.324999999999999,4,1.63125,0.4890625,-0.173811033763833,-0.0812499999999998,-0.730891371962561,0.4078125,-0.904702405726394
"BE Hendricks ","RSA",-7.64772727272728,56.875,18,49.2272727272728,-0.424873737373738,-0.70621431240866,3.15972222222222,1.01956333035597,2.73484848484849,0.31334901794731
"BG Lister ","NZL",-9.375,22.8119565217391,9,13.4369565217391,-1.04166666666667,-1.0655200980553,2.53466183574879,0.681967134611582,1.49299516908213,-0.383552963443716
"BJ Bennett ","ZIM",81.4611239766391,20.8333333333333,29,102.294457309972,2.80900427505652,1.17764496151924,0.718390804597701,-0.299003990461318,3.52739507965422,0.878640971057923
"BJ Diamanti ","NZL",0,0,1,0,0,-0.458708894046135,0,-0.687008106444826,0,-1.14571700049096
"BJ Dwarshuis ","AUS",-10.3953007518797,48.875,10,38.4796992481203,-1.03953007518797,-1.06427545071354,4.8875,1.95273909623737,3.84796992481203,0.88846364552383
"BJ Haddin ","AUS",35.3172922890626,0,34,35.3172922890626,1.03874389085478,0.146399679777947,0,-0.687008106444826,1.03874389085478,-0.540608426666879
"BJ Hodge ","AUS",24.389161174075,1.1,15,25.489161174075,1.62594407827167,0.488466546389959,0.0733333333333334,-0.64740064628523,1.699277411605,-0.158934099895271
"BJ Jacobs ","NZL",3.96666666666667,0,3,3.96666666666667,1.32222222222222,0.311536794242831,0,-0.687008106444826,1.32222222222222,-0.375471312201996
"BJ McCarthy ","IRE",2.22495078021391,92.700432900433,39,94.9253836806469,0.057050020005485,-0.425475046370991,2.37693417693418,0.596778153303861,2.43398419693966,0.17130310693287
"BJ Rohrer ","AUS",1.60714285714285,0,1,1.60714285714285,1.60714285714285,0.477514106425141,0,-0.687008106444826,1.60714285714285,-0.209494000019686
"BJ Watling ","NZL",-2.80959595959596,0,5,-2.80959595959596,-0.561919191919192,-0.786048600994302,0,-0.687008106444826,-0.561919191919192,-1.47305670743913
"BKG Mendis ","SL",247.261786880242,0,77,247.261786880242,3.21119203740575,1.41193492021577,0,-0.687008106444826,3.21119203740575,0.724926813770944
"BM Duckett ","ENG",82.0994413458843,0,20,82.0994413458843,4.10497206729422,1.9325964268295,0,-0.687008106444826,4.10497206729422,1.24558832038467
"BM Tickner ","NZL",-7.54166666666667,26.3690476190476,16,18.827380952381,-0.471354166666667,-0.733290963860281,1.64806547619048,0.203114907490911,1.17671130952381,-0.53017605636937
"BM Wheeler ","NZL",3.275,14.1524291497976,6,17.4274291497976,0.545833333333333,-0.140739823145334,2.35873819163293,0.586950470173625,2.90457152496626,0.446210647028291
"BMAJ Mendis ","SL",20.7100448098513,40.425,22,61.1350448098513,0.941365673175058,0.0896730940040281,1.8375,0.305428821417791,2.77886567317506,0.395101915421819
"BOP Fernando ","SL",14.1971560846561,0,7,14.1971560846561,2.02816515495087,0.722775911974826,0,-0.687008106444826,2.02816515495087,0.0357678055299995
"BR Dunk ","AUS",16.1559523809524,0,5,16.1559523809524,3.23119047619048,1.42358478586435,0,-0.687008106444826,3.23119047619048,0.736576679419519
"BR McDermott ","AUS",13.9165990754005,0,24,13.9165990754005,0.579858294808352,-0.120918964419873,0,-0.687008106444826,0.579858294808352,-0.807927070864699
"BRM Taylor ","ZIM",82.7881208737782,8.15,41,90.9381208737782,2.01922246033605,0.717566445779976,0.198780487804878,-0.579646421200687,2.21800294814093,0.137920024579288
"BT Foakes","ENG",0,0,1,0,0,-0.458708894046135,0,-0.687008106444826,0,-1.14571700049096
"BV Sears ","NZL",-2.64999999999999,44.7166666666667,16,42.0666666666667,-0.165625,-0.555191875483592,2.79479166666667,0.822463706171614,2.62916666666667,0.267271830688023
"BV Vitori ","ZIM",-0.291666666666668,8.16590909090909,11,7.87424242424242,-0.0265151515151516,-0.474154997420914,0.742355371900826,-0.286060686215403,0.715840220385674,-0.760215683636317
"BW Hilfenhaus ","AUS",-9.875,33.65,7,23.775,-1.41071428571429,-1.28050463890426,4.80714285714286,1.90933806440664,3.39642857142857,0.628833425502386
"Babar Azam ","PAK",530.368557573539,0,119,530.368557573539,4.45687863507176,2.13759564099765,0,-0.687008106444826,4.45687863507176,1.45058753455282
"Bilawal Bhatti ","PAK",2.85,2.2166666666667,9,5.0666666666667,0.316666666666667,-0.27423828802735,0.2462962962963,-0.553983050858301,0.562962962962967,-0.82822133888565
"C Bosch ","RSA",-1.01666666666667,25.6083333333333,7,24.5916666666666,-0.145238095238096,-0.543315713347985,3.65833333333333,1.28886405378959,3.51309523809523,0.745548340441603
"C Campher ","IRE",52.3616000084031,4.08333333333334,41,56.4449333417364,1.2771121953269,0.285258455298925,0.0995934959349595,-0.633217487048478,1.37670569126186,-0.347959031749554
"C Connolly ","AUS",-1.0125,-1.65,5,-2.6625,-0.2025,-0.576672992105516,-0.33,-0.86524167716301,-0.5325,-1.44191466926853
"C Green ","AUS",72.9805479242979,10.925,18,83.9055479242979,4.05447488468322,1.90317986089742,0.606944444444444,-0.359196362320893,4.66141932912766,1.54398349857653
"C Jonker ","RSA",11.7291666666667,0,2,11.7291666666667,5.86458333333334,2.95763818452546,0,-0.687008106444826,5.86458333333334,2.27063007808063
"C Karunaratne ","SL",7.96265236956025,47.7146417308183,39,55.6772941003785,0.204170573578468,-0.339771622132799,1.22345235207226,-0.0262193751920975,1.42762292565073,-0.365990997324897
"C Kieswetter ","ENG",58.7676047482064,0,25,58.7676047482064,2.35070418992826,0.910667400123224,0,-0.687008106444826,2.35070418992826,0.223659293678398
"C Madande ","ZIM",18.7272435897436,0,26,18.7272435897436,0.720278599605522,-0.0391186947674209,0,-0.687008106444826,0.720278599605522,-0.726126801212247
"C Munro ","NZL",284.296217243409,-6.85,65,277.446217243409,4.3737879575909,2.08919210111532,-0.105384615384615,-0.743926519471379,4.26840334220629,1.34526558164394
"C Olphert ","IRE",0,0,2,0,0,-0.458708894046135,0,-0.687008106444826,0,-1.14571700049096
"C Sakariya ","IND",-1.23611111111111,2.31363636363637,2,1.07752525252526,-0.618055555555555,-0.818750208424905,1.15681818181818,-0.0622086057867283,0.538762626262628,-0.880958814211633
"C Wickramasinghe ","SL",3.43333333333332,-0.0249999999999995,3,3.40833333333333,1.14444444444444,0.207974348758597,-0.00833333333333316,-0.691508954190235,1.13611111111111,-0.483534605431638
"C Zhuwao ","ZIM",-4.17097902097902,0,5,-4.17097902097902,-0.834195804195804,-0.944660279956645,0,-0.687008106444826,-0.834195804195804,-1.63166838640147
"C de Grandhomme ","NZL",49.7572793148879,27.3539855072464,41,77.1112648221344,1.2135921784119,0.248255583673764,0.667170378225523,-0.326668231328049,1.88076255663742,-0.0784126476542848
"CA Ingram ","RSA",25.7899012236474,0,9,25.7899012236474,2.86554458040526,1.21058188065241,0,-0.687008106444826,2.86554458040526,0.523573774207582
"CA Lynn ","AUS",35.6095675888439,0,17,35.6095675888439,2.09468044640258,0.761523647102026,0,-0.687008106444826,2.09468044640258,0.0745155406571993
"CA Young ","IRE",-20.4929292929293,112.475,35,91.9820707070708,-0.585512265512265,-0.79979248073186,3.21357142857143,1.04864737983464,2.62805916305917,0.248854899102775
"CAK Rajitha ","SL",-8.36230158730159,39.6833333333334,18,31.3210317460318,-0.464572310405644,-0.72934026975164,2.20462962962963,0.503716169312742,1.74005731922399,-0.225624100438898
"CAK Walton ","WI",11.6748993071459,0,19,11.6748993071459,0.614468384586629,-0.100757245780621,0,-0.687008106444826,0.614468384586629,-0.787765352225447
"CB Mpofu ","ZIM",-11.3645833333333,64.5859805145274,29,53.2213971811941,-0.391882183908046,-0.686995453899237,2.22710277636302,0.515853954729604,1.83522059245497,-0.171141499169634
"CBRLS Kumara ","SL",-5.15,70.9650056465274,23,65.8150056465274,-0.223913043478261,-0.589146919812279,3.08543502810989,0.97944068833998,2.86152198463163,0.390293768527702
"CD Barnwell ","WI",8.76818181818182,1.55,6,10.3181818181818,1.46136363636364,0.392592060523811,0.258333333333333,-0.547481826337157,1.71969696969697,-0.154889765813346
"CD McMillan ","NZL",31.9905670997269,0,7,31.9905670997269,4.5700810142467,2.20354041412134,0,-0.687008106444826,4.5700810142467,1.51653230767651
"CE McConchie ","NZL",-1.90833333333334,15.3649122807017,10,13.4565789473684,-0.190833333333334,-0.569876706620614,1.53649122807017,0.142853463119158,1.34565789473684,-0.427023243501456
"CH Gayle ","WI",282.291688809887,55.875,78,338.166688809887,3.61912421551137,1.64957122372011,0.716346153846155,-0.300108309868348,4.33547036935752,1.34946291385176
"CH Morris ","RSA",5.61008527758021,108.413852813853,23,114.023938091433,0.243916751199139,-0.316617933271908,4.71364577451534,1.85884012838108,4.95756252571448,1.54222219510918
"CJ Anderson ","NZL",59.3237859640431,28.3333333333334,30,87.6571192973765,1.97745953213477,0.693237921544997,0.944444444444445,-0.176912028631841,2.92190397657922,0.516325892913157
"CJ Bowes ","NZL",18.8786999550157,0,8,18.8786999550157,2.35983749437697,0.915987903933565,0,-0.687008106444826,2.35983749437697,0.228979797488739
"CJ Boyce ","AUS",-2.75,23.7333333333333,7,20.9833333333333,-0.392857142857143,-0.687563405272448,3.39047619047619,1.14419394768717,2.99761904761905,0.456630542414719
"CJ Chibhabha ","ZIM",54.0191805676809,29.9984848484849,34,84.0176654161658,1.5887994284612,0.466828348302933,0.882308377896614,-0.210471825635485,2.47110780635782,0.256356522667448
"CJ Dala ","RSA",-5.60791316526611,32,10,26.3920868347339,-0.56079131652661,-0.785391569866355,3.2,1.04131742779211,2.63920868347339,0.255925857925757
"CJ Ferguson ","AUS",-4.50555555555555,0,3,-4.50555555555555,-1.50185185185185,-1.33359580329312,0,-0.687008106444826,-1.50185185185185,-2.02060390973795
"CJ Green ","AUS",-1.33333333333333,-0.8,1,-2.13333333333333,-1.33333333333333,-1.23542723517786,-0.8,-1.11908949000406,-2.13333333333333,-2.35451672518192
"CJ Jordan ","ENG",62.9451279441756,262.554278074866,91,325.499406019041,0.691704702683248,-0.0557640971302743,2.88521184697655,0.871299801934073,3.57691654965979,0.815535704803799
"CJ McKay ","AUS",-3.95,14.1659090909091,6,10.2159090909091,-0.658333333333333,-0.842213574979926,2.36098484848485,0.588163893424827,1.70265151515151,-0.254049681555099
"CK Coventry ","ZIM",15.5626373626373,0,13,15.5626373626373,1.1971259509721,0.238663368027461,0,-0.687008106444826,1.1971259509721,-0.448344738417365
"CK Kapugedera ","SL",89.397680067517,0,42,89.397680067517,2.12851619208374,0.781234280294344,0,-0.687008106444826,2.12851619208374,0.0942261738495179
"CK Langeveldt ","RSA",-6.83333333333333,55.3833333333334,9,48.55,-0.759259259259259,-0.901006838301703,6.15370370370371,2.63661790644253,5.39444444444445,1.73561106814082
"CK Tshuma ","ZIM",0,0,1,0,0,-0.458708894046135,0,-0.687008106444826,0,-1.14571700049096
"CL Cairns ","NZL",-5.94444444444444,4.15,2,-1.79444444444444,-2.97222222222222,-2.19014352948561,2.075,0.433702982161938,-0.897222222222222,-1.75644054732368
"CL White ","AUS",134.542525066353,2.5,47,137.042525066353,2.86260691630539,1.20887057746256,0.0531914893617021,-0.6582792910486,2.91579840566709,0.550591286413964
"CMW Read ","ENG",1.42954545454545,0,1,1.42954545454545,1.42954545454545,0.374056736474074,0,-0.687008106444826,1.42954545454545,-0.312951369970753
"CP Schofield ","ENG",2.27261904761905,11.6315217391304,4,13.9041407867495,0.568154761904763,-0.127736725916565,2.90788043478261,0.883543145412296,3.47603519668737,0.75580641949573
"CR Brathwaite ","WI",32.1179056694217,72.170054945055,40,104.287960614477,0.802947641735542,0.00903922618221264,1.80425137362638,0.287471180811591,2.60719901536192,0.296510406993803
"CR Ervine ","ZIM",76.2789518147353,0,49,76.2789518147353,1.55671330234154,0.448136936313175,0,-0.687008106444826,1.55671330234154,-0.238871170131651
"CR Woakes ","ENG",16.1474206349206,86.15,33,102.297420634921,0.489315776815777,-0.173663490202685,2.61060606060606,0.722984741798661,3.09992183742184,0.549321251595976
"CRD Fernando ","SL",-8.38333333333333,58.8666666666667,16,50.4833333333334,-0.523958333333333,-0.763934929662744,3.67916666666667,1.30011617315311,3.15520833333334,0.536181243490368
"CS Baugh ","WI",-2.75555555555556,0,3,-2.75555555555556,-0.918518518518518,-0.993781529047993,0,-0.687008106444826,-0.918518518518518,-1.68078963549282
"CS Martin ","NZL",-0.541666666666668,11.4166666666667,5,10.875,-0.108333333333334,-0.521817259263088,2.28333333333333,0.546224175797155,2.175,0.024406916534067
"CT Bancroft","AUS",0,0,1,0,0,-0.458708894046135,0,-0.687008106444826,0,-1.14571700049096
"CT Mumba ","ZIM",4.05625,-2.93333333333333,2,1.12291666666667,2.028125,0.722752520159705,-1.46666666666667,-1.47915730963676,0.561458333333333,-0.756404789477051
"CT Mutombodzi ","ZIM",-9.22507631257633,16.2916666666667,11,7.06659035409034,-0.838643301143302,-0.947251119295082,1.48106060606061,0.112915288307355,0.642417304917304,-0.834335830987727
"CT Tremlett ","ENG",0,0,1,0,0,-0.458708894046135,0,-0.687008106444826,0,-1.14571700049096
"CU Jayasinghe ","SL",6.79285714285715,0,5,6.79285714285715,1.35857142857143,0.332711615685588,0,-0.687008106444826,1.35857142857143,-0.354296490759239
"CV Varun ","IND",-9.375,108.507142857143,17,99.1321428571429,-0.551470588235294,-0.779961884403927,6.3827731092437,2.76033868853854,5.8313025210084,1.98037680413461
"D Bishoo ","WI",-4.775,25.7333333333333,7,20.9583333333333,-0.682142857142857,-0.856083545357278,3.67619047619048,1.29850872752975,2.99404761904762,0.442425182172472
"D Brevis ","RSA",58.4203076743518,0,10,58.4203076743518,5.84203076743518,2.94450044084594,0,-0.687008106444826,5.84203076743518,2.25749233440112
"D Cleaver ","NZL",11.4645021645022,0,3,11.4645021645022,3.82150072150072,1.76746338173217,0,-0.687008106444826,3.82150072150072,1.08045527528735
"D Ferreira ","RSA",11.0832251082251,-2.46666666666665,6,8.61655844155848,1.84720418470419,0.617359133510133,-0.411111111111108,-0.909049928551653,1.43609307359308,-0.29169079504152
"D Foxcroft ","NZL",9.8630731337628,0,4,9.8630731337628,2.4657682834407,0.977696694000833,0,-0.687008106444826,2.4657682834407,0.290688587556006
"D Ganga ","WI",2.99677419354839,0,1,2.99677419354839,2.99677419354839,1.28702821622332,0,-0.687008106444826,2.99677419354839,0.600020109778497
"D Gough ","ENG",0,0,2,0,0,-0.458708894046135,0,-0.687008106444826,0,-1.14571700049096
"D Madushanka ","SL",-11.75,26.5,15,14.75,-0.783333333333333,-0.915030919461026,1.76666666666667,0.267171615581817,0.983333333333334,-0.647859303879209
"D Mongia ","IND",4.81111111111111,0,1,4.81111111111111,4.81111111111111,2.34394978687085,0,-0.687008106444826,4.81111111111111,1.65694168042603
"D Myers ","ZIM",34.9881005826056,-14.2,20,20.7881005826056,1.74940502913028,0.560387335099045,-0.71,-1.07048033435365,1.03940502913028,-0.510092999254601
"D Padikkal ","IND",3.00217391304347,0,2,3.00217391304347,1.50108695652174,0.415732434026894,0,-0.687008106444826,1.50108695652174,-0.271275672417932
"D Paterson ","RSA",6.425,23.8934782608696,8,30.3184782608696,0.803125,0.00914254424492955,2.9866847826087,0.926105509961269,3.7898097826087,0.935248054206198
"D Pretorius ","RSA",44.8615995115995,100.502578580839,30,145.364178092439,1.49538665038665,0.412411784783003,3.35008595269465,1.1223791104085,4.8454726030813,1.5347908951915
"D Ramdin ","WI",50.9313934223726,0,70,50.9313934223726,0.727591334605323,-0.0348587432187849,0,-0.687008106444826,0.727591334605323,-0.721866849663611
"D Wiese ","RSA",12.6489364801865,73.9226190476191,20,86.5715555278056,0.632446824009324,-0.0902841080472209,3.69613095238095,1.30927861320627,4.32857777639028,1.21899450515904
"DA Miller ","RSA",382.271325469479,0,122,382.271325469479,3.13337152024163,1.36660145296748,0,-0.687008106444826,3.13337152024163,0.679593346522649
"DA Warner ","AUS",500.026603212035,0,107,500.026603212035,4.67314582441154,2.26357966040656,0,-0.687008106444826,4.67314582441154,1.57657155396173
"DAJ Bracewell ","NZL",21.8786047286047,49.9141304347826,20,71.7927351633874,1.09393023643024,0.178547864869315,2.49570652173913,0.660927302143734,3.58963675816937,0.839475167013049
"DAS Gunaratne ","SL",21.7806077816947,5.6593137254902,12,27.4399215071849,1.81505064847456,0.598628452518787,0.471609477124183,-0.432291012225496,2.28666012559874,0.166337440293291
"DBL Powell ","WI",-0.625,5.58333333333334,5,4.95833333333334,-0.125,-0.531526238527235,1.11666666666667,-0.0838945085600612,0.991666666666667,-0.615420747087296
"DC Drakes ","WI",-7.52261904761906,10.7916666666667,10,3.26904761904764,-0.752261904761906,-0.896930608118582,1.07916666666667,-0.104148323414399,0.326904761904764,-1.00107893153298
"DC Jurel ","IND",-5.12857142857143,0,4,-5.12857142857143,-1.28214285714286,-1.20560679886656,0,-0.687008106444826,-1.28214285714286,-1.89261490531138
"DC Thomas ","WI",-5.30249202551835,0,12,-5.30249202551835,-0.441874335459862,-0.716117819666437,0,-0.687008106444826,-0.441874335459862,-1.40312592611126
"DE Bernard ","WI",-0.625,1.575,1,0.95,-0.625,-0.822795616451633,1.575,0.163652117437417,0.95,-0.659143499014216
"DE Bollinger ","AUS",-0.625,30.5083333333333,9,29.8833333333333,-0.0694444444444444,-0.499162974313413,3.38981481481481,1.14383673754864,3.32037037037037,0.64467376323523
"DG Brownlie ","NZL",-14.575,0,5,-14.575,-2.915,-2.15680936734538,0,-0.687008106444826,-2.915,-2.8438174737902
"DJ Bravo ","WI",128.945257712069,217.191666666666,91,346.136924378736,1.41698085397878,0.366737369692231,2.38672161172161,0.60206436375942,3.80370246570039,0.968801733451652
"DJ Hooda ","IND",52.8955698856122,32.2102941176471,21,85.1058640032593,2.51883666121963,1.00861108076708,1.53382352941177,0.141412634460103,4.0526601906314,1.15002371522719
"DJ Hussey ","AUS",78.8076595362677,74.9262820512821,39,153.73394158755,2.02070921887866,0.718432540251632,1.92118671926364,0.350628163224001,3.9418959381423,1.06906070347563
"DJ Malan ","ENG",276.756901337365,0.2,62,276.956901337365,4.46382098931234,2.14163983139962,0.00322580645161291,-0.685265842801442,4.46704679576395,1.45637398859818
"DJ Mitchell ","NZL",182.566426201153,0.109740259740256,71,182.676166460893,2.57135811550919,1.03920686340429,0.00154563746113037,-0.686173304978968,2.57290375297032,0.353033558425326
"DJ Vilas","RSA",0,0,1,0,0,-0.458708894046135,0,-0.687008106444826,0,-1.14571700049096
"DJ Willey ","ENG",16.7719845513963,148.280952380952,43,165.052936932348,0.390046152358053,-0.231491893727865,3.44839424141749,1.17547558716688,3.83844039377554,0.943983693439017
"DJG Sammy ","WI",83.2065213381389,123.757530151008,66,206.964051489147,1.26070486875968,0.275700551693649,1.87511409319709,0.325744258205197,3.13581896195677,0.601444809898847
"DJM Short ","AUS",78.3672819981423,2.225,22,80.5922819981423,3.56214918173374,1.61638105842885,0.101136363636364,-0.632384181534639,3.6632855453701,0.983996876894208
"DK Butler ","WI",0,0,1,0,0,-0.458708894046135,0,-0.687008106444826,0,-1.14571700049096
"DL Chahar ","IND",9.44632352941177,96.5793290043291,25,106.025652533741,0.377852941176471,-0.238594911799385,3.86317316017316,1.39949839852582,4.24102610134963,1.16090348672644
"DL Maddy ","ENG",18.271146953405,9.15,4,27.421146953405,4.56778673835126,2.20220390949564,2.2875,0.54847459966986,6.85528673835126,2.7506785091655
"DL Vettori ","NZL",4.22576447245564,146.979385964912,33,151.205150437368,0.128053468862292,-0.384112785612973,4.45392078681552,1.71856221334328,4.58197425567781,1.3344494277303
"DM Bravo ","WI",35.2695648570648,0,26,35.2695648570648,1.35652172527172,0.331517584075518,0,-0.687008106444826,1.35652172527172,-0.355490522369308
"DM Richards ","WI",-3.75,0,1,-3.75,-3.75,-2.64322922847912,0,-0.687008106444826,-3.75,-3.33023733492395
"DM de Silva ","SL",78.5225486665379,57.6461538461539,41,136.168702512692,1.915184113818,0.656960076838781,1.40600375234522,0.0723769518086692,3.32118786616321,0.72933702864745
"DN Wellalage ","SL",-0.493650793650798,22.5678571428571,4,22.0742063492063,-0.1234126984127,-0.530601573835412,5.64196428571429,2.36022656175919,5.51855158730159,1.82962498792378
"DO Christian ","WI",-3.75,0,2,-3.75,-1.875,-1.55096906126263,0,-0.687008106444826,-1.875,-2.23797716770745
"DP Conway ","NZL",203.084632023473,0,50,203.084632023473,4.06169264046947,1.90738448337316,0,-0.687008106444826,4.06169264046947,1.22037637692834
"DP Hyatt ","WI",7.63364968364968,0,5,7.63364968364968,1.52672993672994,0.430670463813634,0,-0.687008106444826,1.52672993672994,-0.256337642631192
"DP Nannes ","AUS",0.1690476190476,92.425,15,92.5940476190476,0.01126984126984,-0.452143774734189,6.16166666666667,2.64091871651036,6.17293650793651,2.18877494177617
"DPMD Jayawardene ","SL",189.471616744242,-0.3,52,189.171616744242,3.64368493738927,1.66387879608561,-0.00576923076923077,-0.690124077960878,3.63791570662003,0.973754718124729
"DR Briggs ","ENG",0,0,7,0,0,-0.458708894046135,0,-0.687008106444826,0,-1.14571700049096
"DR Flynn ","NZL",3.54248120300753,0.2,5,3.74248120300753,0.708496240601505,-0.0459823755225847,0.04,-0.665404037266864,0.748496240601505,-0.711386412789449
"DR Martyn ","AUS",18.8079365079365,0,4,18.8079365079365,4.70198412698412,2.28037908930799,0,-0.687008106444826,4.70198412698412,1.59337098286316
"DR Mousley ","ENG",1.08333333333333,3.175,4,4.25833333333333,0.270833333333331,-0.300937981003754,0.79375,-0.258302358694648,1.06458333333333,-0.559240339698402
"DR Sams ","AUS",23.4833333333333,7.52782000608085,10,31.0111533394142,2.34833333333333,0.909286284272122,0.752782000608085,-0.280429246018289,3.10111533394142,0.628857038253833
"DR Smith ","WI",80.8594937422893,9.26666666666664,33,90.1261604089559,2.45028768916028,0.968678647868918,0.28080808080808,-0.535343176357116,2.73109576996836,0.433335471511802
"DR Tuffey ","NZL",0.175,5.85,3,6.025,0.0583333333333333,-0.424727466621622,1.95,0.366190265980807,2.00833333333333,-0.0585372006408147
"DS Kulkarni ","IND",-0.625,10.275,2,9.65,-0.3125,-0.640752255248884,5.1375,2.08776452859963,4.825,1.44701227335075
"DS Smith ","WI",31.697386817975,0,6,31.697386817975,5.28289780299584,2.6187838193874,0,-0.687008106444826,5.28289780299584,1.93177571294257
"DSK Madushanka ","SL",0,0,2,0,0,-0.458708894046135,0,-0.687008106444826,0,-1.14571700049096
"DT Christian ","AUS",12.7593406593407,17.7416666666667,23,30.5010073260074,0.554753941710463,-0.135543223039906,0.771376811594204,-0.270386156445908,1.32613075330467,-0.405929379485814
"DT Johnston ","IRE",35.2904119981326,74.75,16,110.040411998133,2.20565074988329,0.826168149627839,4.671875,1.83627966082492,6.87752574988329,2.66244781045276
"DT Tiripano ","ZIM",4.518378190437,22.2199275362319,16,26.7383057266689,0.282398636902313,-0.294200743451666,1.38874547101449,0.0630557242146263,1.6711441079168,-0.23114501923704
"DW Steyn ","RSA",-13.95,210.649122807017,45,196.699122807017,-0.31,-0.639295908359262,4.68109161793372,1.84125757211059,4.37109161793372,1.20196166375133
"Danish Aziz ","PAK",3.62575757575757,5.36666666666667,2,8.99242424242423,1.81287878787878,0.597363259549446,2.68333333333333,0.762264867576772,4.49621212121212,1.35962812712622
"Darwish Rasooli ","AFG",10.753663003663,0,7,10.753663003663,1.53623757195185,0.436209029806874,0,-0.687008106444826,1.53623757195185,-0.250799076637952
"Dawlat Ahmadzai ","AFG",-1.33333333333333,2.4,2,1.06666666666667,-0.666666666666666,-0.847068064611999,1.2,-0.0388860311059746,0.533333333333334,-0.885954095717974
"Dawlat Zadran ","AFG",-9.19166666666666,60.9727591036415,16,51.7810924369749,-0.574479166666666,-0.793365273057188,3.81079744397759,1.37121018362747,3.23631827731093,0.577844910570277
"Dhiman Ghosh ","BAN",-2.375,0,1,-2.375,-2.375,-1.84223843918703,0,-0.687008106444826,-2.375,-2.52924654563185
"E Chigumbura ","ZIM",76.574805056055,16.925,50,93.499805056055,1.5314961011211,0.433446939288233,0.3385,-0.504183671026325,1.8699961011211,-0.0707367317380921
"E Leie ","RSA",0,0,2,0,0,-0.458708894046135,0,-0.687008106444826,0,-1.14571700049096
"E Lewis ","WI",270.244900502197,0,63,270.244900502197,4.28960159527298,2.0401502823512,0,-0.687008106444826,4.28960159527298,1.35314217590637
"EC Joyce ","IRE",10.9259538863392,0,8,10.9259538863392,1.3657442357924,0.336890053880037,0,-0.687008106444826,1.3657442357924,-0.35011805256479
"EC Joyce ","ENG",-2.79166666666667,0,2,-2.79166666666667,-1.39583333333333,-1.27183590741841,0,-0.687008106444826,-1.39583333333333,-1.95884401386324
"EC Rainsford ","ZIM",-1.875,-3.76666666666666,2,-5.64166666666666,-0.9375,-1.00483897765438,-1.88333333333333,-1.70419969690719,-2.82083333333333,-2.70903867456157
"EJG Morgan ","ENG",359.460798327378,0,113,359.460798327378,3.18106901174671,1.39438709032595,0,-0.687008106444826,3.18106901174671,0.707378983881128
"EMDY Munaweera ","SL",27.1620063088756,-4.75,13,22.4120063088756,2.08938510068274,0.7584389029946,-0.365384615384615,-0.88435296912813,1.72400048529812,-0.125914066133531
"EP Thompson ","NZL",-0.625,6.95,1,6.325,-0.625,-0.822795616451633,6.95,3.06669891322602,6.325,2.24390329677439
"Ebadot Hossain ","BAN",0,0,3,0,0,-0.458708894046135,0,-0.687008106444826,0,-1.14571700049096
"Elias Sunny ","BAN",0.841666666666675,31.05,4,31.8916666666667,0.210416666666669,-0.336133030836283,7.7625,3.50553156840337,7.97291666666667,3.16939853756709
"F Behardien ","RSA",73.4581099148554,12.35,38,85.8081099148554,1.93310815565409,0.66740152586976,0.325,-0.511475044373887,2.25810815565409,0.155926481495873
"F Hand ","IRE",-3.34999999999999,-10.6476190476191,13,-13.9976190476191,-0.257692307692307,-0.608824650361017,-0.81904761904762,-1.12937714199357,-1.07673992673993,-1.73820179235458
"F Mutizwa ","ZIM",0.13529411764705,0,3,0.13529411764705,0.0450980392156834,-0.432437538390211,0,-0.687008106444826,0.0450980392156834,-1.11944564483504
"F du Plessis ","RSA",215.799494153613,5.9,46,221.699494153613,4.69129335116551,2.27415129806355,0.128260869565217,-0.617734188972014,4.81955422073072,1.65641710909154
"FA Allen ","WI",33.4915151841622,75.6606060606061,39,109.152121244768,0.858756799593902,0.0415502235659911,1.94001554001554,0.360797641875586,2.79877233960944,0.402347865441578
"FH Allen ","NZL",202.12140209839,0,46,202.12140209839,4.39394352387805,2.10093349962366,0,-0.687008106444826,4.39394352387805,1.41392539317884
"FH Edwards ","WI",-9.45,48.5963146502621,26,39.1463146502621,-0.363461538461538,-0.670439326460409,1.86908902501008,0.322490108457343,1.50562748654854,-0.347949218003066
"FL Reifer ","WI",2.85,0,1,2.85,2.85,1.20152656012294,0,-0.687008106444826,2.85,0.514518453678109
"Faheem Ashraf ","PAK",44.3784003374077,116.173809523809,54,160.552209861217,0.821822228470513,0.0200344044559627,2.15136684303351,0.474948846156899,2.97318907150402,0.494983250612861
"Fakhar Zaman ","PAK",239.865943874458,-2.3,86,237.565943874458,2.78913888226114,1.16607260031578,-0.0267441860465116,-0.701452687581254,2.76239469621463,0.464619912734521
"Fareed Ahmad ","AFG",-0.86111111111111,77.548440285205,26,76.6873291740939,-0.0331196581196581,-0.478002378481298,2.98263231866173,0.923916767174984,2.94951266054207,0.445914388693686
"Farhad Reza ","BAN",-1.19743589743589,0.850000000000001,10,-0.347435897435884,-0.119743589743589,-0.528464175836234,0.0850000000000001,-0.641099459441657,-0.0347435897435884,-1.16956363527789
"Fawad Ahmed ","AUS",-1.375,8.65,2,7.275,-0.6875,-0.859204288692183,4.325,1.64893187342228,3.6375,0.789727584730102
"Fawad Alam ","PAK",16.5828167522133,18.5833333333333,22,35.1661500855466,0.753764397827878,-0.019611919532366,0.84469696969697,-0.230785812251127,1.59846136752485,-0.250397731783493
"Fazal Niazai ","AFG",0.05,-2.8,1,-2.75,0.05,-0.429581956253695,-2.8,-2.19929294890215,-2.75,-2.62887490515584
"Fazalhaq Farooqi ","AFG",-6.03333333333333,154.503873319663,36,148.470539986329,-0.167592592592593,-0.556338074424498,4.29177425887952,1.63098659318089,4.12418166628693,1.07464851875639
"G Coetzee ","RSA",2.08251262626262,23.0079192546584,12,25.0904318809211,0.173542718855218,-0.357613534517599,1.91732660455487,0.34854330859392,2.09086932341009,-0.00907022592367884
"G Gambhir ","IND",120.061484117858,0,36,120.061484117858,3.33504122549606,1.48408187215878,0,-0.687008106444826,3.33504122549606,0.797073765713958
"G Motie ","WI",3.55378787878788,84.0916666666667,36,87.6454545454546,0.0987163299663299,-0.40120280600559,2.33587962962963,0.574604521302928,2.43459595959596,0.173401715297338
"G Wijekoon ","SL",-3.75,-0.475,2,-4.225,-1.875,-1.55096906126263,-0.2375,-0.815282267188974,-2.1125,-2.3662513284516
"GA Lamb ","ZIM",-2.67619047619048,14,5,11.3238095238095,-0.535238095238095,-0.770505828129015,2.8,0.825276736012494,2.2647619047619,0.054770907883479
"GA Stuurman ","RSA",0,0,1,0,0,-0.458708894046135,0,-0.687008106444826,0,-1.14571700049096
"GB Brent ","ZIM",-2.5,11.0583333333334,3,8.55833333333335,-0.833333333333333,-0.944157857253465,3.68611111111112,1.30386687960762,2.85277777777778,0.359709022354156
"GB Hogg ","AUS",5.875,21.8333333333333,15,27.7083333333333,0.391666666666667,-0.23054788133869,1.45555555555555,0.0991399664198915,1.84722222222222,-0.131407914918798
"GC Smith ","RSA",138.352714835694,-12.15,32,126.202714835694,4.32352233861543,2.05991042997538,-0.3796875,-0.89207798184501,3.94383483861543,1.16783244813037
"GC Tonge ","WI",0,0,1,0,0,-0.458708894046135,0,-0.687008106444826,0,-1.14571700049096
"GC Wilson ","IRE",49.4001084609965,0,33,49.4001084609965,1.49697298366656,0.413335885398245,0,-0.687008106444826,1.49697298366656,-0.273672221046581
"GD Elliott ","NZL",9.81220821662,38.3,16,48.11220821662,0.61326301353875,-0.101459421131188,2.39375,0.605860408423821,3.00701301353875,0.504400987292633
"GD McGrath ","AUS",-2.08333333333333,13.775,2,11.6916666666667,-1.04166666666667,-1.0655200980553,6.8875,3.03294255513546,5.84583333333333,1.96742245708016
"GD Phillips ","NZL",278.804531901923,13.5886363636364,76,292.39316826556,3.66848068292004,1.67832327883745,0.178797846889952,-0.590439080117798,3.84727852981,1.08788419871965
"GE Mathurin ","WI",-1.625,13.1,3,11.475,-0.541666666666667,-0.7742507201309,4.36666666666667,1.67143611214933,3.825,0.897185392018428
"GF Linde ","RSA",23.1242673992674,72.9416666666667,22,96.0659340659341,1.05110306360306,0.153599376894051,3.31553030303031,1.10371554426255,4.36663336663337,1.2573149211566
"GH Bodi ","RSA",-1.95,0,1,-1.95,-1.95,-1.59465946795129,0,-0.687008106444826,-1.95,-2.28166757439611
"GH Dockrell ","IRE",82.9435488752342,79.250851393189,80,162.194400268423,1.03679436094043,0.14526400304715,0.990635642414862,-0.151964082722695,2.02743000335529,-0.0067000796755459
"GH Worker ","NZL",14.8212550607287,2.2,2,17.0212550607287,7.41062753036437,3.85826884755117,1.1,-0.0928962040508789,8.51062753036437,3.76537264350029
"GHS Garton ","ENG",-2.25,-0.175,1,-2.425,-2.25,-1.76942109470593,-0.175,-0.781525909098409,-2.425,-2.55094700380434
"GI Hume ","IRE",5.37450980392157,23.15,9,28.5245098039216,0.597167755991286,-0.110835532437954,2.57222222222222,0.702253564304656,3.16938997821351,0.591418031866702
"GJ Bailey ","AUS",63.6061330597922,0,29,63.6061330597922,2.19331493309628,0.818982058264359,0,-0.687008106444826,2.19331493309628,0.131973951819533
"GJ Batty ","ENG",-1.82142857142857,0.866666666666665,1,-0.954761904761907,-1.82142857142857,-1.51976162791359,0.866666666666665,-0.218919940922323,-0.954761904761907,-1.73868156883591
"GJ Delany ","IRE",62.4185680723793,76.8372294372295,45,139.255797509609,1.38707929049732,0.349318550103804,1.70749398749399,0.23521234922452,3.09457327799131,0.584530899328323
"GJ Hopkins ","NZL",3.82090336134454,0,10,3.82090336134454,0.382090336134454,-0.236126465012522,0,-0.687008106444826,0.382090336134454,-0.923134571457348
"GJ Maxwell ","AUS",451.040820825285,97.0108974358969,120,548.051718261182,3.75867350687737,1.73086409429204,0.808424145299141,-0.250376827440396,4.56709765217651,1.48048726685165
"GJ Snyman ","RSA",-2.66666666666667,-2.3,1,-4.96666666666667,-2.66666666666667,-2.01214557630959,-2.3,-1.92924208417762,-4.96666666666667,-3.94138766048722
"GJ Thompson ","IRE",-5.01249999999999,0,7,-5.01249999999999,-0.716071428571428,-0.875848253145005,0,-0.687008106444826,-0.716071428571428,-1.56285635958983
"GJP Kruger ","RSA",-1.875,0.0750000000000002,1,-1.8,-1.875,-1.55096906126263,0.0750000000000002,-0.646500476736148,-1.8,-2.19746953799878
"GL Cloete ","RSA",-0.650000000000007,0,2,-0.650000000000007,-0.325000000000004,-0.648033989696996,0,-0.687008106444826,-0.325000000000004,-1.33504209614182
"GO Jones ","ENG",5.19967532467533,0,2,5.19967532467533,2.59983766233766,1.05579730318089,0,-0.687008106444826,2.59983766233766,0.368789196736064
"GP Swann ","ENG",-2.34639804639806,193.391666666666,39,191.045268620268,-0.0601640524717451,-0.493756786319847,4.95876068376068,1.99122711477823,4.89859663128893,1.49747032845839
"GR Adair ","IRE",40.3497360805413,0,10,40.3497360805413,4.03497360805413,1.89181961147245,0,-0.687008106444826,4.03497360805413,1.20481150502762
"GS Ballance ","ZIM",3.68620689655173,0,1,3.68620689655173,3.68620689655173,1.68864948527236,0,-0.687008106444826,3.68620689655173,1.00164137882753
"GSNFG Jayasuriya ","SL",14.7006542069042,-5.275,17,9.4256542069042,0.864744365112012,0.0450382125334737,-0.310294117647059,-0.854598496023867,0.554450247464953,-0.809560283490394
"GW Aldridge ","NZL",0,0,1,0,0,-0.458708894046135,0,-0.687008106444826,0,-1.14571700049096
"Gulbadin Naib ","AFG",94.8689442350329,68.9178571428572,53,163.78680137789,1.78998007990628,0.584023874696599,1.30033692722372,0.01530611681516,3.09031700713,0.599329991511759
"H Davids ","RSA",11.0520748987854,4.15,9,15.2020748987854,1.22800832208727,0.256653546074551,0.461111111111111,-0.437961197865545,1.68911943319838,-0.181307651790994
"H Klaasen ","RSA",142.377743944864,-3.3,54,139.077743944864,2.63662488786784,1.07722728777237,-0.0611111111111111,-0.72001432324449,2.57551377675673,0.357212964527882
"H Masakadza ","ZIM",186.397575270415,-0.399999999999999,58,185.997575270415,3.21375129776578,1.4134257885618,-0.00689655172413791,-0.690732945958268,3.20685474604164,0.72269284260353
"HB Shipley ","NZL",-1.25,-0.408333333333315,5,-1.65833333333331,-0.25,-0.604343583008334,-0.0816666666666629,-0.731116414349829,-0.331666666666663,-1.33545999735816
"HC Brook ","ENG",126.85110657486,0,43,126.85110657486,2.95002573429907,1.25979542693437,0,-0.687008106444826,2.95002573429907,0.572787320489549
"HD Rutherford ","NZL",20.0731842231842,0,8,20.0731842231842,2.50914802789803,1.00296707636604,0,-0.687008106444826,2.50914802789803,0.315958969921217
"HDRL Thirimanne ","SL",22.7176405831011,0,26,22.7176405831011,0.873755407042351,0.0502874936884747,0,-0.687008106444826,0.873755407042351,-0.636720612756352
"HE van der Dussen ","RSA",186.809970040252,0,57,186.809970040252,3.27736789544301,1.45048492222403,0,-0.687008106444826,3.27736789544301,0.7634768157792
"HF Gurney ","ENG",0,0,2,0,0,-0.458708894046135,0,-0.687008106444826,0,-1.14571700049096
"HG Kuhn ","RSA",2.02500000000001,0,7,2.02500000000001,0.289285714285715,-0.290188753961304,0,-0.687008106444826,0.289285714285715,-0.97719686040613
"HGJM Kulatunga ","SL",-1.75,0,1,-1.75,-1.75,-1.47815171678153,0,-0.687008106444826,-1.75,-2.16515982322636
"HH Dippenaar ","RSA",-3.125,0,1,-3.125,-3.125,-2.27914250607362,0,-0.687008106444826,-3.125,-2.96615061251845
"HH Gibbs ","RSA",37.5606623768388,0,22,37.5606623768388,1.70730283531086,0.535861175492974,0,-0.687008106444826,1.70730283531086,-0.151146930951852
"HH Pandya ","IND",304.891175513661,239.915476190476,109,544.806651704136,2.79716674783175,1.1707491431374,2.20105941459152,0.501787889996151,4.99822616242327,1.67253703313355
"HJH Marshall ","NZL",-3.76785714285715,0,3,-3.76785714285715,-1.25595238095238,-1.19034983145147,0,-0.687008106444826,-1.25595238095238,-1.8773579378963
"HK Bennett ","NZL",-1.875,24.8666666666667,11,22.9916666666667,-0.170454545454545,-0.558005272883998,2.26060606060606,0.533949136491496,2.09015151515152,-0.0240561363925021
"HM Amla ","RSA",150.393054067567,0,40,150.393054067567,3.75982635168917,1.7315356710744,0,-0.687008106444826,3.75982635168917,1.04452756462957
"HM Nicholls ","NZL",-0.540166442752646,0,10,-0.540166442752646,-0.0540166442752646,-0.490175682797375,0,-0.687008106444826,-0.0540166442752646,-1.1771837892422
"HMCM Bandara ","SL",-3.55555555555556,13.425,4,9.86944444444444,-0.888888888888889,-0.976521121467288,3.35625,1.12570832301852,2.46736111111111,0.149187201551236
"HMRKB Herath ","SL",-7,69.8297619047619,16,62.8297619047619,-0.4375,-0.713569599729984,4.36436011904762,1.67019034179122,3.92686011904762,0.956620742061241
"HR Walsh ","WI",-15.2221153846154,67.6916666666667,31,52.4695512820513,-0.491035980148883,-0.74475638299906,2.18360215053764,0.492359191489201,1.69256617038875,-0.252397191509859
"HT Tector ","IRE",101.062097219912,25.325,55,126.387097219912,1.83749267672566,0.611701803734908,0.460454545454545,-0.438315810112153,2.29794722218021,0.173385993622755
"HV Patel ","IND",7.41590909090911,74.9927830940989,25,82.408692185008,0.296636363636364,-0.285906715833896,2.99971132376396,0.933141167367965,3.29634768740032,0.647234451534068
"Haider Ali ","PAK",57.3454200823436,0,34,57.3454200823436,1.68663000242187,0.523818449141954,0,-0.687008106444826,1.68663000242187,-0.163189657302872
"Hamid Hassan ","AFG",0.510714285714292,43.3726449275362,11,43.8833592132505,0.046428571428572,-0.431662451810298,3.94296772068511,1.44259557865895,3.98939629211368,1.01093312684866
"Hammad Azam ","PAK",0.0666666666666678,0,5,0.0666666666666678,0.0133333333333336,-0.450941710634818,0,-0.687008106444826,0.0133333333333336,-1.13794981707964
"Harbhajan Singh ","IND",13.998051948052,102.658333333333,26,116.656385281385,0.538386613386614,-0.14507782611825,3.94839743589744,1.44552817723555,4.48678404928405,1.3004503511173
"Haris Rauf ","PAK",-15.7600427350427,329.808090879372,81,314.048048144329,-0.194568428827688,-0.572052544502872,4.07170482567126,1.51212671170623,3.87713639684357,0.940074167203363
"Haris Sohail ","PAK",11.4138888888889,0,14,11.4138888888889,0.81527777777778,0.0162220082917043,0,-0.687008106444826,0.81527777777778,-0.670786098153122
"Harshit Rana ","IND",0,0,1,0,0,-0.458708894046135,0,-0.687008106444826,0,-1.14571700049096
"Hasan Ali ","PAK",26.7636904761905,187.919401109726,50,214.683091585916,0.53527380952381,-0.146891155007689,3.75838802219452,1.342903764283,4.29366183171833,1.19601260927531
"Hasan Mahmud ","BAN",-6,72.2605072463768,22,66.2605072463768,-0.272727272727273,-0.617583100186716,3.28456851119895,1.08699302694759,3.01184123847167,0.469409926760878
"Hasan Murad ","BAN",0,0,2,0,0,-0.458708894046135,0,-0.687008106444826,0,-1.14571700049096
"Hasan Nawaz ","PAK",49.3284229410828,0,14,49.3284229410828,3.52345878150591,1.59384240081684,0,-0.687008106444826,3.52345878150591,0.90683429437201
"Haseebullah Khan ","PAK",1.8578947368421,0,3,1.8578947368421,0.619298245614033,-0.0979436645467937,0,-0.687008106444826,0.619298245614033,-0.78495177099162
"Hashmatullah Shahidi ","AFG",4.30952380952381,0,5,4.30952380952381,0.861904761904762,0.0433840336140181,0,-0.687008106444826,0.861904761904762,-0.643624072830808
"Hazratullah Zazai ","AFG",143.340153422107,0,37,143.340153422107,3.87405820059749,1.79808015021576,0,-0.687008106444826,3.87405820059749,1.11107204377093
"Hussain Talat ","PAK",37.5982926543902,8.2,17,45.7982926543902,2.21166427378766,0.829671260361361,0.482352941176471,-0.426488448710582,2.69401721496413,0.403182811650779
"I Kaia ","ZIM",10.3588972431078,1.7,7,12.0588972431078,1.47984246330111,0.403356693377512,0.242857142857143,-0.55584054357863,1.72269960615825,-0.152483850201118
"I Sharma ","IND",-1.45,19.1333333333333,14,17.6833333333333,-0.103571428571429,-0.519043265187618,1.36666666666667,0.0511309238021996,1.26309523809524,-0.467912341385418
"I Udana ","SL",26.4719720496894,73.5623599439776,35,100.034331993667,0.756342058562555,-0.0181103322549866,2.10178171268507,0.448167831500754,2.85812377124763,0.430057499245767
"IDR Bradshaw ","WI",0,0,1,0,0,-0.458708894046135,0,-0.687008106444826,0,-1.14571700049096
"IE O'Brien ","NZL",0,0,3,0,0,-0.458708894046135,0,-0.687008106444826,0,-1.14571700049096
"IG Butler ","NZL",-8,59.2541666666667,18,51.2541666666667,-0.444444444444444,-0.717615007756711,3.29189814814815,1.09095177654009,2.8474537037037,0.37333676878338
"IJL Trott ","ENG",8.59926470588235,0,7,8.59926470588235,1.22846638655462,0.256920386379461,0,-0.687008106444826,1.22846638655462,-0.430087720065365
"IK Pathan ","IND",19.6657738095238,82.8083333333333,23,102.474107142857,0.855033643892339,0.0393813410757712,3.60036231884058,1.25755380860414,4.45539596273292,1.29693514967991
"IR Bell ","ENG",22.4770460358056,0,8,22.4770460358056,2.80963075447571,1.17800991006066,0,-0.687008106444826,2.80963075447571,0.491001803615832
"IS Sodhi ","NZL",-23.1066593129093,400.499510634292,119,377.392851321383,-0.194173607671507,-0.571822545877767,3.36554210617052,1.13072700563145,3.17136849849902,0.558904459753682
"Ibrahim Zadran ","AFG",97.9530607444128,0,36,97.9530607444128,2.72091835401147,1.12633149866586,0,-0.687008106444826,2.72091835401147,0.439323392221034
"Iftikhar Ahmed ","PAK",129.887960776172,17.1333333333333,63,147.021294109505,2.06171366311384,0.742319218180666,0.271957671957672,-0.540123297483552,2.33367133507151,0.202195920697114
"Iftikhar Anjum ","PAK",0,0,2,0,0,-0.458708894046135,0,-0.687008106444826,0,-1.14571700049096
"Ihsanullah ","PAK",-0.325,19.7492753623188,4,19.4242753623188,-0.08125,-0.50604016795885,4.93731884057971,1.97964633819362,4.85606884057971,1.47360617023477
"Ihsanullah ","AFG",3.52142857142857,0,1,3.52142857142857,3.52142857142857,1.59265972476427,0,-0.687008106444826,3.52142857142857,0.905651618319445
"Ijaz Ahmad Ahmadzai ","AFG",5.37339572192513,0,3,5.37339572192513,1.79113190730838,0.584694858798369,0,-0.687008106444826,1.79113190730838,-0.102313247646457
"Imad Wasim ","PAK",58.8245778685507,275.433333333333,69,334.257911201884,0.852530114036967,0.0379229379085921,3.99178743961352,1.4689631932834,4.84431755365049,1.506886131192
"Imam-ul-Haq ","PAK",-0.191666666666668,0,2,-0.191666666666668,-0.0958333333333338,-0.514535524814978,0,-0.687008106444826,-0.0958333333333338,-1.2015436312598
"Imran Farhat ","PAK",4.30897435897438,0,7,4.30897435897438,0.615567765567768,-0.100116813751664,0,-0.687008106444826,0.615567765567768,-0.78712492019649
"Imran Khan (1) ","PAK",-3.75,4.35,3,0.6,-1.25,-1.18688233885713,1.45,0.0961394012562862,0.2,-1.09074293760084
"Imran Nazir ","PAK",71.7517012507913,0,23,71.7517012507913,3.11963918481701,1.35860183537432,0,-0.687008106444826,3.11963918481701,0.671593728929495
"Imran Tahir ","RSA",-0.583333333333333,195.044565217391,34,194.461231884058,-0.017156862745098,-0.468703431523933,5.73660485933503,2.41134209924781,5.71944799658993,1.94263866772388
"Imrul Kayes ","BAN",-7.52954545454544,0,14,-7.52954545454544,-0.537824675324674,-0.772012611274554,0,-0.687008106444826,-0.537824675324674,-1.45902071771938
"Inzamam-ul-Haq ","PAK",0.458333333333332,0,1,0.458333333333332,0.458333333333332,-0.191711964282104,0,-0.687008106444826,0.458333333333332,-0.87872007072693
"Irfan Khan ","PAK",24.2132936507936,0,14,24.2132936507936,1.72952097505669,0.548804102977785,0,-0.687008106444826,1.72952097505669,-0.138204003467041
"Ishan Kishan ","IND",106.08115244861,0,32,106.08115244861,3.31503601401908,1.47242806115449,0,-0.687008106444826,3.31503601401908,0.785419954709664
"Izatullah Dawlatzai ","AFG",-3.25,-0.93333333333335,2,-4.18333333333335,-1.625,-1.40533437230043,-0.466666666666675,-0.939055580187717,-2.09166666666667,-2.34438995248815
"J Andrew ","WI",10.7765151515152,0,3,10.7765151515152,3.59217171717172,1.63387034887031,0,-0.687008106444826,3.59217171717172,0.946862242425486
"J Blades ","WI",-4.0952380952381,1.925,4,-2.1702380952381,-1.02380952380952,-1.05511762027228,0.48125,-0.427084149147474,-0.542559523809524,-1.48220176941976
"J Botha ","RSA",28.1095779220779,128.897727272727,39,157.007305194805,0.720758408258408,-0.0388391876317231,3.30506993006993,1.09806587873597,4.02582833832833,1.05922669110425
"J Campbell ","ZIM",9.62255291005291,0,9,9.62255291005291,1.06917254556143,0.164125550432914,0,-0.687008106444826,1.06917254556143,-0.522882556011912
"J Charles ","WI",193.088886567821,0,61,193.088886567821,3.16539158307903,1.38525438053498,0,-0.687008106444826,3.16539158307903,0.698246274090151
"J Fraser-McGurk ","AUS",17.9180084252665,0,5,17.9180084252665,3.5836016850533,1.62887797302246,0,-0.687008106444826,3.5836016850533,0.941869866577638
"J Gumbie ","ZIM",3.18988095238094,0,3,3.18988095238094,1.06329365079365,0.160700866389121,0,-0.687008106444826,1.06329365079365,-0.526307240055705
"J Lewis ","ENG",-3,12.2333333333333,2,9.23333333333335,-1.5,-1.33251702781933,6.11666666666667,2.61661413868516,4.61666666666667,1.28409711086583
"J Liyanage ","SL",-2.72592019263846,0,3,-2.72592019263846,-0.908640064212819,-0.988026946567041,0,-0.687008106444826,-0.908640064212819,-1.67503505301187
"J Louw ","RSA",-0.625,6.4,2,5.775,-0.3125,-0.640752255248884,3.2,1.04131742779211,2.8875,0.400565172543227
"J Mubarak ","SL",13.6564766046617,-5.85,14,7.80647660466174,0.975462614618696,0.109535883850854,-0.417857142857143,-0.912693471964605,0.557605471761553,-0.803157588113751
"J Mulder ","IRE",-3.875,15.3333333333333,5,11.4583333333333,-0.775,-0.910176429828953,3.06666666666667,0.969303863865573,2.29166666666667,0.05912743403662
"J Nyumbu ","ZIM",-2.40833333333333,-5.2666666666667,2,-7.67500000000003,-1.20416666666667,-1.16018264588073,-2.63333333333335,-2.10927599399398,-3.83750000000002,-3.26945863987471
"J Overton ","ENG",-5.14761904761903,32.1392857142857,12,26.9916666666667,-0.428968253968253,-0.708599527011432,2.67827380952381,0.75953221001706,2.24930555555556,0.0509326830056287
"J Theron ","RSA",1.11875,33.9141304347826,9,35.0328804347826,0.124305555555556,-0.386296090367708,3.76823671497585,1.34822306028701,3.8925422705314,0.961926969919301
"JA Clarkson ","NZL",3.55192307692307,2.95,8,6.50192307692307,0.443990384615384,-0.200067287783461,0.36875,-0.487845593710492,0.812740384615384,-0.687912881493952
"JA Duffy ","NZL",-5.025,130.257575757576,26,125.232575757576,-0.193269230769231,-0.571295711282297,5.00990675990676,2.01885119895927,4.81663752913753,1.44755548767697
"JA Morkel ","RSA",94.0834942131662,65.5083333333334,48,159.5918275465,1.96007279610763,0.683109473971474,1.36475694444445,0.0500994795272107,3.32482974055207,0.733208953498685
"JA Richardson ","AUS",9.57857142857142,52.0583333333334,18,61.6369047619048,0.532142857142857,-0.148715056112312,2.89212962962963,0.875036108308958,3.42427248677249,0.726321052196646
"JA Rudolph ","RSA",-0.357142857142858,0,1,-0.357142857142858,-0.357142857142858,-0.66675844970642,0,-0.687008106444826,-0.357142857142858,-1.35376655615125
"JA Turner ","ENG",0,0,2,0,0,-0.458708894046135,0,-0.687008106444826,0,-1.14571700049096
"JAH Marshall ","NZL",-1.57045454545455,0,3,-1.57045454545455,-0.52348484848485,-0.763659106388195,0,-0.687008106444826,-0.52348484848485,-1.45066721283302
"JB Little ","IRE",-17.2794094794095,194.398917748917,49,177.119508269508,-0.352641009783867,-0.664135949146892,3.96732485201872,1.45575090741665,3.61468384223486,0.791614958269762
"JC Archer ","ENG",0.258333333333326,110.694616977226,30,110.952950310559,0.00861111111111086,-0.453692588092993,3.68982056590752,1.30587036255847,3.69843167701863,0.852177774465481
"JC Buttler ","ENG",572.198207359976,0,132,572.198207359976,4.33483490424224,2.06650043788108,0,-0.687008106444826,4.33483490424224,1.37949233143625
"JC Tredwell ","ENG",-0.0999999999999996,14.6822463768116,16,14.5822463768116,-0.00624999999999998,-0.46234976127019,0.917640398550724,-0.191388940175271,0.911390398550724,-0.653738701445461
"JD Campbell ","WI",-3.56071428571429,3.2,2,-0.360714285714285,-1.78035714285714,-1.49583592901265,1.6,0.177154660673643,-0.180357142857142,-1.31868126833901
"JD Ryder ","NZL",52.4115944704796,10.8,21,63.2115944704796,2.49579021287998,0.995185631424573,0.514285714285714,-0.409241502728175,3.0100759271657,0.585944128696397
"JD Unadkat ","IND",0,0,10,0,0,-0.458708894046135,0,-0.687008106444826,0,-1.14571700049096
"JD Wildermuth ","AUS",-0.625,-1.35,2,-1.975,-0.3125,-0.640752255248884,-0.675,-1.05157677382293,-0.9875,-1.69232902907181
"JDF Vandersay ","SL",3.84642857142857,19.6738095238095,17,23.5202380952381,0.226260504201681,-0.326903381430767,1.15728291316526,-0.0619576035824405,1.38354341736694,-0.388860985013207
"JDP Oram ","NZL",59.6648725272558,40.6750000000001,34,100.339872527256,1.75484919197811,0.563558770951059,1.19632352941177,-0.0408716992289481,2.95117272138988,0.522687071722111
"JDS Neesham ","NZL",103.83610259976,51.9940476190477,74,155.830150218807,1.40319057567243,0.358703998124838,0.702622265122266,-0.307520605902886,2.10581284079469,0.0511833922219513
"JE Root ","ENG",119.327736473741,2.13333333333333,32,121.461069807074,3.72899176480441,1.71357332919343,0.0666666666666667,-0.651001324481557,3.79565843147107,1.06257200471188
"JE Taylor ","WI",19.9742063492064,93.0833333333334,30,113.05753968254,0.665806878306878,-0.0708505835216751,3.10277777777778,0.988807537429011,3.76858465608466,0.917956953907336
"JEC Franklin ","NZL",52.3450443052529,56.6071428571429,37,108.952187162396,1.414730927169,0.365426700127707,1.52992277992278,0.139305832914955,2.94465370709178,0.504732533042662
"JF Mooney ","IRE",2.21287601287601,-6.6,14,-4.38712398712399,0.158062572348286,-0.366631319804104,-0.471428571428571,-0.941627493185089,-0.313365999080285,-1.30825881298919
"JF Smith","RSA",0,0,1,0,0,-0.458708894046135,0,-0.687008106444826,0,-1.14571700049096
"JG Bethell ","ENG",49.8262896825397,7.04999999999999,13,56.8762896825396,3.83279151404151,1.77404070597143,0.542307692307691,-0.394106783935923,4.3750992063492,1.37993392203551
"JH Kallis ","RSA",83.3885531432065,35.1,24,118.488553143207,3.47452304763361,1.56533543929031,1.4625,0.1028906728744,4.93702304763361,1.66822611216471
"JJ Bumrah ","IND",-9.50555555555555,341.934022556391,66,332.428467000835,-0.144023569023569,-0.542608204758028,5.18081852358168,2.11116093810327,5.03679495455811,1.56855273334525
"JJ Roy ","ENG",222.635951819196,0,64,222.635951819196,3.47868674717493,1.56776095564085,0,-0.687008106444826,3.47868674717493,0.88075284919602
"JJ van der Wath ","RSA",5.48333333333333,25.7666666666667,8,31.25,0.685416666666666,-0.059427121808106,3.22083333333333,1.05256954715563,3.90625,0.993142425347527
"JK Masara ","ZIM",0,0,1,0,0,-0.458708894046135,0,-0.687008106444826,0,-1.14571700049096
"JL Denly ","ENG",-1.32349382584251,18.4083333333333,13,17.0848395074908,-0.101807217372501,-0.51801554379074,1.41602564102564,0.0777897912173121,1.31421842365314,-0.440225752573428
"JL Ontong ","RSA",21.3302871148459,-9.2,14,12.1302871148459,1.52359193677471,0.428842457223862,-0.657142857142857,-1.04193210008277,0.866449079631852,-0.613089642858907
"JL Pattinson ","AUS",1.84166666666668,6.425,4,8.26666666666667,0.460416666666669,-0.190498341874084,1.60625,0.180530296482699,2.06666666666667,-0.00996804539138504
"JL Smith ","ENG",26.0525641025641,0,5,26.0525641025641,5.21051282051282,2.57661676174961,0,-0.687008106444826,5.21051282051282,1.88960865530478
"JM Anderson ","ENG",-4.375,46.0916666666667,18,41.7166666666667,-0.243055555555556,-0.600298174981607,2.56064814814815,0.696002386880479,2.3175925925926,0.0957042118988727
"JM Bairstow ","ENG",237.234172992949,0,76,237.234172992949,3.12150227622301,1.359687158324,0,-0.687008106444826,3.12150227622301,0.672679051879176
"JM Cox ","ENG",-0.933333333333325,0,2,-0.933333333333325,-0.466666666666663,-0.730560313442238,0,-0.687008106444826,-0.466666666666663,-1.41756841988706
"JM How ","NZL",-0.53762626262627,0,5,-0.53762626262627,-0.107525252525254,-0.521346520874524,0,-0.687008106444826,-0.107525252525254,-1.20835462731935
"JM Kemp ","RSA",31.2154942279942,1.2,8,32.4154942279942,3.90193677849928,1.81432050230149,0.15,-0.60599284702747,4.05193677849928,1.20832765527402
"JM Muirhead ","AUS",-2.92857142857143,18.875,5,15.9464285714286,-0.585714285714286,-0.799910165329002,3.775,1.35187592222531,3.18928571428571,0.551965756896309
"JM Sharma ","IND",9.93859649122806,0,8,9.93859649122806,1.24232456140351,0.264993310314266,0,-0.687008106444826,1.24232456140351,-0.42201479613056
"JM Vince ","ENG",65.8600893258788,0,17,65.8600893258788,3.87412290152228,1.79811784101199,0,-0.687008106444826,3.87412290152228,1.11110973456716
"JN Gillespie ","AUS",3.78333333333333,0.825,1,4.60833333333333,3.78333333333333,1.74522939891514,0.825,-0.241424179649366,4.60833333333333,1.50380521926577
"JN Malan ","RSA",34.0172439109125,0,11,34.0172439109125,3.09247671917387,1.34277864643278,0,-0.687008106444826,3.09247671917387,0.655770539987951
"JN Mohammed ","WI",0.71874999999998,0.9,9,1.61874999999998,0.0798611111111089,-0.412186701738767,0.1,-0.632997933499922,0.179861111111109,-1.04518463523869
"JN Snape ","ENG",-1.28409090909091,-2.3,1,-3.58409090909091,-1.28409090909091,-1.2067416146247,-2.3,-1.92924208417762,-3.58409090909091,-3.13598369880233
"JNK Shannon ","IRE",6.91666666666666,0,3,6.91666666666666,2.30555555555555,0.884366570827477,0,-0.687008106444826,2.30555555555555,0.197358464382651
"JNT Seales ","WI",2.55,-0.8,1,1.75,2.55,1.0267649333683,-0.8,-1.11908949000406,1.75,-0.0923245566357647
"JO Holder ","WI",81.330843347511,215.275274751048,74,296.606118098559,1.09906545064204,0.181539326167276,2.90912533447362,0.884215517888404,4.00819078511567,1.06575484405568
"JP Behrendorff ","AUS",-1.83928571428572,54.95,17,53.1107142857143,-0.108193277310924,-0.521735671202045,3.23235294117647,1.05879130727429,3.12415966386555,0.537055636072242
"JP Bray ","IRE",-6.75,0,2,-6.75,-3.375,-2.42477719503582,0,-0.687008106444826,-3.375,-3.11178530148065
"JP Duminy ","RSA",267.642897979098,48.1309523809525,79,315.773850360051,3.38788478454555,1.5148652933021,0.609252561784209,-0.357949744153915,3.99713734632976,1.15691554914818
"JP Faulkner ","AUS",13.669336300954,109.883532695375,24,123.552868996329,0.569555679206416,-0.126920637294613,4.57848052897395,1.78583714550277,5.14803620818037,1.65891650820816
"JP Greaves","WI",0,0,1,0,0,-0.458708894046135,0,-0.687008106444826,0,-1.14571700049096
"JP Inglis ","AUS",115.355422817923,0,33,115.355422817923,3.49561887327039,1.57762457531037,0,-0.687008106444826,3.49561887327039,0.890616468865543
"JR Hazlewood ","AUS",-8.32261904761905,238.611363636363,53,230.288744588744,-0.157030548068284,-0.550185274148088,4.5021012006861,1.74458453820035,4.34507065261781,1.19439926405226
"JR Hopes ","AUS",12.5166666666667,31.025,12,43.5416666666667,1.04305555555556,0.148911391568373,2.58541666666667,0.709379906568221,3.62847222222222,0.858291298136594
"JR Philippe ","AUS",6.22672833022096,0,12,6.22672833022096,0.518894027518413,-0.156433012838188,0,-0.687008106444826,0.518894027518413,-0.843441119283014
"JRMVB Sanjaya ","SL",2.07857142857143,26.2177536231884,8,28.2963250517598,0.259821428571429,-0.307352842303278,3.27721920289855,1.08302365282429,3.53704063146998,0.775670810521016
"JS Foster ","ENG",0.958333333333325,0,4,0.958333333333325,0.239583333333331,-0.319142317124029,0,-0.687008106444826,0.239583333333331,-1.00615042356885
"JS Patel ","NZL",-6.075,51.3731884057971,11,45.2981884057971,-0.552272727272727,-0.780429161480811,4.67028985507246,1.83542352130813,4.11801712779974,1.05499435982732
"JT Ball ","ENG",0,0,2,0,0,-0.458708894046135,0,-0.687008106444826,0,-1.14571700049096
"JT Smuts ","RSA",11.493253968254,-5.47916666666667,13,6.01408730158732,0.884096459096461,0.0563115572862436,-0.421474358974359,-0.914647136645304,0.462622100122102,-0.858335579359061
"JW Dernbach ","ENG",-5.81428571428572,109.754761904762,34,103.940476190476,-0.171008403361345,-0.558327916579942,3.228081232493,1.05648415002664,3.05707282913165,0.498156233446698
"JW Hastings ","AUS",5.82361111111111,19.3833333333333,9,25.2069444444444,0.647067901234568,-0.0817667639112579,2.1537037037037,0.476210988646353,2.80077160493827,0.394444224735095
"JW Wilson ","NZL",2.31428571428573,-1.675,1,0.639285714285725,2.31428571428573,0.889452226632515,-1.675,-1.59167850327197,0.639285714285725,-0.702226276639459
"JWM Dalrymple ","ENG",4.67367724867726,4.85,3,9.52367724867726,1.55789241622575,0.448823815848291,1.61666666666667,0.18615635616446,3.17455908289242,0.634980172012751
"Jahandad Khan ","PAK",-3.625,-0.0512605042016343,8,-3.67626050420163,-0.453125,-0.722671767790121,-0.00640756302520429,-0.690468842316293,-0.459532563025204,-1.41314061010641
"Jahurul Islam ","BAN",4.33055555555555,0,2,4.33055555555555,2.16527777777778,0.802649328687577,0,-0.687008106444826,2.16527777777778,0.115641222242751
"Jaker Ali ","BAN",59.3062757928497,0,25,59.3062757928497,2.37225103171399,0.923219270529555,0,-0.687008106444826,2.37225103171399,0.236211164084729
"Javed Ahmadi ","AFG",-3.45,0,2,-3.45,-1.725,-1.46358824788531,0,-0.687008106444826,-1.725,-2.15059635433014
"Joginder Sharma ","IND",0,0,4,0,0,-0.458708894046135,0,-0.687008106444826,0,-1.14571700049096
"Jubair Hossain ","BAN",0,0,1,0,0,-0.458708894046135,0,-0.687008106444826,0,-1.14571700049096
"Junaid Khan ","PAK",-1,18.175,9,17.175,-0.111111111111111,-0.523435422473779,2.01944444444445,0.40369733052588,1.90833333333333,-0.119738091947899
"Junaid Siddique ","BAN",26.7648732220161,0,5,26.7648732220161,5.35297464440321,2.65960629539467,0,-0.687008106444826,5.35297464440321,1.97259818894984
"K Mishara ","SL",-4.60833333333334,0,3,-4.60833333333334,-1.53611111111111,-1.35355314955832,0,-0.687008106444826,-1.53611111111111,-2.04056125600314
"K Nitish Kumar Reddy ","IND",13.8078431372549,8.55833333333335,4,22.3661764705883,3.45196078431372,1.55219204648682,2.13958333333334,0.468584552188858,5.59154411764706,2.02077659867568
"K Pierre ","WI",-3.65,11.4583333333333,10,7.80833333333333,-0.365,-0.671335539930946,1.14583333333333,-0.0681415414511312,0.780833333333333,-0.739477081382077
"K Rabada ","RSA",14.042331578287,215.164130434782,64,229.206462013069,0.219411430910734,-0.330893232064392,3.36193953804347,1.12878125235557,3.5813509689542,0.797888020291176
"K Santokie ","WI",0,0,12,0,0,-0.458708894046135,0,-0.687008106444826,0,-1.14571700049096
"K Sinclair ","WI",-5.6875,9.15833333333333,6,3.47083333333333,-0.947916666666667,-1.01090708969447,1.52638888888889,0.137397172255866,0.578472222222222,-0.873509917438608
"K Weeraratne ","SL",4.54615384615385,9.38333333333335,4,13.9294871794872,1.13653846153846,0.203368807312786,2.34583333333334,0.579980533887722,3.4823717948718,0.783349341200508
"KA Jamieson ","NZL",3.19722222222222,21.6083333333333,12,24.8055555555555,0.266435185185185,-0.303500072754014,1.80069444444444,0.285550077208901,2.06712962962963,-0.0179499955451123
"KA Maharaj ","RSA",-6.47480158730158,109.612004662005,36,103.137203074703,-0.179855599647266,-0.563481751297093,3.04477790727791,0.95748170706421,2.86492230763064,0.393999955767118
"KA Pollard ","WI",232.861981022021,85.0583333333335,101,317.920314355355,2.30556416853487,0.88437158822173,0.842161716171619,-0.232155107064761,3.14772588470648,0.652216481156969
"KAJ Roach ","WI",0.875,31.6166666666667,11,32.4916666666667,0.0795454545454545,-0.412370583921799,2.87424242424243,0.865375197744318,2.95378787878788,0.453004613822519
"KC Sangakkara ","SL",168.552324522433,0,54,168.552324522433,3.12133934300802,1.35959224341165,0,-0.687008106444826,3.12133934300802,0.672584136966828
"KD Karthik ","IND",127.042565019206,-5.3,56,121.742565019206,2.26861723248582,0.862848566063294,-0.0946428571428571,-0.738124877267682,2.17397437534296,0.124723688795612
"KD Mills ","NZL",-4.47344877344879,122.571281464531,41,118.097832691082,-0.109108506669483,-0.522268827773896,2.98954345035441,0.92764948135465,2.88043494368493,0.405380653580755
"KDK Vithanage ","SL",0.753846153846149,0,3,0.753846153846149,0.25128205128205,-0.312327360525156,0,-0.687008106444826,0.25128205128205,-0.999335466969983
"KH Pandya ","IND",15.7828601953602,45.4218944099379,19,61.2047546052981,0.830676852387378,0.0251925660560027,2.39062602157568,0.604173142274083,3.22130287396306,0.629365708330086
"KIC Asalanka ","SL",136.106763908192,11.8333333333333,57,147.940097241525,2.38783796330161,0.93229926226411,0.207602339181286,-0.574881724015347,2.5954403024829,0.357417538248764
"KJ Abbott ","RSA",-0.4625,80.9920619235837,21,80.5295619235837,-0.0220238095238095,-0.471538616645186,3.85676485350398,1.39603726101096,3.83474104398017,0.924498644365775
"KJ O'Brien ","IRE",59.7183017707443,39.875,50,99.5933017707443,1.19436603541489,0.237055610252512,0.797500000000001,-0.256276977209214,1.99186603541489,-0.0192213669567022
"KK Ahmed ","IND",-3.875,45.35,18,41.475,-0.215277777777778,-0.584116542874695,2.51944444444445,0.673748195250402,2.30416666666667,0.0896316523757067
"KL Rahul ","IND",314.553137127259,0,68,314.553137127259,4.62578142834205,2.23598806404871,0,-0.687008106444826,4.62578142834205,1.54897995760388
"KM Dabengwa ","ZIM",-0.520512820512823,-4.25,6,-4.77051282051282,-0.0867521367521372,-0.50924537585695,-0.708333333333333,-1.06958016480456,-0.79508547008547,-1.57882554066151
"KM Jadhav ","IND",15.2538461538462,0,9,15.2538461538462,1.6948717948718,0.528619612661697,0,-0.687008106444826,1.6948717948718,-0.158388493783129
"KM Jarvis ","ZIM",-10.3003787878788,69.8929074021953,20,59.5925286143165,-0.515018939393939,-0.758727386239247,3.49464537010976,1.20045590176255,2.97962643071583,0.441728515523302
"KMA Paul ","WI",12.4477085414585,56.2158780903666,22,68.6635866318251,0.56580493370266,-0.129105591913877,2.55526718592575,0.693096119878063,3.12107211962842,0.563990527964186
"KMC Bandara ","SL",-1.75,-1.8,1,-3.55,-1.75,-1.47815171678153,-1.8,-1.6591912194531,-3.55,-3.13734293623463
"KMDN Kulasekara ","SL",-13.8558621933622,200.651819446314,55,186.795957252951,-0.25192476715204,-0.605464834470382,3.64821489902388,1.28339906991974,3.39629013187184,0.677934235449357
"KNA Bandara ","SL",12.4430033416876,2.7,6,15.1430033416876,2.07383389028126,0.74937972023538,0.45,-0.443962328192757,2.52383389028126,0.305417392042623
"KO Meth ","ZIM",0,0,2,0,0,-0.458708894046135,0,-0.687008106444826,0,-1.14571700049096
"KOA Powell ","WI",0.192857142857142,0,1,0.192857142857142,0.192857142857142,-0.346362133989582,0,-0.687008106444826,0.192857142857142,-1.03337024043441
"KOK Williams ","WI",-4.68214285714285,106.368181818182,25,101.686038961039,-0.187285714285714,-0.567810081034388,4.25472727272727,1.61097745188918,4.06744155844156,1.0431673708548
"KP Pietersen ","ENG",187.838796779854,-1.15,37,186.688796779854,5.07672423729336,2.49867972693417,-0.0310810810810811,-0.703795052089864,5.04564315621227,1.7948846748443
"KR Mayers ","WI",127.382858667876,-10.8,37,116.582858667876,3.44277996399665,1.54684386284164,-0.291891891891892,-0.84465942206779,3.15088807210476,0.702184440773847
"KS Lokuarachchi ","SL",-3.075,5.775,2,2.7,-1.5375,-1.35436223116366,2.8875,0.872535637339286,1.35,-0.481826593824374
"KS Williamson ","NZL",342.899450828987,12.65,88,355.549450828987,3.89658466851121,1.81120269080788,0.14375,-0.609368482836526,4.04033466851121,1.20183420797135
"KT Maphaka ","RSA",-4.9762987012987,34.2528559249787,11,29.27655722368,-0.452390791027155,-0.722244062608547,3.11389599317988,0.994812504796073,2.66150520215273,0.272568442187526
"KTGD Prasad ","SL",0,0,1,0,0,-0.458708894046135,0,-0.687008106444826,0,-1.14571700049096
"KU Carty ","WI",6.45568181818182,0,4,6.45568181818182,1.61392045454546,0.481462319583699,0,-0.687008106444826,1.61392045454546,-0.205545786861127
"KV Sharma ","IND",0,0,1,0,0,-0.458708894046135,0,-0.687008106444826,0,-1.14571700049096
"KW Richardson ","AUS",-8.66071428571427,128.94823705706,36,120.287522771346,-0.240575396825396,-0.598853386400632,3.58189547380723,1.24757983366416,3.34132007698184,0.648726447263528
"Kamran Akmal ","PAK",92.8369090846259,0,54,92.8369090846259,1.71920202008566,0.542792911787305,0,-0.687008106444826,1.71920202008566,-0.144215194657521
"Karim Janat ","AFG",30.1486350220773,107.195933014354,55,137.344568036431,0.548157000401405,-0.139386197022492,1.94901696389735,0.365659326481654,2.49717396429875,0.226273129459161
"Karim Sadiq ","AFG",5.92769531725734,13.0666666666667,17,18.994361983924,0.348687959838667,-0.255584643742263,0.768627450980392,-0.271871090868307,1.11731541081906,-0.52745573461057
"Khaled Ahmed ","BAN",0,0,1,0,0,-0.458708894046135,0,-0.687008106444826,0,-1.14571700049096
"Khalid Latif ","PAK",19.766683604336,0,13,19.766683604336,1.52051412341047,0.427049511655921,0,-0.687008106444826,1.52051412341047,-0.259958594788905
"Khurram Manzoor ","PAK",-4.07896825396825,0,2,-4.07896825396825,-2.03948412698413,-1.64678743995284,0,-0.687008106444826,-2.03948412698413,-2.33379554639766
"Khushdil Shah ","PAK",27.0982229123533,1.96666666666667,35,29.06488957902,0.774234940352952,-0.00768703515825927,0.0561904761904762,-0.656659533075785,0.830425416543428,-0.664346568234044
"Kuldeep Yadav ","IND",-0.157832080200503,238.475,40,238.317167919799,-0.00394580200501258,-0.461007476636961,5.96187499999999,2.53301089181418,5.95792919799498,2.07200341517722
"L Balaji ","IND",0,0,5,0,0,-0.458708894046135,0,-0.687008106444826,0,-1.14571700049096
"L Croospulle ","SL",2.68333333333333,0,1,2.68333333333333,2.68333333333333,1.10443676748146,0,-0.687008106444826,2.68333333333333,0.417428661036638
"L Gregory ","ENG",2.41439393939394,2.70833333333334,9,5.12272727272728,0.268265993265993,-0.302433556092422,0.300925925925926,-0.524477493416179,0.56919191919192,-0.8269110495086
"L McCarthy ","IRE",2.21666666666667,-6.425,1,-4.20833333333333,2.21666666666667,0.832585348085369,-6.425,-4.15716171815493,-4.20833333333333,-3.32457637006956
"L Ngidi ","RSA",-11.4696428571428,194.534847516081,49,183.065204658939,-0.234074344023323,-0.595066271189605,3.97009892889962,1.45724919113765,3.7360245848763,0.862182919948047
"L Ronchi ","AUS",10.8659090909091,0,3,10.8659090909091,3.6219696969697,1.65122882694864,0,-0.687008106444826,3.6219696969697,0.96422072050381
"L Ronchi ","NZL",29.0944482418167,0,28,29.0944482418167,1.03908743720774,0.146599808842975,0,-0.687008106444826,1.03908743720774,-0.540408297601852
"L Sipamla ","RSA",-5.2,0.329166666666663,11,-4.87083333333334,-0.472727272727273,-0.734090851356475,0.0299242424242421,-0.670845971359041,-0.442803030303031,-1.40493682271552
"L Vincent ","NZL",8.59572323337538,0,8,8.59572323337538,1.07446540417192,0.167208845702751,0,-0.687008106444826,1.07446540417192,-0.519799260742075
"L Wood ","ENG",-1.5,35.9,7,34.4,-0.214285714285714,-0.583538627442306,5.12857142857143,2.08294219172955,4.91428571428572,1.49940356428725
"LA Dawson ","ENG",14.6638888888889,32.3,14,46.9638888888889,1.04742063492063,0.151454219470888,2.30714285714286,0.559083740784038,3.35456349206349,0.710537960254926
"LA Pomersbach ","AUS",4.28214285714285,0,1,4.28214285714285,4.28214285714285,2.03580527832067,0,-0.687008106444826,4.28214285714285,1.34879717187585
"LB Williams ","RSA",-18.4166666666667,48.534420289855,15,30.1177536231884,-1.22777777777778,-1.1739370331716,3.23562801932367,1.06056018264567,2.00785024154589,-0.113376850525933
"LD Chandimal ","SL",82.7508604365117,0,66,82.7508604365117,1.25380091570472,0.271678731470576,0,-0.687008106444826,1.25380091570472,-0.41532937497425
"LD Madushanka ","SL",-4.35942028985508,-0.8,3,-5.15942028985508,-1.45314009661836,-1.30521931800419,-0.266666666666667,-0.831035234297904,-1.71980676328503,-2.1362545523021
"LE Bosman ","RSA",43.4780641961086,0,14,43.4780641961086,3.10557601400776,1.35040949334781,0,-0.687008106444826,3.10557601400776,0.663401386902981
"LE Plunkett ","ENG",-7.2590909090909,75.4314171122995,22,68.1723262032086,-0.32995867768595,-0.650922611626823,3.4287007778318,1.16483911342541,3.09874210014585,0.513916501798583
"LG Pretorius ","RSA",13.4225723622783,0,8,13.4225723622783,1.67782154528478,0.518687181480368,0,-0.687008106444826,1.67782154528478,-0.168320924964458
"LH Ferguson ","NZL",-15.8214285714286,193.634782608695,39,177.813354037267,-0.405677655677656,-0.695031850860253,4.96499442586398,1.99459396966917,4.55931677018633,1.29956211880892
"LHD Dilhara ","SL",0,0,1,0,0,-0.458708894046135,0,-0.687008106444826,0,-1.14571700049096
"LJ Tucker ","IRE",67.4996166030071,0,50,67.4996166030071,1.34999233206014,0.327713959477595,0,-0.687008106444826,1.34999233206014,-0.359294146967231
"LJ Woodcock ","NZL",0,0,3,0,0,-0.458708894046135,0,-0.687008106444826,0,-1.14571700049096
"LJ Wright ","ENG",63.7566232716891,45.275,50,109.031623271689,1.27513246543378,0.284105185910069,0.905500000000001,-0.197945990428717,2.18063246543378,0.086159195481352
"LL Tsotsobe ","RSA",-6.51785714285714,61.3166666666667,22,54.7988095238096,-0.296266233766234,-0.631295457264326,2.78712121212121,0.818320880405954,2.49085497835498,0.187025423141628
"LM Jongwe ","ZIM",26.7112828215517,121.281422924901,43,147.992705746453,0.621192623757016,-0.0968401158602736,2.82049820755584,0.83634785336401,3.44169083131286,0.739507737503736
"LMP Simmons ","WI",198.385281098214,11.3333333333333,68,209.718614431548,2.91743060438551,1.2408075005078,0.166666666666667,-0.596991151536652,3.08409727105217,0.643816348971148
"LPC Silva ","SL",10.3758265613529,4.95,15,15.3258265613529,0.69172177075686,-0.0557541543159076,0.33,-0.508774535726642,1.02172177075686,-0.56452869004255
"LRPL Taylor ","NZL",228.802463397672,0,99,228.802463397672,2.31113599391588,0.887617392446992,0,-0.687008106444826,2.31113599391588,0.200609286002166
"LS Baker ","WI",0,0,3,0,0,-0.458708894046135,0,-0.687008106444826,0,-1.14571700049096
"LS Livingstone ","ENG",143.035229397773,54.7083333333334,56,197.743562731106,2.55420052496023,1.02921190195254,0.976934523809525,-0.159364080576824,3.53113504876975,0.869847821375713
"LU Igalagamage ","SL",-3.75,0,1,-3.75,-3.75,-2.64322922847912,0,-0.687008106444826,-3.75,-3.33023733492395
"Litton Das ","BAN",266.502498258609,0,94,266.502498258609,2.83513296019797,1.1928659332535,0,-0.687008106444826,2.83513296019797,0.505857826808678
"M Bhanuka ","SL",3.24132104454687,0,5,3.24132104454687,0.648264208909374,-0.0810698683267644,0,-0.687008106444826,0.648264208909374,-0.768077974771591
"M Faraz Akram ","ZIM",11.6993252361673,-2.88809523809522,8,8.81122999807213,1.46241565452092,0.393204901872284,-0.361011904761902,-0.881991260558423,1.10140374975902,-0.488786358686139
"M Jansen ","RSA",25.9689775910364,40.6399122807018,14,66.6088898717382,1.85492697078832,0.621857955707267,2.90285087719298,0.880826672659776,4.7577778479813,1.50268462836704
"M Kartik ","IND",0,0,1,0,0,-0.458708894046135,0,-0.687008106444826,0,-1.14571700049096
"M Klinger ","AUS",20.7038065681961,0,3,20.7038065681961,6.90126885606537,3.56154767914423,0,-0.687008106444826,6.90126885606537,2.8745395726994
"M Labuschagne ","AUS",-2.25,0,1,-2.25,-2.25,-1.76942109470593,0,-0.687008106444826,-2.25,-2.45642920115075
"M Markande ","IND",0,0,1,0,0,-0.458708894046135,0,-0.687008106444826,0,-1.14571700049096
"M Morkel ","RSA",0.858333333333331,155.190560640732,41,156.048893974065,0.0209349593495934,-0.446513468872878,3.78513562538371,1.3573501910241,3.8060705847333,0.910836722151222
"M Mosehle ","RSA",30.2242424242424,0,7,30.2242424242424,4.31774891774892,2.05654718856681,0,-0.687008106444826,4.31774891774892,1.36953908212198
"M Muralidaran ","SL",-6.75,48.6916666666667,12,41.9416666666667,-0.5625,-0.786386944211083,4.05763888888889,1.50452967492376,3.49513888888889,0.718142730712674
"M Ntini ","RSA",-3.81666666666667,7.87499999999998,10,4.05833333333332,-0.381666666666667,-0.681044519195093,0.787499999999998,-0.261677994503706,0.405833333333332,-0.942722513698798
"M Pathirana ","SL",-20.5154761904762,81.110326953748,18,60.5948507632718,-1.13974867724868,-1.12265667047089,4.50612927520822,1.7467601082161,3.36638059795955,0.624103437745207
"M Prasidh Krishna ","IND",0,0,5,0,0,-0.458708894046135,0,-0.687008106444826,0,-1.14571700049096
"M Pushpakumara ","SL",0,0,1,0,0,-0.458708894046135,0,-0.687008106444826,0,-1.14571700049096
"M Shumba ","ZIM",-5.12589586339588,-1.6,18,-6.72589586339588,-0.284771992410882,-0.624599616205753,-0.0888888888888889,-0.735017149062519,-0.373660881299771,-1.35961676526827
"M Theekshana ","SL",-35.5301136363636,175.137781954887,57,139.607668318523,-0.623335326953748,-0.821825879886374,3.07259266587521,0.972504506286819,2.44925733892146,0.150678626400444
"M Vijay ","IND",15.641595646916,1.45,9,17.091595646916,1.73795507187956,0.553717291247689,0.161111111111111,-0.599991716700258,1.89906618299067,-0.0462744254525689
"M Zondeki ","RSA",-3.75,0.11666666666665,1,-3.63333333333335,-3.75,-2.64322922847912,0.11666666666665,-0.623996238009113,-3.63333333333335,-3.26722546648824
"M de Lange ","RSA",0,0,6,0,0,-0.458708894046135,0,-0.687008106444826,0,-1.14571700049096
"MA Aponso ","SL",-3.75,12.225,3,8.475,-1.25,-1.18688233885713,4.075,1.51390644106002,2.825,0.327024102202893
"MA Carberry ","ENG",-0.075,0,1,-0.075,-0.075,-0.502399300734795,0,-0.687008106444826,-0.075,-1.18940740717962
"MA Starc ","AUS",-3.48154761904763,244.173872180451,63,240.692324561403,-0.0552626606198037,-0.49090153560849,3.87577574889604,1.40630507849059,3.82051308827624,0.915403542882096
"MA Wood ","ENG",-2.55277777777776,144.915616246498,36,142.362838468721,-0.07091049382716,-0.500017004896833,4.02543378462496,1.48713564241372,3.9545232907978,0.987118637516887
"MC Bascombe ","WI",-2.30357142857143,0,1,-2.30357142857143,-2.30357142857143,-1.80062852805497,0,-0.687008106444826,-2.30357142857143,-2.4876366344998
"MC Henriques ","AUS",38.6676210318264,14.9166666666666,24,53.584287698493,1.6111508763261,0.479848932933569,0.621527777777777,-0.351319878766429,2.23267865410388,0.12852905416714
"MC Sorensen ","IRE",-3.26730769230769,24.5583333333333,10,21.2910256410256,-0.326730769230769,-0.649042229851348,2.45583333333333,0.639391724127115,2.12910256410256,-0.00965050572423276
"MD Bates ","NZL",0,0,3,0,0,-0.458708894046135,0,-0.687008106444826,0,-1.14571700049096
"MD Gunathilaka ","SL",78.8312207732126,15.35,45,94.1812207732126,1.75180490607139,0.561785356426511,0.341111111111111,-0.50277340539943,2.0929160171825,0.0590119510270806
"MD Shanaka ","SL",157.739801630445,69.0768398268399,98,226.816641457285,1.60958981255557,0.478939552786882,0.704865712518775,-0.306308916084104,2.31445552507434,0.172630636702778
"MDK Perera ","SL",-6.54166666666667,9.93333333333333,3,3.39166666666666,-2.18055555555556,-1.72896701443865,3.31111111111111,1.10132873106423,1.13055555555555,-0.627638283374423
"MDKJ Perera ","SL",271.2629289207,0,77,271.2629289207,3.52289518078831,1.59351408155601,0,-0.687008106444826,3.52289518078831,0.906505975111181
"ME Trescothick ","ENG",26.4542741016879,0,3,26.4542741016879,8.8180913672293,4.67817107998063,0,-0.687008106444826,8.8180913672293,3.99116297353581
"MEK Hussey ","AUS",107.035846132024,1.2,38,108.235846132024,2.81673279294799,1.18214712271629,0.0315789473684211,-0.669952262356962,2.84831174031641,0.512194860359333
"MF Maharoof ","SL",-5.77462121212122,20.225,8,14.4503787878788,-0.721827651515152,-0.879201476097031,2.528125,0.678436578318536,1.80629734848485,-0.200764897778495
"MG Bracewell ","NZL",30.5498862248862,89.2333333333334,33,119.78321955822,0.925754128026856,0.0805787639165168,2.70404040404041,0.773448792277486,3.62979453206726,0.854027556194003
"MG Johnson ","AUS",4.04516733266734,129.804347826087,30,133.849515158754,0.134838911088911,-0.380160002540394,4.3268115942029,1.64991031858433,4.46165050529181,1.26975031604393
"MH Yardy ","ENG",8.79554334554335,40.725,14,49.5205433455434,0.628253096110239,-0.0927271170799219,2.90892857142857,0.884109245827481,3.53718166753881,0.791382128747559
"MJ Clarke ","AUS",37.7719354819587,4,34,41.7719354819587,1.11093927888114,0.188456291296843,0.117647058823529,-0.623466726509645,1.22858633770467,-0.435010435212802
"MJ Guptill ","NZL",511.313066379126,-1.8,115,509.513066379126,4.44620057720979,2.13137525845586,-0.0156521739130435,-0.695461872644898,4.43054840329675,1.43591338581096
"MJ Hay ","NZL",0.0301535087719422,0,11,0.0301535087719422,0.00274122807017657,-0.457112022456637,0,-0.687008106444826,0.00274122807017657,-1.14412012890146
"MJ Henry ","NZL",-4.05196078431373,112.658333333333,25,108.60637254902,-0.162078431372549,-0.553125861807824,4.50633333333334,1.74687032036238,4.34425490196079,1.19374445855455
"MJ Humphreys ","IRE",-3.25,22.75,5,19.5,-0.65,-0.837359085347853,4.55,1.77045476254832,3.9,0.933095677200466
"MJ Lumb ","ENG",78.7548771914534,0,26,78.7548771914534,3.02903373813282,1.30582065118979,0,-0.687008106444826,3.02903373813282,0.618812544744963
"MJ Mason ","NZL",-1,6.76666666666667,3,5.76666666666667,-0.333333333333333,-0.652888479329067,2.25555555555556,0.531221349979127,1.92222222222222,-0.12166712934994
"MJ McClenaghan ","NZL",2.44285714285714,97.15,27,99.5928571428572,0.0904761904761905,-0.406003006612196,3.59814814814815,1.25635793118386,3.68862433862434,0.850354924571664
"MJ North ","AUS",1.43095238095238,0,1,1.43095238095238,1.43095238095238,0.374876325632737,0,-0.687008106444826,1.43095238095238,-0.312131780812089
"MJ Owen ","AUS",21.8592676386794,0.350000000000001,7,22.2092676386794,3.12275251981134,1.36041547366846,0.0500000000000001,-0.660003019972374,3.17275251981134,0.700412453696084
"MJ Potts ","ENG",0,0,1,0,0,-0.458708894046135,0,-0.687008106444826,0,-1.14571700049096
"MJ Prior ","ENG",15.344930875576,0,10,15.344930875576,1.5344930875576,0.43519280003825,0,-0.687008106444826,1.5344930875576,-0.251815306406576
"MJ Santner ","NZL",58.8416697379772,366.014878104351,103,424.856547842328,0.571278346970653,-0.125917116558494,3.55354250586749,1.23226634664489,4.12482085283814,1.10634923008639
"MJ Swepson ","AUS",7.34166666666667,29.8916666666667,8,37.2333333333333,0.917708333333334,0.0758917766859381,3.73645833333333,1.3310595014028,4.65416666666667,1.40695127808873
"MK Pandey ","IND",93.4115962122933,0,39,93.4115962122933,2.39516913364855,0.936569953116928,0,-0.687008106444826,2.39516913364855,0.249561846672102
"MK Tiwary ","IND",0.330882352941178,0,3,0.330882352941178,0.110294117647059,-0.394458295974576,0,-0.687008106444826,0.110294117647059,-1.0814664024194
"ML Hayden ","AUS",56.3979360899155,0,9,56.3979360899155,6.26643734332394,3.19173371953823,0,-0.687008106444826,6.26643734332394,2.50472561309341
"ML Lewis ","AUS",0,0,2,0,0,-0.458708894046135,0,-0.687008106444826,0,-1.14571700049096
"ML Nkala ","ZIM",-2.79166666666667,0,1,-2.79166666666667,-2.79166666666667,-2.08496292079069,0,-0.687008106444826,-2.79166666666667,-2.77197102723552
"ML Udawatte ","SL",3.13600909324594,0,8,3.13600909324594,0.392001136655743,-0.230353039607385,0,-0.687008106444826,0.392001136655743,-0.917361146052211
"MM Ali ","ENG",152.808286314314,125.22619047619,87,278.034476790504,1.75641708407257,0.56447212886107,1.43938149972632,0.0904043308943181,3.19579858379889,0.654876459755388
"MM Patel ","IND",-3.75,10.1,3,6.35,-1.25,-1.18688233885713,3.36666666666667,1.13133438270029,2.11666666666667,-0.0555479561568455
"MM Sharma ","IND",-3.625,17.975,8,14.35,-0.453125,-0.722671767790121,2.246875,0.526532966910993,1.79375,-0.196138800879128
"MN Samuels ","WI",205.887693481244,55.125,66,261.012693481244,3.11951050729158,1.35852687572875,0.835227272727273,-0.235900411961819,3.95473778001885,1.12262646376693
"MN Waller ","ZIM",89.836989945781,-0.399999999999999,30,89.436989945781,2.99456633152603,1.28574205102773,-0.0133333333333333,-0.69420946283748,2.9812329981927,0.591532588190254
"MN van Wyk ","RSA",33.9948717948718,0,8,33.9948717948718,4.24935897435897,2.01670739603186,0,-0.687008106444826,4.24935897435897,1.32969928958703
"MNK Fernando ","SL",-1.2625,0,1,-1.2625,-1.2625,-1.19416407330524,0,-0.687008106444826,-1.2625,-1.88117217975007
"MP Breetzke ","RSA",20.4255070133119,0,10,20.4255070133119,2.04255070133119,0.731156050265423,0,-0.687008106444826,2.04255070133119,0.0441479438205967
"MP Kuhnemann ","AUS",0,0,1,0,0,-0.458708894046135,0,-0.687008106444826,0,-1.14571700049096
"MP Stoinis ","AUS",178.945946436891,69.9571428571429,68,248.903089294034,2.63155803583664,1.07427565009404,1.02878151260504,-0.13136143226164,3.66033954844168,0.942914217832401
"MP Vaughan ","ENG",0.289285714285725,0,2,0.289285714285725,0.144642857142863,-0.374448824003717,0,-0.687008106444826,0.144642857142863,-1.06145693044854
"MP Yadav ","IND",-0.625,16.725,3,16.1,-0.208333333333333,-0.580071134847968,5.575,2.32405903523359,5.36666666666667,1.74398790038562
"MR Adair ","IRE",23.9277017207938,190.392061923583,50,214.319763644377,0.478554034415876,-0.179932622231088,3.80784123847167,1.36961353192111,4.28639527288754,1.18968090969002
"MR Gillespie ","NZL",-7.19940476190476,27.2678792569659,10,20.0684744950612,-0.719940476190476,-0.878102123331325,2.72678792569659,0.785734768064672,2.00684744950612,-0.0923673552666534
"MR Marsh ","AUS",262.582169026781,43.0000000000001,67,305.582169026781,3.91913685114599,1.82434021122162,0.64179104477612,-0.340375653216336,4.56092789592211,1.48396455800528
"MS Atapattu ","SL",-1.5625,0,2,-1.5625,-0.78125,-0.913817297053007,0,-0.687008106444826,-0.78125,-1.60082540349783
"MS Chapman ","NZL",141.812512123515,5.6,67,147.412512123515,2.11660465855993,0.77429535037513,0.0835820895522388,-0.641865275326697,2.20018674811216,0.132430075048433
"MS Crane ","ENG",0,0,2,0,0,-0.458708894046135,0,-0.687008106444826,0,-1.14571700049096
"MS Dhoni ","IND",249.397551754798,0,96,249.397551754798,2.59789116411248,1.05466339252653,0,-0.687008106444826,2.59789116411248,0.367655286081707
"MS Kasprowicz ","AUS",-1.375,15.3583333333333,2,13.9833333333333,-0.6875,-0.859204288692183,7.67916666666667,3.46052309094928,6.99166666666667,2.6013188022571
"MS Panesar ","ENG",-2.375,5.2,1,2.825,-2.375,-1.84223843918703,5.2,2.1215208866902,2.825,0.279282447503171
"MS Sinclair ","NZL",-7.5,0,2,-7.5,-3.75,-2.64322922847912,0,-0.687008106444826,-3.75,-3.33023733492395
"MS Wade ","AUS",162.493963254287,0,89,162.493963254287,1.8257748680257,0.604875726033554,0,-0.687008106444826,1.8257748680257,-0.0821323804112725
"MV Boucher ","RSA",16.5489575763787,0,24,16.5489575763787,0.689539899015778,-0.0570251791653789,0,-0.687008106444826,0.689539899015778,-0.744033285610205
"MVT Fernando ","SL",-1,-0.3,1,-1.3,-1,-1.04124764989493,-0.3,-0.849038625279539,-1.3,-1.89028627517447
"MW Forde ","WI",8.63452380952381,13.647794117647,8,22.2823179271709,1.07931547619048,0.170034200622216,1.70597426470588,0.234391544318379,2.78528974089636,0.404425744940595
"MW Parkinson ","ENG",-10.95,15.825,6,4.875,-1.825,-1.52184212347019,2.6375,0.737510204977024,0.8125,-0.784331918493164
"MW Short ","AUS",51.6823208267481,11.3333333333333,14,63.0156541600814,3.69159434476772,1.69178788265331,0.809523809523809,-0.249782896890839,4.50111815429153,1.44200498576247
"Mahedi Hasan ","BAN",6.80975671645173,174.338095238095,55,181.147851954547,0.12381375848094,-0.386582581223685,3.16978354978354,1.02499747077239,3.29359730826448,0.638414889548708
"Mahmudul Hasan Joy ","BAN",-1.875,-3.8,2,-5.675,-0.9375,-1.00483897765438,-1.9,-1.71320139239801,-2.8375,-2.71804037005239
"Mahmudullah ","BAN",247.013923391587,93.8416666666665,124,340.855590058253,1.99204776928699,0.701736135065678,0.7567876344086,-0.278265796275091,2.74883540369559,0.423470338790586
"Mandeep Singh ","IND",11.712037037037,0,3,11.712037037037,3.90401234567901,1.81552960062406,0,-0.687008106444826,3.90401234567901,1.12852149417923
"Mansoor Amjad ","PAK",0,0,1,0,0,-0.458708894046135,0,-0.687008106444826,0,-1.14571700049096
"Mashrafe Mortaza ","BAN",35.2974067190979,76.5340579710146,47,111.831464690112,0.751008653597827,-0.0212172473475773,1.62838421214925,0.192485022744499,2.37939286574707,0.171267775396922
"Mehidy Hasan Miraz ","BAN",35.2974660436537,20.5083333333334,32,55.8057993769871,1.10304581386418,0.183858042006526,0.640885416666669,-0.340864784524488,1.74393123053085,-0.157006742517962
"Mehrab Hossain jnr ","BAN",-1.35441176470588,0.17058823529412,2,-1.18382352941176,-0.677205882352941,-0.853207566205504,0.0852941176470601,-0.640940605991819,-0.591911764705881,-1.49414817219732
"Mirwais Ashraf ","AFG",8.27961229946522,-12.9333333333333,7,-4.65372103386811,1.18280175706646,0.230318969931131,-1.84761904761905,-1.68491034942687,-0.664817290552587,-1.45459137949574
"Mirza Baig ","PAK",5.55555555555556,0,2,5.55555555555556,2.77777777777778,1.15945431664497,0,-0.687008106444826,2.77777777777778,0.472446210200141
"Misbah-ul-Haq ","PAK",78.5145936202791,0,35,78.5145936202791,2.24327410343654,0.848085211197614,0,-0.687008106444826,2.24327410343654,0.161077104752788
"Mohammad Ali ","PAK",-0.625,-5.06666666666666,3,-5.69166666666666,-0.208333333333333,-0.580071134847968,-1.68888888888889,-1.59917991618099,-1.89722222222222,-2.17925105102896
"Mohammad Amir ","PAK",-10.3458166833167,227.015659340659,57,216.669842657342,-0.181505555847661,-0.564442914729276,3.9827308656256,1.46407172200964,3.80122530977794,0.899628807280368
"Mohammad Ashraful ","BAN",54.762483352856,17.275,21,72.037483352856,2.60773730251695,1.06039914974259,0.822619047619047,-0.242710136148054,3.430356350136,0.817689013594533
"Mohammad Asif ","PAK",11.475,38.5833333333333,10,50.0583333333334,1.1475,0.209754328290359,3.85833333333334,1.3968843996794,5.00583333333334,1.60663872796976
"Mohammad Hafeez ","PAK",299.900684879401,211.632142857142,114,511.532827736544,2.63070776210001,1.07378033268938,1.85642230576441,0.31564879148631,4.48713006786442,1.38942912417569
"Mohammad Haris ","PAK",58.2028874826509,0,23,58.2028874826509,2.53056032533265,1.01544056947347,0,-0.687008106444826,2.53056032533265,0.328432463028645
"Mohammad Hasnain ","PAK",-5.025,64.5250000000001,28,59.5000000000001,-0.179464285714286,-0.563253795765428,2.30446428571429,0.557637039723014,2.125,-0.00561675604241385
"Mohammad Irfan ","PAK",-4.66666666666667,42.5632352941177,21,37.896568627451,-0.222222222222222,-0.588161950901423,2.02682072829132,0.407681274188484,1.8045985060691,-0.18048067671294
"Mohammad Ishaq ","AFG",6.95454545454545,0,5,6.95454545454545,1.39090909090909,0.351549557270827,0,-0.687008106444826,1.39090909090909,-0.335458549174
"Mohammad Mithun ","BAN",-10.9744637039769,0,15,-10.9744637039769,-0.731630913598457,-0.884912256194299,0,-0.687008106444826,-0.731630913598457,-1.57192036263913
"Mohammad Nabi ","AFG",227.008696109103,195.573809523809,95,422.582505632912,2.38956522220108,0.933305457514435,2.05867167919799,0.424884027857773,4.44823690139907,1.35818948537221
"Mohammad Naim ","BAN",69.879786595753,0,36,69.879786595753,1.94110518321536,0.672060104355792,0,-0.687008106444826,1.94110518321536,-0.0149480020890345
"Mohammad Nawaz (3) ","PAK",56.295784442166,179.375,59,235.670784442166,0.954165838002814,0.0971296860974482,3.04025423728813,0.955038465079274,3.99442007529094,1.05216815117672
"Mohammad Rafique ","BAN",5.275,4.2,1,9.475,5.275,2.61418304305627,4.2,1.58141915724115,9.475,4.19560220029742
"Mohammad Rizwan ","PAK",425.249909955298,0,100,425.249909955298,4.25249909955298,2.01853664065558,0,-0.687008106444826,4.25249909955298,1.33152853421076
"Mohammad Saifuddin ","BAN",30.9393608025961,107.911956521739,36,138.851317324335,0.859426688961002,0.0419404600844577,2.99755434782609,0.931976180933542,3.85698103678709,0.973916641018
"Mohammad Saleem ","AFG",0,0,1,0,0,-0.458708894046135,0,-0.687008106444826,0,-1.14571700049096
"Mohammad Salman ","PAK",-1.04166666666667,0,1,-1.04166666666667,-1.04166666666667,-1.0655200980553,0,-0.687008106444826,-1.04166666666667,-1.75252820450013
"Mohammad Sami ","PAK",-0.0964285714285724,57.9416666666667,12,57.8452380952381,-0.00803571428571437,-0.463390009048492,4.82847222222222,1.92085809137406,4.82043650793651,1.45746808232557
"Mohammad Shahid ","BAN",0,0,1,0,0,-0.458708894046135,0,-0.687008106444826,0,-1.14571700049096
"Mohammad Shahzad ","AFG",134.954870125627,0,38,134.954870125627,3.55144395067439,1.61014484644646,0,-0.687008106444826,3.55144395067439,0.92313674000163
"Mohammad Wasim (1) ","PAK",-7.84111721611721,92.8,28,84.9588827838828,-0.280039900575615,-0.621842989315474,3.31428571428572,1.10304333972915,3.0342458137101,0.481200350413671
"Mohammad Yousuf ","PAK",4.90935672514619,0,3,4.90935672514619,1.6364522417154,0.494587958848727,0,-0.687008106444826,1.6364522417154,-0.1924201475961
"Mohammed Shami ","IND",-5.75,53.2704710144928,22,47.5204710144928,-0.261363636363636,-0.610963341597525,2.42138504611331,0.620786144623023,2.16002140974967,0.00982280302549776
"Mohammed Siraj ","IND",-2.66428571428572,48.875,15,46.2107142857143,-0.177619047619048,-0.562178873061183,3.25833333333334,1.07282336200997,3.08071428571429,0.51064448894879
"Mominul Haque ","BAN",7.91776315789474,-4.1,6,3.81776315789474,1.31962719298246,0.310025089138105,-0.683333333333333,-1.05607762156834,0.636293859649123,-0.746052532430234
"Mosaddek Hossain ","BAN",22.5081267165439,53.1015151515152,30,75.6096418680591,0.750270890551465,-0.0216470229147163,1.77005050505051,0.268999232545104,2.52032139560197,0.247352209630388
"Mrittunjoy Chowdhury ","BAN",-2.34090909090909,-3.3,1,-5.64090909090909,-2.34090909090909,-1.82237916341945,-3.3,-2.46934381362667,-5.64090909090909,-4.29172297704612
"Mubasir Khan","PAK",0,0,1,0,0,-0.458708894046135,0,-0.687008106444826,0,-1.14571700049096
"Muhammad Musa ","PAK",0,0,2,0,0,-0.458708894046135,0,-0.687008106444826,0,-1.14571700049096
"Mujeeb Ur Rahman ","AFG",-9.40512820512822,209.375,45,199.969871794871,-0.209002849002849,-0.580461153673109,4.65277777777777,1.82596521807502,4.44377492877492,1.24550406440191
"Mukesh Kumar ","IND",3.175,50.521470920384,17,53.696470920384,0.186764705882353,-0.349911214644963,2.97185123061082,0.918093882873346,3.15861593649318,0.568182668228383
"Mukhtar Ahmed ","PAK",27.0230158730159,0,6,27.0230158730159,4.50383597883598,2.16495011361202,0,-0.687008106444826,4.50383597883598,1.47794200716719
"Muktar Ali ","BAN",3.09166666666667,-0.55,1,2.54166666666667,3.09166666666667,1.34230675945307,-0.55,-0.9840640576418,2.54166666666667,0.358242701811266
"Munim Shahriar ","BAN",-4.53472222222222,0,5,-4.53472222222222,-0.906944444444445,-0.98703918233678,0,-0.687008106444826,-0.906944444444445,-1.67404728878161
"Mushfiqur Rahim ","BAN",125.268616157096,0,90,125.268616157096,1.39187351285662,0.352111370432252,0,-0.687008106444826,1.39187351285662,-0.334896736012574
"Mustafizur Rahman ","BAN",-40.5761904761905,369.849259932645,99,329.273069456455,-0.40986050986051,-0.69746852553183,3.73585111043076,1.33073153926296,3.32599060057025,0.633263013731125
"N Boje ","RSA",0,0,1,0,0,-0.458708894046135,0,-0.687008106444826,0,-1.14571700049096
"N Burger ","RSA",-2.79166666666667,8.41666666666665,5,5.62499999999998,-0.558333333333334,-0.783959699395047,1.68333333333333,0.222163138127728,1.125,-0.561796561267319
"N Deonarine ","WI",0.290948275862075,-3.86666666666665,8,-3.57571839080457,0.0363685344827593,-0.437522813216504,-0.483333333333331,-0.948057275678529,-0.446964798850572,-1.38558008889503
"N Dickwella ","SL",60.174611325859,0,28,60.174611325859,2.14909326163782,0.793221220791394,0,-0.687008106444826,2.14909326163782,0.106213114346568
"N M'shangwe ","ZIM",-1.90833333333332,6.39166666666667,3,4.48333333333334,-0.636111111111108,-0.829268269294396,2.13055555555556,0.463708633797996,1.49444444444445,-0.3655596354964
"N Madziva ","ZIM",3.05520619731146,22.9312937062937,13,25.9864999036052,0.235015861331651,-0.321803046581262,1.7639456697149,0.265702000422342,1.99896153104655,-0.0561010461589204
"N Peter ","RSA",2.91785714285715,14.3583333333333,12,17.2761904761904,0.243154761904762,-0.317061821567425,1.19652777777777,-0.04076138433323,1.43968253968254,-0.357823205900655
"N Pooran ","WI",329.901338687619,0,102,329.901338687619,3.23432684987862,1.42541184509051,0,-0.687008106444826,3.23432684987862,0.738403738645688
"N Pradeep ","SL",-6.95000000000001,18.9310606060606,16,11.9810606060606,-0.434375,-0.711749166117956,1.18319128787879,-0.0479644455924532,0.748816287878786,-0.75971361171041
"N Rana ","IND",-2.75,0,2,-2.75,-1.375,-1.25969968333823,0,-0.687008106444826,-1.375,-1.94670778978306
"N Thushara ","SL",-11.825,81.5059523809524,20,69.6809523809524,-0.59125,-0.803134933441736,4.07529761904762,1.51406718562236,3.48404761904762,0.710932252180625
"N Vimukthi ","SL",-1.75,5.075,1,3.325,-1.75,-1.47815171678153,5.075,2.05400817050907,3.325,0.575856453727538
"NA Rock ","IRE",-7.56034798534798,0,13,-7.56034798534798,-0.581565229642153,-0.797493179366794,0,-0.687008106444826,-0.581565229642153,-1.48450128581162
"NA Saini ","IND",-2.09444444444445,44.7728260869565,11,42.6783816425121,-0.190404040404041,-0.569626626851689,4.07025691699605,1.51134469372667,3.87985287659201,0.941718066874981
"ND McKenzie ","RSA",-0.1875,0,2,-0.1875,-0.09375,-0.51332190240696,0,-0.687008106444826,-0.09375,-1.20033000885179
"NE Bonner ","WI",-0.206818181818182,-0.8,2,-1.00681818181818,-0.103409090909091,-0.518948697207772,-0.4,-0.903048798224443,-0.503409090909091,-1.42199749543222
"NG Jones ","IRE",5.48181818181817,-0.3,3,5.18181818181817,1.82727272727272,0.605748287095755,-0.0999999999999999,-0.74101827938973,1.72727272727272,-0.135269992293975
"NJ Astle ","NZL",8.49226314226314,12.6058823529412,4,21.0981454952043,2.12306578556578,0.778059207262504,3.1514705882353,1.01510660856885,5.27453637380108,1.79316581583136
"NJ Maddinson ","AUS",2.46666666666667,0,6,2.46666666666667,0.411111111111111,-0.219220738863852,0,-0.687008106444826,0.411111111111111,-0.906228845308678
"NJ O'Brien ","IRE",21.8832494582495,0,14,21.8832494582495,1.56308924701782,0.451851171192257,0,-0.687008106444826,1.56308924701782,-0.235156935252569
"NJ Reardon ","AUS",-2,0,2,-2,-1,-1.04124764989493,0,-0.687008106444826,-1,-1.72825575633976
"NL McCullum ","NZL",-8.094734268999,190.005418856505,61,181.910684587506,-0.132700561786869,-0.536012114209894,3.11484293207386,0.995323948130394,2.98214237028699,0.459311833920499
"NLTC Perera ","SL",157.091658631034,63.5962662337664,79,220.687924864801,1.98850200798778,0.699670591689899,0.805016028275524,-0.252217557339016,2.7935180362633,0.447453034350883
"NM Coulter-Nile ","AUS",8.32478289121293,89.7416666666667,27,98.0664495578797,0.308325292267145,-0.279097461892116,3.32376543209877,1.10816335171466,3.63209072436591,0.829065889822548
"NM Hauritz ","AUS",-2.40238095238096,7.525,3,5.12261904761904,-0.800793650793653,-0.925202231071086,2.50833333333333,0.66774706492319,1.70753968253968,-0.257455166147896
"NM Lyon ","AUS",-0.25,-0.975,2,-1.225,-0.125,-0.531526238527235,-0.4875,-0.950307699551235,-0.6125,-1.48183393807847
"NO Miller ","WI",1.25224358974359,36.705303030303,9,37.9575466200466,0.139138176638176,-0.377655513736262,4.078367003367,1.5157249654016,4.21750518000518,1.13806945166534
"NT Broom ","NZL",3.73356227106227,0,11,3.73356227106227,0.339414751914752,-0.260986646748988,0,-0.687008106444826,0.339414751914752,-0.947994753193814
"NT Ellis ","AUS",-16.1155844155844,118.845454545455,24,102.72987012987,-0.671482683982684,-0.849873581347419,4.95189393939394,1.98751837427008,4.28041125541126,1.13764479292266
"NT Tilak Varma ","IND",129.3234195079,10.1,24,139.4234195079,5.38847581282916,2.6802871018807,0.420833333333333,-0.459715295301687,5.8093091461625,2.22057180657901
"NV Ojha ","IND",-3.45555555555556,0,2,-3.45555555555556,-1.72777777777778,-1.465206411096,0,-0.687008106444826,-1.72777777777778,-2.15221451754083
"NW Bracken ","AUS",-1.47651515151516,72.547463768116,19,71.0709486166008,-0.0777113237639558,-0.503978751906953,3.81828756674295,1.37525561188682,3.74057624297899,0.871276859979864
"Nadif Chowdhury ","BAN",1.37976190476191,0,3,1.37976190476191,0.459920634920636,-0.190787299590279,0,-0.687008106444826,0.459920634920636,-0.877795406035106
"Naeem Islam ","BAN",12.4571152703506,6.99166666666665,10,19.4487819370172,1.24571152703506,0.266966349059371,0.699166666666665,-0.309386980605038,1.94487819370172,-0.0424206315456667
"Najeeb Tarakai ","AFG",26.8397463513162,0,8,26.8397463513162,3.35496829391453,1.49569016180299,0,-0.687008106444826,3.35496829391453,0.808682055358167
"Najibullah Zadran ","AFG",164.356880651318,0,76,164.356880651318,2.16259053488577,0.801083905556602,0,-0.687008106444826,2.16259053488577,0.114075799111776
"Najmul Hossain Shanto ","BAN",99.6277449519825,-1.9,43,97.7277449519825,2.3169243012089,0.890989305775937,-0.0441860465116279,-0.710873066583272,2.27273825469727,0.180116239192664
"Nangeyalia Kharote ","AFG",-8.91071428571428,15.3416666666667,6,6.43095238095238,-1.48511904761905,-1.32384829633348,2.55694444444444,0.69400201010474,1.0718253968254,-0.629846286228744
"Naseem Shah ","PAK",-3.07182539682539,49.1578947368421,26,46.0860693400167,-0.11814713064713,-0.52753417654042,1.89068825910931,0.334155892149114,1.77254112846218,-0.193378284391306
"Nasir Hossain ","BAN",36.4186525055686,12.3054347826087,25,48.7240872881773,1.45674610022274,0.389902166765209,0.492217391304348,-0.421160642136452,1.94896349152709,-0.031258475371243
"Nasir Jamshed ","PAK",38.8093392248204,0,18,38.8093392248204,2.15607440137891,0.797288005250573,0,-0.687008106444826,2.15607440137891,0.110279898805747
"Nasum Ahmed ","BAN",-11.0799019607843,113.152807486631,34,102.072905525847,-0.325879469434833,-0.648546314727368,3.3280237496068,1.11046327636529,3.00214428017196,0.461916961637924
"Nauman Anwar ","PAK",4.1,0,1,4.1,4.1,1.92970000493393,0,-0.687008106444826,4.1,1.2426918984891
"Naved-ul-Hasan ","PAK",2.59920634920635,16.5916666666667,4,19.190873015873,0.649801587301588,-0.0801742858308949,4.14791666666667,1.55328885883235,4.79771825396825,1.47311457300145
"Naveen-ul-Haq ","AFG",-16.4797008547009,167.439285714286,38,150.959584859585,-0.433676338281601,-0.711342168589761,4.4062969924812,1.69284051966039,3.9726206541996,0.981498351070625
"Nawroz Mangal ","AFG",5.8145202020202,1.19166666666666,12,7.00618686868687,0.48454335016835,-0.176443613684257,0.0993055555555553,-0.633373004145373,0.583848905723905,-0.80981661782963
"Nazimuddin ","BAN",9.85514705882353,0,6,9.85514705882353,1.64252450980392,0.498125290346196,0,-0.687008106444826,1.64252450980392,-0.18888281609863
"Nazmul Hossain ","BAN",-5.5,0.6,3,-4.9,-1.83333333333333,-1.52669661310226,0.2,-0.578987760555018,-1.63333333333333,-2.10568437365728
"Nazmul Islam ","BAN",1.29444444444444,34.15,13,35.4444444444445,0.0995726495726496,-0.400703966647516,2.62692307692308,0.731797590530929,2.72649572649573,0.331093623883414
"Nazmus Sadat ","BAN",0.083333333333325,0,1,0.083333333333325,0.083333333333325,-0.410163997725407,0,-0.687008106444826,0.083333333333325,-1.09717210417023
"Nijat Masood ","AFG",-0.75,11.1,3,10.35,-0.25,-0.604343583008334,3.7,1.31136829251663,3.45,0.707024709508298
"Noor Ahmad ","AFG",-9.26944444444444,15.6666666666666,11,6.3972222222222,-0.842676767676767,-0.949600769871245,1.42424242424242,0.0822276900432035,0.581565656565655,-0.867373079828041
"Noor Ali Zadran ","AFG",31.0915344571523,0,13,31.0915344571523,2.39165649670402,0.934523705961518,0,-0.687008106444826,2.39165649670402,0.247515599516691
"Nurul Hasan ","BAN",30.8273095776772,0,39,30.8273095776772,0.790443835325056,0.00175527435247419,0,-0.687008106444826,0.790443835325056,-0.685252832092352
"O Thomas ","WI",-13.9416666666667,46.8333333333333,21,32.8916666666667,-0.663888888888889,-0.845449901401308,2.23015873015873,0.517504480659786,1.56626984126984,-0.327945420741522
"OA Shah ","ENG",47.6943918095662,0,16,47.6943918095662,2.98089948809789,1.27778058506072,0,-0.687008106444826,2.98089948809789,0.590772478615895
"OC McCoy ","WI",-8.43571428571427,137.305952380952,40,128.870238095238,-0.210892857142857,-0.581562156663533,3.4326488095238,1.16697145217018,3.22175595238094,0.585409295506645
"OEG Baartman ","RSA",-6.875,38.625,10,31.75,-0.6875,-0.859204288692183,3.8625,1.3991348235521,3.175,0.53993053485992
"OF Smith ","WI",26.7664215686274,44.6666666666667,26,71.4330882352942,1.02947775263952,0.141001795150504,1.71794871794872,0.240858967224044,2.74742647058824,0.381860762374548
"OP Stone ","ENG",-3.75,-0.8,1,-4.55,-3.75,-2.64322922847912,-0.8,-1.11908949000406,-4.55,-3.76231871848318
"Omair Yousuf ","PAK",2.99239357134094,0,6,2.99239357134094,0.498732261890157,-0.168178022702987,0,-0.687008106444826,0.498732261890157,-0.855186129147813
"P Awana ","IND",0,0,2,0,0,-0.458708894046135,0,-0.687008106444826,0,-1.14571700049096
"P Jayawickrama ","SL",-3.25,2.35714285714285,5,-0.89285714285715,-0.65,-0.837359085347853,0.47142857142857,-0.432388719704564,-0.17857142857143,-1.26974780505242
"P Kumar ","IND",-8.25,27.6666666666667,10,19.4166666666667,-0.825,-0.939303367621392,2.76666666666667,0.80727334503086,1.94166666666667,-0.132030022590532
"P Mustard ","ENG",11.5128205128205,0,2,11.5128205128205,5.75641025641026,2.89462317487835,0,-0.687008106444826,5.75641025641026,2.20761506843352
"P Nissanka ","SL",237.437423060535,0,59,237.437423060535,4.02436310272093,1.88563858089672,0,-0.687008106444826,4.02436310272093,1.19863047445189
"P Utseya ","ZIM",-24.7558621933622,71.9355072463769,31,47.1796450530147,-0.798576199785877,-0.92391047991986,2.32050023375409,0.566298082992668,1.52192403396822,-0.357612396927192
"PA Hitchcock ","NZL",1.62954545454545,3.03333333333335,1,4.6628787878788,1.62954545454545,0.490564487643833,3.03333333333335,0.951300472883946,4.6628787878788,1.44186496052778
"PA Nixon ","ENG",5.24772727272727,0,1,5.24772727272727,5.24772727272727,2.59829562244221,0,-0.687008106444826,5.24772727272727,1.91128751599738
"PA Patel ","IND",4.03333333333333,0,2,4.03333333333333,2.01666666666667,0.716077596915604,0,-0.687008106444826,2.01666666666667,0.029069490470778
"PADLR Sandakan ","SL",-8.66461038961039,79.0530303030303,20,70.38841991342,-0.43323051948052,-0.711082461860045,3.95265151515152,1.44782581279789,3.519420995671,0.736743350937843
"PBB Rajapaksa ","SL",78.7178964946556,0,39,78.7178964946556,2.01840760242707,0.71709175946748,0,-0.687008106444826,2.01840760242707,0.0300836530226538
"PC Connell ","IRE",-6.625,-4.97142857142855,3,-11.5964285714286,-2.20833333333333,-1.74514864654556,-1.65714285714285,-1.58203382953181,-3.86547619047618,-3.32718247607737
"PC de Silva ","SL",-0.575,-7.6,2,-8.175,-0.2875,-0.626188786352664,-3.8,-2.73939467835119,-4.0875,-3.36558346470385
"PD Collingwood ","ENG",63.2723945854281,25.6,34,88.8723945854282,1.86095278192436,0.625368224229436,0.752941176470589,-0.280343274859664,2.61389395839495,0.345024949369772
"PD McGlashan ","NZL",-1.95801282051282,0,10,-1.95801282051282,-0.195801282051282,-0.572770729285888,0,-0.687008106444826,-0.195801282051282,-1.25977883573071
"PD Salt ","ENG",189.428245333898,0,39,189.428245333898,4.85713449574098,2.37076019209308,0,-0.687008106444826,4.85713449574098,1.68375208564826
"PDRL Perera ","SL",0,0,2,0,0,-0.458708894046135,0,-0.687008106444826,0,-1.14571700049096
"PE Kruger ","RSA",6.60608974358974,20.9,7,27.5060897435897,0.943727106227106,0.0910487202761883,2.98571428571428,0.925581342910173,3.92944139194139,1.01663006318636
"PG Fulton ","NZL",-6.6505106317009,0,11,-6.6505106317009,-0.604591875609172,-0.810907093059793,0,-0.687008106444826,-0.604591875609172,-1.49791519950462
"PHKD Mendis ","SL",40.1100075458303,4.08333333333334,23,44.1933408791636,1.74391337155784,0.557188231729248,0.177536231884058,-0.59112048056438,1.9214496034419,-0.033932248835132
"PJ Cummins ","AUS",14.8762987012987,214.7,56,229.576298701298,0.265648191094619,-0.303958527312392,3.83392857142857,1.38370334556784,4.09957676252318,1.07974481825545
"PJ Hughes ","AUS",-0.825,0,1,-0.825,-0.825,-0.939303367621392,0,-0.687008106444826,-0.825,-1.62631147406622
"PJ Ingram ","NZL",-4.42608695652174,0,3,-4.42608695652174,-1.47536231884058,-1.31816462368972,0,-0.687008106444826,-1.47536231884058,-2.00517273013455
"PJ Moor ","ZIM",40.1011149052098,0,17,40.1011149052098,2.35888911207116,0.915435434485072,0,-0.687008106444826,2.35888911207116,0.228427328040246
"PJ van Biljon ","RSA",14.9592803030303,0,10,14.9592803030303,1.49592803030303,0.412727159565933,0,-0.687008106444826,1.49592803030303,-0.274280946878893
"PKD Chase ","IRE",-5.86666666666668,31.3083333333333,7,25.4416666666667,-0.838095238095239,-0.946931851328937,4.47261904761905,1.72866117634095,3.63452380952381,0.781729325012017
"PM Nevill ","AUS",20.925,0,9,20.925,2.325,0.895693713302317,0,-0.687008106444826,2.325,0.208685606857491
"PM Siddle ","AUS",-0.625,9.9,2,9.275,-0.3125,-0.640752255248884,4.95,1.98649545432794,4.6375,1.34574319907905
"PP Chawla ","IND",-3.75,15.65,7,11.9,-0.535714285714286,-0.770783227536562,2.23571428571428,0.520505045823391,1.7,-0.250278181713171
"PP Ojha ","IND",2.66666666666667,33.6166666666667,6,36.2833333333333,0.444444444444446,-0.199802780335558,5.60277777777778,2.33906186105162,6.04722222222222,2.13925908071606
"PP Shaw ","IND",-3.75,0,1,-3.75,-3.75,-2.64322922847912,0,-0.687008106444826,-3.75,-3.33023733492395
"PR Brown ","ENG",-1.63888888888889,3.34166666666667,4,1.70277777777778,-0.409722222222223,-0.697387967623073,0.835416666666666,-0.235798119967605,0.425694444444444,-0.933186087590678
"PR Stirling ","IRE",261.607833189586,14.2416666666667,84,275.849499856252,3.11437896654269,1.3555375543653,0.169543650793651,-0.595437287434071,3.28392261733634,0.760100266931232
"PSP Handscomb ","AUS",2.36944444444444,0,2,2.36944444444444,1.18472222222222,0.231437715313619,0,-0.687008106444826,1.18472222222222,-0.455570391131207
"PVD Chameera ","SL",-11.7880952380953,136.434877955759,50,124.646782717663,-0.235761904761905,-0.596049340722678,2.72869755911517,0.786766164376662,2.49293565435327,0.190716823653984
"PW Hasaranga ","SL",49.336939284524,379.608333333333,73,428.945272617857,0.675848483349643,-0.0650009594133378,5.20011415525113,2.12158254213876,5.87596263860078,2.05658158272542
"PWA Mulder ","RSA",8.17999084249085,12,11,20.1799908424908,0.743635531135531,-0.0255123769334837,1.09090909090909,-0.0978062197731431,1.83454462204462,-0.123318596706627
"Parvez Hossain Emon ","BAN",30.3930590447135,0,14,30.3930590447135,2.17093278890811,0.805943591835751,0,-0.687008106444826,2.17093278890811,0.118935485390925
"Parvez Rasool ","IND",-1.04166666666667,2.95,1,1.90833333333333,-1.04166666666667,-1.0655200980553,2.95,0.906291995429851,1.90833333333333,-0.159228102625448
"Pramod Madushan ","SL",-2.79166666666667,23.7288461538462,6,20.9371794871795,-0.465277777777778,-0.729751231836895,3.95480769230769,1.44899036780894,3.48952991452991,0.719239135972042
"Q de Kock ","RSA",387.399420234026,0,87,387.399420234026,4.45286689924167,2.1352586493984,0,-0.687008106444826,4.45286689924167,1.44825054295357
"Qais Ahmad ","AFG",-2.17777777777778,32.4416666666667,8,30.2638888888889,-0.272222222222222,-0.617288888693863,4.05520833333333,1.50321692766468,3.78298611111111,0.885928038970816
"Qasim Akram ","PAK",2.26547619047618,2.45,3,4.71547619047618,0.755158730158728,-0.0187996669111129,0.816666666666667,-0.245925027394774,1.57182539682539,-0.264724694305887
"R Ashwin ","IND",25.1631764069264,229.460144927536,62,254.623321334462,0.405857683982684,-0.222281063767188,3.70097007947638,1.31189223411953,4.10682776345907,1.08961117035234
"R Dhawan ","IND",-1.875,1.7,1,-0.175,-1.875,-1.55096906126263,1.7,0.231164833618547,-0.175,-1.31980422764408
"R Dravid ","IND",5.3154761904762,0,1,5.3154761904762,5.3154761904762,2.63776199269777,0,-0.687008106444826,5.3154761904762,1.95075388625294
"R Frylinck ","RSA",0,0,3,0,0,-0.458708894046135,0,-0.687008106444826,0,-1.14571700049096
"R McLaren ","RSA",-5.5,50.9217391304348,12,45.4217391304348,-0.458333333333333,-0.725705823810167,4.24347826086957,1.60490184113024,3.78514492753623,0.879196017320077
"R Mondol ","BAN",-3.75,-0.85,2,-4.6,-1.875,-1.55096906126263,-0.425,-0.916551341460669,-2.3,-2.4675204027233
"R Mutumbami ","ZIM",20.6741730083642,0,21,20.6741730083642,0.984484428969724,0.114791440358401,0,-0.687008106444826,0.984484428969724,-0.572216666086426
"R Ngarava ","ZIM",-26.3184523809524,151.242259056733,50,124.92380667578,-0.526369047619048,-0.765339264163451,3.02484518113465,0.946716007201602,2.4984761335156,0.181376743038151
"R Parag ","IND",19.4245726495727,16,9,35.4245726495727,2.15828584995252,0.798576259751267,1.77777777777778,0.273172745909028,3.9360636277303,1.0717490056603
"R Powell ","WI",282.867649170771,-5.07499999999999,95,277.792649170771,2.97755420179759,1.27583182614139,-0.0534210526315788,-0.71586090936013,2.92413314916601,0.559970916781257
"R Rampaul ","WI",-10.2708333333333,85.6957071532587,27,75.4248738199254,-0.380401234567901,-0.680307355954667,3.17391507975032,1.02722891725272,2.79351384518242,0.346921561298054
"R Ravindra ","NZL",49.0570499432341,33.5,25,82.5570499432342,1.96228199772937,0.684396419535621,1.34,0.036728211016892,3.30228199772937,0.721124630552513
"R Sai Kishore ","IND",0,0,2,0,0,-0.458708894046135,0,-0.687008106444826,0,-1.14571700049096
"R Sharma ","IND",0,0,2,0,0,-0.458708894046135,0,-0.687008106444826,0,-1.14571700049096
"R Shepherd ","WI",104.415768175753,116.342692335932,61,220.758460511684,1.71173390452053,0.53844244503746,1.90725725140871,0.343104833545248,3.61899115592925,0.881547278582708
"R Telemachus ","RSA",1.54166666666667,6.35,3,7.89166666666668,0.513888888888892,-0.15934870006828,2.11666666666667,0.456207220888981,2.63055555555556,0.296858520820702
"R Vinay Kumar ","IND",-1.75,29.5916666666667,9,27.8416666666667,-0.194444444444444,-0.571980318794512,3.28796296296296,1.08882637621587,3.09351851851852,0.516846057421357
"RA Herman ","RSA",16.7363738738739,0,5,16.7363738738739,3.34727477477478,1.49120838873522,0,-0.687008106444826,3.34727477477478,0.804200282290398
"RA Jadeja ","IND",61.1942842649763,155.072514005602,70,216.266798270578,0.874204060928233,0.050548851964963,2.21532162865145,0.509490936475695,3.08952568957969,0.560039788440658
"RA Reifer ","WI",5.36521739130435,-3.6,3,1.76521739130435,1.78840579710145,0.583106793950118,-1.2,-1.33513018178368,0.588405797101449,-0.752023387833559
"RA Tripathi ","IND",13.9493055555556,0,5,13.9493055555556,2.78986111111111,1.16649332661147,0,-0.687008106444826,2.78986111111111,0.479485220166646
"RAS Lakmal ","SL",-9.7,11.5484848484848,11,1.84848484848484,-0.881818181818182,-0.972402160567347,1.04986225895317,-0.119975684700942,0.168044077134986,-1.09237784526829
"RD Chahar ","IND",-0.325,21.625,5,21.3,-0.065,-0.496573913176307,4.325,1.64893187342228,4.26,1.15235796024598
"RD Gaikwad ","IND",95.1749682410187,0,22,95.1749682410187,4.3261349200463,2.06143235991167,0,-0.687008106444826,4.3261349200463,1.37442425346684
"RD Rickelton ","RSA",50.5887022291434,0,16,50.5887022291434,3.16179388932146,1.38315858448952,0,-0.687008106444826,3.16179388932146,0.696150478044691
"RE Levi ","RSA",26.4147257970787,0,13,26.4147257970787,2.03190198439067,0.724952759947506,0,-0.687008106444826,2.03190198439067,0.0379446535026802
"RE van der Merwe ","RSA",0.224999999999989,35.5666666666667,12,35.7916666666667,0.0187499999999991,-0.447786292373971,2.96388888888889,0.913793408338866,2.98263888888889,0.466007115964895
"RG Sharma ","IND",599.650348538498,-10.8666666666667,153,588.783681871831,3.91928332378103,1.8244255372082,-0.0710239651416122,-0.72536827285014,3.84825935863942,1.09905726435806
"RJ Gleeson ","ENG",-5.58333333333333,27.8666666666666,6,22.2833333333333,-0.930555555555555,-1.00079356962765,4.64444444444444,1.82146437032962,3.71388888888889,0.820670800701962
"RJ Harris ","AUS",2,14.9068181818182,3,16.9068181818182,0.666666666666667,-0.0703497234802708,4.96893939393939,1.99672465374932,5.63560606060606,1.92637493026905
"RJ Kirtley ","ENG",-1.75,-4.8,1,-6.55,-1.75,-1.47815171678153,-4.8,-3.27949640780023,-6.55,-4.75764812458176
"RJ Nicol ","NZL",28.6783712763926,11.9333333333333,21,40.611704609726,1.36563672744727,0.336827426102419,0.568253968253968,-0.380093155424577,1.93389069570124,-0.0432657293221581
"RJ Peterson ","RSA",4.2051030353662,77.6333333333333,21,81.8384363686995,0.200243001684105,-0.342059584977648,3.6968253968254,1.30965368385172,3.8970683985095,0.967594098874067
"RJ Sidebottom ","ENG",0.8,72.1666666666667,17,72.9666666666667,0.0470588235294118,-0.431295305535603,4.24509803921569,1.60577668621631,4.2921568627451,1.1744813806807
"RJMGM Rupasinghe ","SL",1.51071428571429,0,2,1.51071428571429,0.755357142857143,-0.0186840838246337,0,-0.687008106444826,0.755357142857143,-0.70569219026946
"RJW Topley ","ENG",-7.2625,78.345695970696,32,71.083195970696,-0.226953125,-0.590917885119632,2.44830299908425,0.635324577575856,2.22134987408425,0.0444066924562243
"RK Kleinveldt ","RSA",8.28214285714285,24.875,6,33.1571428571428,1.38035714285714,0.345402638580864,4.14583333333333,1.552163646896,5.52619047619047,1.89756628547686
"RK Singh ","IND",86.9531030272409,8.7,32,95.6531030272409,2.71728446960128,1.12421462016265,0.271875,-0.540167948750868,2.98915946960128,0.584046671411783
"RL Chase ","WI",66.1239503081347,61.1250000000001,39,127.248950308135,1.69548590533679,0.528977355807928,1.56730769230769,0.159497488749348,3.26279359764448,0.688474844557276
"RLB Rambukwella ","SL",2.39375,2.875,2,5.26875,1.196875,0.238517179360393,1.4375,0.089388129638173,2.634375,0.327905308998566
"RM Hira ","NZL",4.41532634032634,31.0940476190476,15,35.509373959374,0.294355089355089,-0.28723564651546,2.07293650793651,0.432588486529742,2.3672915972916,0.145352840014282
"RM West ","IRE",-2.825,9.375,5,6.55,-0.565,-0.787843291100705,1.875,0.325682636272129,1.31,-0.462160654828576
"RMS Eranga ","SL",-0.557142857142858,8.64166666666667,3,8.08452380952381,-0.185714285714286,-0.566894662989483,2.88055555555556,0.868784930884778,2.69484126984127,0.301890267895295
"RN Lewis ","WI",-3.75,-0.8,1,-4.55,-3.75,-2.64322922847912,-0.8,-1.11908949000406,-4.55,-3.76231871848318
"RP Arnold ","SL",-0.375,0,1,-0.375,-0.375,-0.677160927489434,0,-0.687008106444826,-0.375,-1.36416903393426
"RP Burl ","ZIM",105.166995054893,76.6083333333334,60,181.775328388227,1.75278325091489,0.562355280214433,1.27680555555556,0.00259678228087628,3.02958880647045,0.56495206249531
"RP Meredith ","AUS",0,0,5,0,0,-0.458708894046135,0,-0.687008106444826,0,-1.14571700049096
"RP Singh ","IND",-1.125,50.7583333333333,9,49.6333333333333,-0.125,-0.531526238527235,5.63981481481482,2.35906562880899,5.51481481481482,1.82753939028176
"RR Emrit ","WI",-2.66666666666667,8.3,4,5.63333333333333,-0.666666666666667,-0.847068064612,2.075,0.433702982161938,1.40833333333333,-0.413365082450062
"RR Hendricks ","RSA",331.003959671303,-8.51764705882355,80,322.486312612479,4.13754949589128,1.95157404155319,-0.106470588235294,-0.744513055286166,4.03107890765599,1.20706098626702
"RR Pant ","IND",149.669004664629,0,72,149.669004664629,2.07873617589762,0.75223549159915,0,-0.687008106444826,2.07873617589762,0.065227385154324
"RR Rossouw ","RSA",124.566707447142,0,28,124.566707447142,4.44881098025508,2.13289591939813,0,-0.687008106444826,4.44881098025508,1.4458878129533
"RR Sarwan ","WI",32.1867374911204,7.7,18,39.8867374911204,1.78815208284002,0.582958995559924,0.427777777777778,-0.45596458884718,2.2159298606178,0.126994406712744
"RS Bopara ","ENG",70.2241969486482,44.0113636363637,36,114.235560585012,1.95067213746245,0.677633225980153,1.22253787878788,-0.0267132837945275,3.17321001625033,0.650919942185626
"RS Fernando ","SL",-0.075,-4.8,1,-4.875,-0.075,-0.502399300734795,-4.8,-3.27949640780023,-4.875,-3.78189570853503
"RS Morton ","WI",2.50073073945025,0,7,2.50073073945025,0.357247248492894,-0.250598526378679,0,-0.687008106444826,0.357247248492894,-0.937606632823505
"RT Ponting ","AUS",47.3658430874099,0,17,47.3658430874099,2.78622606396529,1.16437577076969,0,-0.687008106444826,2.78622606396529,0.477367664324865
"RTM Mendis ","SL",-3.375,7.76666666666667,4,4.39166666666667,-0.84375,-0.950225969293557,1.94166666666667,0.361689418235399,1.09791666666667,-0.588536551058158
"RV Uthappa ","IND",26.4639609294214,0,12,26.4639609294214,2.20533007745178,0.825981345508558,0,-0.687008106444826,2.20533007745178,0.138973239063731
"RW Chakabva ","ZIM",18.1717678058525,0,30,18.1717678058525,0.605725593528418,-0.105850260406317,0,-0.687008106444826,0.605725593528418,-0.792858366851143
"RW Price ","ZIM",-15.2416666666667,40.627380952381,14,25.3857142857143,-1.08869047619048,-1.09291328955057,2.90195578231293,0.880343230367036,1.81326530612245,-0.212570059183533
"Raees Ahmadzai ","AFG",8.06666666666667,0,5,8.06666666666667,1.61333333333333,0.481120298723257,0,-0.687008106444826,1.61333333333333,-0.20588780772157
"Rafatullah Mohmand ","PAK",-0.779166666666668,0,3,-0.779166666666668,-0.259722222222223,-0.610007154245753,0,-0.687008106444826,-0.259722222222223,-1.29701526069058
"Rahmanullah Gurbaz ","AFG",183.870478387691,0,56,183.870478387691,3.2834013997802,1.45399967233402,0,-0.687008106444826,3.2834013997802,0.766991565889195
"Rahmat Shah ","AFG",-2.125,0,1,-2.125,-2.125,-1.69660375022483,0,-0.687008106444826,-2.125,-2.38361185666965
"Rakibul Hasan ","BAN",12.4833333333333,-0.85,2,11.6333333333333,6.24166666666666,3.17730384037677,-0.425,-0.916551341460669,5.81666666666666,2.2607524989161
"Ramandeep Singh ","IND",5.175,0.65,2,5.825,2.5875,1.04861013671263,0.325,-0.511475044373887,2.9125,0.537135092338739
"Rameez Raja (2) ","PAK",-0.52037037037037,0,2,-0.52037037037037,-0.260185185185185,-0.610276848114202,0,-0.687008106444826,-0.260185185185185,-1.29728495455903
"Raqibul Hasan ","BAN",-1.76346153846155,0,5,-1.76346153846155,-0.35269230769231,-0.664165832166654,0,-0.687008106444826,-0.35269230769231,-1.35117393861148
"Rashid Khan ","AFG",40.0106628719615,472.766666666666,78,512.777329538627,0.512957216307198,-0.159891435454878,6.0611111111111,2.58660848704909,6.5740683274183,2.42671705159421
"Ravi Bishnoi ","IND",4.58749999999998,196.491666666666,41,201.079166666666,0.111890243902439,-0.39352849057159,4.79247967479674,1.90141845426228,4.90436991869918,1.50788996369069
"Raza Hasan ","PAK",-0.108333333333333,43.2083333333334,10,43.1,-0.0108333333333333,-0.46501973056783,4.32083333333334,1.64668144954958,4.31,1.18166171898175
"Rehan Ahmed ","ENG",4.17023809523808,29.3833333333333,10,33.5535714285714,0.417023809523808,-0.21577636288681,2.93833333333333,0.899990808586278,3.35535714285714,0.684214445699468
"Rishad Hossain ","BAN",-0.0447802197802147,100.208333333333,32,100.163553113553,-0.00139938186813171,-0.459524088218554,3.13151041666667,1.00432608538453,3.13011103479854,0.54480199716598
"Robiul Islam ","BAN",0,0,1,0,0,-0.458708894046135,0,-0.687008106444826,0,-1.14571700049096
"Rohail Nazir ","PAK",-0.333333333333333,0,2,-0.333333333333333,-0.166666666666666,-0.555798686687601,0,-0.687008106444826,-0.166666666666666,-1.24280679313243
"Rony Talukdar ","BAN",32.4327112247021,0,11,32.4327112247021,2.94842829315473,1.25886485555761,0,-0.687008106444826,2.94842829315473,0.571856749112788
"Rubel Hossain ","BAN",-22.5333333333333,63.8131752305666,27,41.2798418972332,-0.834567901234568,-0.944877040902662,2.36345093446543,0.589495830727908,1.52888303323086,-0.355381210174753
"Rumman Raees ","PAK",0,0,5,0,0,-0.458708894046135,0,-0.687008106444826,0,-1.14571700049096
"S Aravind ","IND",0,0,1,0,0,-0.458708894046135,0,-0.687008106444826,0,-1.14571700049096
"S Badree ","WI",-15.5674242424242,204.675,49,189.107575757575,-0.317702535559678,-0.643782933841078,4.17704081632652,1.56901886243237,3.85933828076685,0.925235928591294
"S Badrinath ","IND",6.0304054054054,0,1,6.0304054054054,6.0304054054054,3.05423596808258,0,-0.687008106444826,6.0304054054054,2.36722786163776
"S Chanderpaul ","WI",30.1641435859455,0,22,30.1641435859455,1.3710974357248,0.340008500308464,0,-0.687008106444826,1.3710974357248,-0.346999606136363
"S Daniel ","SL",1.725,0,1,1.725,1.725,0.546170459793039,0,-0.687008106444826,1.725,-0.140837646651787
"S Dhawan ","IND",231.325600296835,0,67,231.325600296835,3.45262089995276,1.5525765894299,0,-0.687008106444826,3.45262089995276,0.865568482985072
"S Dube ","IND",67.6391295999752,12.1916666666667,33,79.8307962666418,2.04967059393864,0.735303663646745,0.369444444444445,-0.487470523065041,2.41911503838309,0.247833140581704
"S Joseph ","WI",5.35,30.3583333333333,12,35.7083333333333,0.445833333333333,-0.198993698730213,2.52986111111111,0.679374254932162,2.97569444444444,0.480380556201949
"S Kaul ","IND",0,0,3,0,0,-0.458708894046135,0,-0.687008106444826,0,-1.14571700049096
"S Mahmood ","ENG",-9.80530303030304,56.1,19,46.294696969697,-0.516068580542265,-0.759338842887881,2.95263157894737,0.907713315770507,2.43656299840511,0.148374472882627
"S Matsikenyeri ","ZIM",-7.77291385515071,-1.15,8,-8.92291385515071,-0.971614231893839,-1.02471183985856,-0.14375,-0.764647730053126,-1.11536423189384,-1.78935956991168
"S Muthusamy ","RSA",-4.39305555555556,16.2083333333333,5,11.8152777777778,-0.878611111111111,-0.97053391758773,3.24166666666667,1.06382166651916,2.36305555555556,0.093287748931426
"S Prasanna ","SL",28.9031114718615,35.8083333333334,20,64.7114448051948,1.44515557359307,0.383150235802728,1.79041666666667,0.279999031656232,3.23557224025974,0.66314926745896
"S Qeshile","RSA",0,0,2,0,0,-0.458708894046135,0,-0.687008106444826,0,-1.14571700049096
"S Randiv ","SL",0.05,25.3583333333333,7,25.4083333333333,0.00714285714285715,-0.454547902932929,3.62261904761905,1.26957470630927,3.6297619047619,0.815026803376337
"S Samarawickrama ","SL",28.2651237954013,0,19,28.2651237954013,1.48763809449481,0.407897950674144,0,-0.687008106444826,1.48763809449481,-0.279110155770683
"S Sandeep Warrier ","IND",0,0,1,0,0,-0.458708894046135,0,-0.687008106444826,0,-1.14571700049096
"S Sreesanth ","IND",-0.966666666666668,23.4666666666667,9,22.5,-0.107407407407408,-0.521277871526191,2.60740740740741,0.721257143674161,2.5,0.19997927214797
"S Tyagi ","IND",0,0,1,0,0,-0.458708894046135,0,-0.687008106444826,0,-1.14571700049096
"SA Abbott ","AUS",-11.2541666666667,57.4246376811594,22,46.1704710144928,-0.51155303030303,-0.756708359869544,2.61021080368907,0.722771262854215,2.09865777338604,-0.0339370970153291
"SA Yadav ","IND",426.221040400648,7.7,78,433.921040400648,5.46437231282882,2.72449975456378,0.0987179487179487,-0.6336903716146,5.56309026154677,2.09080938294918
"SB Styris ","NZL",66.8070815689588,63.825,29,130.632081568959,2.30369246789513,0.883281250059738,2.20086206896552,0.501681303282249,4.50455453686065,1.38496255334199
"SC Getkate ","IRE",7.22761405261404,30.4,14,37.627614052614,0.516258146615289,-0.157968515620059,2.17142857142857,0.48578422035881,2.68768671804386,0.327815704738751
"SC Kuggeleijn ","NZL",15.4345238095238,35.2677536231884,18,50.7022774327122,0.857473544973545,0.0408026780160106,1.95931964573269,0.371223822758886,2.81679319070623,0.412026500774896
"SC Meaker ","ENG",0,0,2,0,0,-0.458708894046135,0,-0.687008106444826,0,-1.14571700049096
"SC Williams ","ZIM",107.540314404807,84.9583333333334,55,192.498647738141,1.95527844372377,0.680316577898682,1.54469696969697,0.147285398363204,3.49997541342074,0.827601976261886
"SCJ Broad ","ENG",2.14247835497835,190.15,54,192.292478354978,0.0396755250921916,-0.435596363021282,3.52129629629629,1.21485011308731,3.56097182138848,0.779253750066028
"SD Hope ","WI",161.913681862393,0,50,161.913681862393,3.23827363724787,1.42771100169419,0,-0.687008106444826,3.23827363724787,0.740702895249368
"SD Parry ","ENG",0,0,4,0,0,-0.458708894046135,0,-0.687008106444826,0,-1.14571700049096
"SE Bond ","NZL",-6.82261904761905,79.3952380952381,19,72.5726190476191,-0.359085213032581,-0.667889947289835,4.17869674185464,1.56991323067395,3.81961152882206,0.90202328338411
"SE Findlay ","WI",2.8155462184874,0,2,2.8155462184874,1.4077731092437,0.361373501530081,0,-0.687008106444826,1.4077731092437,-0.325634604914745
"SE Marsh ","AUS",17.7832417083747,0,15,17.7832417083747,1.18554944722498,0.231919605937531,0,-0.687008106444826,1.18554944722498,-0.455088500507295
"SE Rutherford ","WI",69.8645297512944,-3.36666666666666,36,66.4978630846278,1.9406813819804,0.671813223711651,-0.0935185185185185,-0.73751762003219,1.84716286346188,-0.0657043963205397
"SF Mire ","ZIM",36.6267539981696,-5.70833333333333,8,30.9184206648363,4.5783442497712,2.20835406906307,-0.713541666666667,-1.07239319464545,3.86480258310453,1.13596087441763
"SG Borthwick ","ENG",0.7875,5.075,1,5.8625,0.7875,4.0376184792172e-05,5.075,2.05400817050907,5.8625,2.05404854669386
"SH Johnson ","AUS",-3.75,38.9712406015038,8,35.2212406015038,-0.46875,-0.731773935850259,4.87140507518797,1.94404619951104,4.40265507518797,1.21227226366078
"SHA Rance ","NZL",-6.3235294117647,26.5666666666667,8,20.243137254902,-0.790441176470588,-0.91917151355897,3.32083333333333,1.10657972010054,2.53039215686274,0.187408206541566
"SHT Kandamby ","SL",-4.92261904761905,0,4,-4.92261904761905,-1.23065476190476,-1.17561298792553,0,-0.687008106444826,-1.23065476190476,-1.86262109437036
"SI Mahmood ","ENG",-3.875,2.67500000000002,4,-1.19999999999998,-0.96875,-1.02304331377466,0.668750000000004,-0.325815074875777,-0.299999999999996,-1.34885838865043
"SI de Saram","SL",0,0,1,0,0,-0.458708894046135,0,-0.687008106444826,0,-1.14571700049096
"SJ Benn ","WI",-0.1076388888889,69.0916666666667,24,68.9840277777778,-0.00448495370370416,-0.46132155339673,2.87881944444445,0.867847254271152,2.87433449074074,0.406525700874422
"SJ Harmison ","ENG",0,0,2,0,0,-0.458708894046135,0,-0.687008106444826,0,-1.14571700049096
"SK Raina ","IND",226.618130817117,33.0885964912281,77,259.706727308345,2.9430926080145,1.25575661217442,0.429722032353612,-0.454914493588283,3.37281464036811,0.800842118586139
"SK Springer ","WI",0.341666666666675,1.65,2,1.99166666666668,0.170833333333338,-0.35919185658863,0.825,-0.241424179649366,0.995833333333338,-0.600616036237996
"SL Malinga ","SL",-34.4884529943741,319.548103707886,81,285.059650713512,-0.425783370300914,-0.706744208842337,3.94503831738131,1.44371391151556,3.51925494708039,0.736969702673223
"SM Boland ","AUS",0,0,3,0,0,-0.458708894046135,0,-0.687008106444826,0,-1.14571700049096
"SM Curran ","ENG",39.639753996004,133.412004662004,56,173.051758658008,0.707852749928643,-0.0463572337785543,2.38235722610722,0.59970715154111,3.09020997603587,0.553349917762555
"SM Davies ","ENG",15.4083028083028,0,5,15.4083028083028,3.08166056166057,1.33647781549191,0,-0.687008106444826,3.08166056166057,0.649469709047088
"SM Harwood ","AUS",0,0,3,0,0,-0.458708894046135,0,-0.687008106444826,0,-1.14571700049096
"SM Katich ","AUS",11.9568181818182,0,3,11.9568181818182,3.98560606060606,1.86306110180274,0,-0.687008106444826,3.98560606060606,1.17605299535791
"SM Pollock ","RSA",-2.36755793226383,50.0690476190477,12,47.7014896867838,-0.197296494355319,-0.573641748401212,4.17242063492064,1.56652349446468,3.97512414056532,0.992881746063472
"SMA Priyanjan ","SL",4.3,0,3,4.3,1.43333333333333,0.376263322670473,0,-0.687008106444826,1.43333333333333,-0.310744783774353
"SMLD Samarakoon ","SL",-2.79166666666667,5.28333333333333,1,2.49166666666667,-2.79166666666667,-2.08496292079069,5.28333333333333,2.16652936414429,2.49166666666667,0.0815664433535921
"SMSM Senanayake ","SL",-9.7155303030303,89.0166666666667,23,79.3011363636364,-0.422414361001317,-0.704781630356507,3.87028985507246,1.4033421377489,3.44787549407115,0.69856050739239
"SN Thakur ","IND",13.6547619047619,84.9416666666667,25,98.5964285714286,0.546190476190476,-0.140531773589674,3.39766666666667,1.14807753631321,3.94385714285714,1.00754576272353
"SNJ O'Keefe ","AUS",-0.654166666666675,17.275,7,16.6208333333333,-0.0934523809523821,-0.513148527777244,2.46785714285714,0.64588580444549,2.37440476190476,0.132737276668247
"SO Hetmyer ","WI",140.306915988866,0,69,140.306915988866,2.03343356505604,0.72584496504279,0,-0.687008106444826,2.03343356505604,0.0388368585979643
"SP Fleming ","NZL",16.3189789377289,0,5,16.3189789377289,3.26379578754578,1.44257864337533,0,-0.687008106444826,3.26379578754578,0.755570536930502
"SP Narine ","WI",10.2146951088128,203.15606060606,51,213.370755714873,0.200288139388486,-0.342033290515496,3.98345216874628,1.46446129907258,4.18374030813477,1.12242800855708
"SPD Smith ","AUS",133.913659534559,52.5916666666667,67,186.505326201226,1.9987113363367,0.705617921124334,0.784950248756219,-0.263055119560136,2.78366158509292,0.442562801564198
"SR Clark ","AUS",0,0,9,0,0,-0.458708894046135,0,-0.687008106444826,0,-1.14571700049096
"SR Patel ","ENG",9.81120129870129,14.2083333333333,18,24.0195346320346,0.545066738816738,-0.141186394161271,0.789351851851852,-0.260677806115836,1.33441859066859,-0.401864200277107
"SR Tendulkar ","IND",0.183333333333332,4.55,1,4.73333333333333,0.183333333333332,-0.351910122140523,4.55,1.77045476254832,4.73333333333333,1.4185446404078
"SR Thompson ","IRE",19.7404761904762,-2.13333333333333,12,17.6071428571429,1.64503968253968,0.499590475942431,-0.177777777777778,-0.783026191680212,1.4672619047619,-0.283435715737781
"SR Watson ","AUS",218.146918456903,143.23414232826,58,361.381060785163,3.76115376649833,1.73230894164581,2.46955417807344,0.64680237610075,6.23070794457177,2.37911131774656
"SS Cottrell ","WI",-16.6202380952381,155.724265094173,45,139.104026998935,-0.369338624338624,-0.673862956755264,3.46053922431496,1.18203511343393,3.09120059997634,0.508172156678671
"SS Iyer ","IND",152.417918984101,0.7,51,153.117918984101,2.98858664674707,1.28225865289623,0.0137254901960784,-0.679594945452388,3.00231213694315,0.602663707443843
"SS Pathirana ","SL",-2.225,15.6911764705882,5,13.4661764705882,-0.445,-0.71793864039885,3.13823529411765,1.00795820332614,2.69323529411765,0.290019562927291
"SSB Magala ","RSA",11.9875,7.7833333333333,6,19.7708333333333,1.99791666666667,0.70515499524344,1.29722222222222,0.0136238592571234,3.29513888888888,0.718778854500563
"SSD Arachchige ","SL",1.39655172413793,6.48571428571429,1,7.88226600985222,1.39655172413793,0.354836609811666,6.48571428571429,2.81593739598182,7.88226600985222,3.17077400579349
"SSJ Brooks ","WI",23.6830213909409,0,12,23.6830213909409,1.97358511591175,0.690980923938796,0,-0.687008106444826,1.97358511591175,0.00397281749396938
"ST Doheny ","IRE",-2.89038461538463,0,3,-2.89038461538463,-0.963461538461542,-1.01996257996969,0,-0.687008106444826,-0.963461538461542,-1.70697068641452
"ST Finn ","ENG",-2.78333333333334,88.45,21,85.6666666666667,-0.132539682539683,-0.535918395813396,4.21190476190476,1.5878489397346,4.07936507936508,1.0519305439212
"ST Gabriel ","WI",0,0,2,0,0,-0.458708894046135,0,-0.687008106444826,0,-1.14571700049096
"ST Jayasuriya ","SL",59.0094425808858,51.059090909091,29,110.068533489977,2.03480836485813,0.726645839209045,1.76065830721003,0.263926490248137,3.79546667206817,0.990572329457182
"ST de Silva ","SL",-5.875,-1.3,3,-7.175,-1.95833333333333,-1.59951395758336,-0.433333333333333,-0.921052189206078,-2.39166666666667,-2.52056614678944
"STR Binny ","IND",5.16702898550725,-7.15,3,-1.98297101449275,1.72234299516908,0.544622651504552,-2.38333333333333,-1.97425056163171,-0.66099033816425,-1.42962791012716
"SV Samson ","IND",122.279138356275,0,42,122.279138356275,2.91140805610177,1.23729913272356,0,-0.687008106444826,2.91140805610177,0.550291026278729
"SW Billings ","ENG",50.718604199558,0,36,50.718604199558,1.40885011665439,0.362000900087145,0,-0.687008106444826,1.40885011665439,-0.325007206357681
"SW Masakadza ","ZIM",-9.71785714285715,-0.188235294117645,7,-9.9060924369748,-1.38826530612245,-1.26742723826276,-0.0268907563025207,-0.70153185043001,-1.41515606242497,-1.96895908869277
"SW Poynter ","IRE",15.9361111111111,0,6,15.9361111111111,2.65601851851852,1.08852482924301,0,-0.687008106444826,2.65601851851852,0.401516722798181
"SW Tait ","AUS",-8.79166666666667,97.919696969697,21,89.1280303030303,-0.418650793650794,-0.70258920651458,4.66284271284272,1.83140130691039,4.24419191919192,1.12881210039581
"Saad Nasim ","PAK",2.71502976190476,-2.3,3,0.415029761904762,0.905009920634921,0.0684944591513497,-0.766666666666667,-1.10108609902243,0.138343253968254,-1.03259163987108
"Sabbir Rahman ","BAN",100.37821346117,13.9115384615385,41,114.289751922708,2.44824910880902,0.967491095807396,0.339305816135084,-0.503748448338148,2.7875549249441,0.463742647469248
"Saeed Ajmal ","PAK",-7.30476190476191,303.385996364428,63,296.081234459667,-0.115948601662888,-0.526253448201241,4.81565073594331,1.91393318446071,4.69970213428042,1.38767973625947
"Sahibzada Farhan ","PAK",38.346323571815,0,15,38.346323571815,2.55642157145433,1.0305057476139,0,-0.687008106444826,2.55642157145433,0.34349764116907
"Saif Hassan ","BAN",-13.1875,-0.6,4,-13.7875,-3.296875,-2.37926635473514,-0.15,-0.768023365862183,-3.446875,-3.14728972059732
"Saim Ayub ","PAK",95.6872973805498,19.2,35,114.88729738055,2.73392278230142,1.13390708214242,0.548571428571428,-0.390723729147066,3.28249421087285,0.743183352995351
"Sajedul Islam ","BAN",0,0,1,0,0,-0.458708894046135,0,-0.687008106444826,0,-1.14571700049096
"Salman Butt ","PAK",56.0086523582387,0,20,56.0086523582387,2.80043261791194,1.17265163903067,0,-0.687008106444826,2.80043261791194,0.485643532585846
"Salman Mirza ","PAK",-3.75,28.9392857142857,3,25.1892857142857,-1.25,-1.18688233885713,9.64642857142857,4.52304464799041,8.39642857142857,3.33616230913328
"Samiullah Shinwari ","AFG",39.1788713459415,24.225,33,63.4038713459415,1.18723852563459,0.232903559572798,0.734090909090909,-0.290524336872006,1.9213294347255,-0.057620777299208
"Sandeep Sharma ","IND",-0.625,0.10833333333335,2,-0.51666666666665,-0.3125,-0.640752255248884,0.0541666666666751,-0.657752596099665,-0.258333333333325,-1.29850485134855
"Saqlain Sajib ","BAN",0,0,1,0,0,-0.458708894046135,0,-0.687008106444826,0,-1.14571700049096
"Sarfaraz Ahmed ","PAK",78.8449955609979,0,55,78.8449955609979,1.43354537383633,0.376386844481276,0,-0.687008106444826,1.43354537383633,-0.31062126196355
"Sayed Shirzad ","AFG",0,0,2,0,0,-0.458708894046135,0,-0.687008106444826,0,-1.14571700049096
"Sediqullah Atal ","AFG",-0.964685150375938,0,9,-0.964685150375938,-0.10718723893066,-0.521149614855669,0,-0.687008106444826,-0.10718723893066,-1.2081577213005
"Shabbir Ahmed ","PAK",0,0,1,0,0,-0.458708894046135,0,-0.687008106444826,0,-1.14571700049096
"Shadab Khan ","PAK",90.7150132525712,311.45036231884,101,402.165375571411,0.89816844804526,0.0645090362207948,3.08366695365188,0.978485748267417,3.98183540169714,1.04299478448821
"Shafiqullah ","AFG",39.3105657006392,0,28,39.3105657006392,1.40394877502283,0.359145678631106,0,-0.687008106444826,1.40394877502283,-0.32786242781372
"Shafiul Islam ","BAN",-9.34529914529915,51.3625,19,42.0172008547009,-0.491857849752587,-0.745235153895471,2.70328947368421,0.77304321349341,2.21143162393163,0.0278080595979392
"Shahadat Hossain ","BAN",-7.79166666666667,5.61666666666669,6,-2.17499999999998,-1.29861111111111,-1.21520019504423,0.936111111111114,-0.181412876377248,-0.362499999999997,-1.39661307142147
"Shahadat Hossain (3) ","BAN",-1.33928571428572,0,2,-1.33928571428572,-0.669642857142858,-0.848801810909169,0,-0.687008106444826,-0.669642857142858,-1.535809917354
"Shahbaz Ahmed ","IND",0,0,2,0,0,-0.458708894046135,0,-0.687008106444826,0,-1.14571700049096
"Shaheen Shah Afridi ","PAK",1.24532550782547,315.081159420289,76,316.326484928115,0.016385861945072,-0.449163494415143,4.14580472921433,1.55214819776186,4.1621905911594,1.10298470334671
"Shahid Afridi ","PAK",212.272791307329,315.354411764705,94,527.627203072034,2.25822118412052,0.85679246498283,3.35483416770963,1.12494362954989,5.61305535183015,1.98173609453272
"Shahidullah ","AFG",8.70598006644517,0,3,8.70598006644517,2.90199335548172,1.23181470473766,0,-0.687008106444826,2.90199335548172,0.544806598292837
"Shahnawaz Dahani ","PAK",5.91666666666668,11.0083333333333,10,16.925,0.591666666666668,-0.11404013016893,1.10083333333333,-0.0924461192763383,1.6925,-0.206486249445268
"Shahriar Nafees ","BAN",4.4514705882353,0,1,4.4514705882353,4.4514705882353,2.13444524412197,0,-0.687008106444826,4.4514705882353,1.44743713767714
"Shahzaib Hasan ","PAK",-2.23882396207912,0,10,-2.23882396207912,-0.223882396207912,-0.58912906658954,0,-0.687008106444826,-0.223882396207912,-1.27613717303437
"Shakeel Ansar ","PAK",-3.75,0,2,-3.75,-1.875,-1.55096906126263,0,-0.687008106444826,-1.875,-2.23797716770745
"Shakib Al Hasan ","BAN",237.119338542117,421.382159831015,112,658.501498373132,2.1171369512689,0.774605431507565,3.76234071277692,1.34503861930253,5.87947766404582,2.1196440508101
"Shamim Hossain ","BAN",57.7907288612212,8.225,31,66.0157288612212,1.86421706003939,0.627269792741314,0.265322580645161,-0.543706921776491,2.12953964068455,0.0835628709648223
"Shamsur Rahman ","BAN",-0.389583333333317,0,9,-0.389583333333317,-0.0432870370370352,-0.48392527074607,0,-0.687008106444826,-0.0432870370370352,-1.1709333771909
"Shan Masood ","PAK",42.222150248772,0,18,42.222150248772,2.34567501382067,0.907737710130566,0,-0.687008106444826,2.34567501382067,0.22072960368574
"Shapoor Zadran ","AFG",-14.4075311942959,51.8226190476191,21,37.4150878533232,-0.68607291401409,-0.858372955797462,2.46774376417234,0.645824568421745,1.78167085015825,-0.212548387375717
"Sharafuddin Ashraf ","AFG",-8.99642857142857,19.7416666666667,14,10.7452380952381,-0.642602040816327,-0.833049487409176,1.41011904761905,0.0745996299032584,0.76751700680272,-0.758449857505917
"Sharjeel Khan ","PAK",62.9866329647527,0,20,62.9866329647527,3.14933164823763,1.37589884607346,0,-0.687008106444826,3.14933164823763,0.688890739628629
"Shivam Mavi ","IND",3.59999999999999,19.325,6,22.925,0.599999999999999,-0.109185640536858,3.22083333333333,1.05256954715563,3.82083333333333,0.943383906618775
"Shoaib Akhtar ","PAK",0.641666666666675,47.8083333333334,13,48.45,0.049358974358975,-0.429955378533085,3.67756410256411,1.29925062550976,3.72692307692308,0.86929524697668
"Shoaib Khan jnr ","PAK",2.00767195767196,0,3,2.00767195767196,0.669223985890652,-0.068859985921222,0,-0.687008106444826,0.669223985890652,-0.755868092366048
"Shoaib Malik ","PAK",256.799466529284,76.2750000000001,111,333.074466529284,2.31350870747103,0.888999590049394,0.687162162162163,-0.315870634249098,3.00067086963319,0.573128955800296
"Shohidul Islam ","BAN",0,0,1,0,0,-0.458708894046135,0,-0.687008106444826,0,-1.14571700049096
"Shoriful Islam ","BAN",3.79404761904764,144.441113653699,45,148.235161272747,0.0843121693121697,-0.409593787832111,3.20980252563776,1.04661178884203,3.29411469494993,0.637018001009924
"Shubman Gill ","IND",85.4722653119899,0,21,85.4722653119899,4.07010787199952,1.91228668187886,0,-0.687008106444826,4.07010787199952,1.22527857543403
"Shuvagata Hom ","BAN",-0.47920168067227,8.38333333333334,5,7.90413165266107,-0.0958403361344541,-0.51453960421803,1.67666666666667,0.218562459931403,1.58082633053221,-0.295977144286628
"Sikandar Raza ","ZIM",139.693397498694,108.054901960784,75,247.748299459478,1.86257863331592,0.626315345676272,1.44073202614379,0.0911337525480583,3.30331065945971,0.717449098224331
"Simi Singh ","IRE",-12.5904974110857,40.5333333333334,26,27.9428359222477,-0.484249900426372,-0.740803228560417,1.55897435897436,0.154996641003939,1.07472445854799,-0.585806587556478
"Sohag Gazi ","BAN",0.971428571428575,10.2916666666667,10,11.2630952380952,0.0971428571428575,-0.402119414906538,1.02916666666667,-0.131153409886853,1.12630952380952,-0.533272824793391
"Sohaib Maqsood ","PAK",24.6878522142108,-2.3,26,22.3878522142108,0.949532777469648,0.0944307487786858,-0.0884615384615385,-0.734786336357626,0.86107123900811,-0.64035558757894
"Sohail Khan ","PAK",0,0,2,0,0,-0.458708894046135,0,-0.687008106444826,0,-1.14571700049096
"Sohail Tanvir ","PAK",22.0850482850483,177.17536231884,55,199.260410603889,0.401546332455423,-0.224792593121906,3.22137022397891,1.05285952272184,3.62291655643434,0.828066929599931
"Sohrawordi Shuvo ","BAN",-2.29166666666667,-2.3,1,-4.59166666666667,-2.29166666666667,-1.79369354286629,-2.3,-1.92924208417762,-4.59166666666667,-3.72293562704392
"Soumya Sarkar ","BAN",135.12256082948,5.35833333333332,79,140.480894162813,1.71041216239848,0.537672479026126,0.0678270042194091,-0.650374624162576,1.77823916661789,-0.11270214513645
"Sufiyan Muqeem ","PAK",-12.1666666666667,70.8375,12,58.6708333333334,-1.01388888888889,-1.04933846594839,5.903125,2.50127991520906,4.88923611111111,1.45194144926067
"Syed Rasel ","BAN",-0.908333333333333,17.6083333333333,7,16.7,-0.129761904761905,-0.534300232602705,2.51547619047619,0.671604934419255,2.38571428571429,0.13730470181655
"T Banton ","ENG",57.1724257821032,0,17,57.1724257821032,3.36308386953548,1.50041779912822,0,-0.687008106444826,3.36308386953548,0.813409692683395
"T Bavuma ","RSA",59.6593525946061,0,35,59.6593525946061,1.70455293127446,0.534259249816908,0,-0.687008106444826,1.70455293127446,-0.152748856627918
"T Gwandu ","ZIM",-11.3055555555556,22.6368819776714,14,11.3313264221159,-0.807539682539683,-0.929132056011334,1.61692014126224,0.186293258231903,0.809380458722562,-0.742838797779431
"T Henderson ","RSA",-3.75,-0.175,1,-3.925,-3.75,-2.64322922847912,-0.175,-0.781525909098409,-3.925,-3.42475513757753
"T Hinds ","WI",1.84166666666668,-1.77857142857145,2,0.0630952380952252,0.920833333333338,0.0777122102979674,-0.889285714285725,-1.16731285870487,0.0315476190476126,-1.08960064840691
"T Maruma ","ZIM",-3.0391996891997,-2.3,8,-5.3391996891997,-0.379899961149962,-0.68001534476144,-0.2875,-0.842287353661426,-0.667399961149962,-1.52230269842287
"T Marumani ","ZIM",12.733409222994,0,33,12.733409222994,0.385860885545274,-0.233929973849877,0,-0.687008106444826,0.385860885545274,-0.920938080294703
"T Munyonga ","ZIM",9.50756056808688,0,13,9.50756056808688,0.73135081292976,-0.0326687013930268,0,-0.687008106444826,0.73135081292976,-0.719676807837853
"T Mupariwa ","ZIM",-0.5,2.76666666666667,3,2.26666666666667,-0.166666666666667,-0.555798686687601,0.922222222222222,-0.188914289286265,0.755555555555555,-0.744712975973866
"T Musekiwa ","ZIM",11.0469097079391,0,13,11.0469097079391,0.849762285226085,0.0363105703566985,0,-0.687008106444826,0.849762285226085,-0.650697536088128
"T Muzarabani ","ZIM",-3.25,10.0916666666667,9,6.84166666666666,-0.361111111111111,-0.669070111435978,1.1212962962963,-0.0813940375903904,0.760185185185185,-0.750464149026369
"T Natarajan ","IND",0,0,4,0,0,-0.458708894046135,0,-0.687008106444826,0,-1.14571700049096
"T Panyangara ","ZIM",1.74642857142856,58.1083333333333,10,59.8547619047619,0.174642857142856,-0.356972661328256,5.81083333333333,2.45143302642866,5.98547619047619,2.0944603651004
"T Sangha ","AUS",-1.75,27.275,7,25.525,-0.25,-0.604343583008334,3.89642857142857,1.41745970365841,3.64642857142857,0.813116120650075
"T Shamsi ","RSA",-32.6666666666667,266.567803030303,68,233.901136363636,-0.480392156862745,-0.738555943424479,3.92011475044563,1.43025264990956,3.43972259358288,0.691696706485081
"T Stubbs ","RSA",100.485063953281,-13.1,35,87.385063953281,2.8710018272366,1.2137609384319,-0.374285714285714,-0.889160468038611,2.49671611295089,0.324600470393284
"T Taibu ","ZIM",15.5894045670641,-2.85,15,12.7394045670641,1.03929363780428,0.146719928681937,-0.19,-0.789627435040144,0.849293637804276,-0.642907506358207
"T Thushara ","SL",-4.5,20.6583333333333,6,16.1583333333333,-0.75,-0.895612960932732,3.44305555555556,1.17259215369987,2.69305555555556,0.276979192767133
"TA Blundell ","NZL",2.43750000000001,0,9,2.43750000000001,0.270833333333334,-0.300937981003752,0,-0.687008106444826,0.270833333333334,-0.987946087448578
"TA Boult ","NZL",-7.41304112554114,231.933860342556,56,224.520819217014,-0.132375734384663,-0.535822889659148,4.14167607754563,1.5499183058553,4.00930034316097,1.01409541619615
"TAM Siriwardana ","SL",25.8687403513479,14.0666666666667,21,39.9354070180146,1.23184477863562,0.258888430699092,0.66984126984127,-0.325225678147214,1.90168604847689,-0.0663372474481211
"TB Robinson ","NZL",33.6681519976412,0,12,33.6681519976412,2.80567933313676,1.17570805399004,0,-0.687008106444826,2.80567933313676,0.488699947545211
"TB de Bruyn ","RSA",4.81666666666667,0,2,4.81666666666667,2.40833333333334,0.944238609623052,0,-0.687008106444826,2.40833333333334,0.257230503178226
"TC Bruce ","NZL",27.8497696144435,0,17,27.8497696144435,1.63822174202609,0.49561876135819,0,-0.687008106444826,1.63822174202609,-0.191389345086636
"TD Astle ","NZL",-5,17.6666666666667,5,12.6666666666667,-1,-1.04124764989493,3.53333333333334,1.22135133760846,2.53333333333334,0.180103687713529
"TD Paine ","AUS",-0.643750000000001,0,10,-0.643750000000001,-0.0643750000000001,-0.496209826453901,0,-0.687008106444826,-0.0643750000000001,-1.18321793289873
"TE Kane ","IRE",4.23712121212122,3.15,4,7.38712121212122,1.0592803030303,0.158362935776275,0.7875,-0.261677994503705,1.84678030303031,-0.10331505872743
"TF van Woerkom ","IRE",0,0,1,0,0,-0.458708894046135,0,-0.687008106444826,0,-1.14571700049096
"TG Southee ","NZL",29.4115338164251,448.66840575519,119,478.079939571615,0.247155746356514,-0.314731093062731,3.77032273743857,1.34934972462679,4.01747848379508,1.03461863156406
"TH David ","AUS",155.408602852145,0,40,155.408602852145,3.88521507130363,1.80457945979607,0,-0.687008106444826,3.88521507130363,1.11757135335125
"TH Tector ","IRE",-0.930555555555555,0,2,-0.930555555555555,-0.465277777777778,-0.729751231836894,0,-0.687008106444826,-0.465277777777778,-1.41675933828172
"TJ Murtagh ","IRE",-2.375,18.0147058823529,5,15.6397058823529,-0.475,-0.735414803074313,3.60294117647059,1.25894665407011,3.12794117647059,0.523531850995794
"TK Curran ","ENG",1.76428571428572,69.7583333333333,30,71.5226190476191,0.0588095238095239,-0.424450067214075,2.32527777777778,0.568878442782379,2.3840873015873,0.144428375568304
"TK Musakanda ","ZIM",17.7001082251083,0,12,17.7001082251083,1.47500901875902,0.400541024607499,0,-0.687008106444826,1.47500901875902,-0.286467081837327
"TL Best ","WI",4.59722222222222,18.1166666666667,6,22.7138888888889,0.766203703703704,-0.0123655417638394,3.01944444444445,0.943799059974924,3.78564814814815,0.931433518211085
"TL Chatara ","ZIM",-13.775,95.8297101449276,34,82.0547101449276,-0.40514705882353,-0.694722757628993,2.81852088661552,0.835279898904465,2.41337382779199,0.140557141275472
"TL Chivanga ","ZIM",0,0,2,0,0,-0.458708894046135,0,-0.687008106444826,0,-1.14571700049096
"TL Seifert ","NZL",242.150525158202,0,68,242.150525158202,3.56103713467944,1.61573324792139,0,-0.687008106444826,3.56103713467944,0.928725141476561
"TM Dilshan ","SL",215.822451727298,19.8238095238095,76,235.646261251108,2.83976910167498,1.19556666534146,0.260839598997493,-0.546128187917485,3.10060870067247,0.649438477423975
"TM Dowlin ","WI",8.821875,0,2,8.821875,4.4109375,2.11083314933067,0,-0.687008106444826,4.4109375,1.42382504288584
"TM Head ","AUS",156.283784097601,-1.7,35,154.583784097601,4.46525097421716,2.14247285302696,-0.0485714285714286,-0.713241619018065,4.41667954564574,1.42923123400889
"TP Kamungozi ","ZIM",0,0,1,0,0,-0.458708894046135,0,-0.687008106444826,0,-1.14571700049096
"TR Ambrose","ENG",0,0,1,0,0,-0.458708894046135,0,-0.687008106444826,0,-1.14571700049096
"TR Birt ","AUS",0.548809523809525,0,4,0.548809523809525,0.137202380952381,-0.378783189746642,0,-0.687008106444826,0.137202380952381,-1.06579129619147
"TS Chisoro ","ZIM",-3.37889610389611,44.3,14,40.9211038961039,-0.241349721706865,-0.599304460653705,3.16428571428572,1.02202808031179,2.92293599257885,0.422723619658085
"TS Kamunhukamwe ","ZIM",17.3671732171732,0,13,17.3671732171732,1.33593640132102,0.319525835072528,0,-0.687008106444826,1.33593640132102,-0.367482271372299
"TS Mills ","ENG",-8.3125,27.6337719298246,15,19.3212719298246,-0.554166666666667,-0.78153245457901,1.8422514619883,0.307995094255085,1.28808479532164,-0.473537360323925
"TT Bresnan ","ENG",22.8283702987877,70.0008563899869,33,92.8292266887746,0.69176879693296,-0.0557267597457896,2.12123807242384,0.458676245044446,2.8130068693568,0.402949485298656
"TT Maposa ","ZIM",7.0375,15.175,4,22.2125,1.759375,0.566195229525341,3.79375,1.36200282965248,5.553125,1.92819805917782
"TU Deshpande ","IND",0,0,2,0,0,-0.458708894046135,0,-0.687008106444826,0,-1.14571700049096
"TWM Latham ","NZL",53.6220430549006,0,26,53.6220430549006,2.06238627134233,0.742711038541265,0,-0.687008106444826,2.06238627134233,0.0557029320964391
"Taijul Islam ","BAN",-3.25,2.31666666666667,2,-0.933333333333334,-1.625,-1.40533437230043,1.15833333333333,-0.0613902698330184,-0.466666666666667,-1.46672464213345
"Tamim Iqbal ","BAN",147.372574786086,0,66,147.372574786086,2.23291779978919,0.84205226295569,0,-0.687008106444826,2.23291779978919,0.155044156510864
"Tanvir Ahmed ","PAK",0,0,1,0,0,-0.458708894046135,0,-0.687008106444826,0,-1.14571700049096
"Tanvir Islam ","BAN",-0.96785714285715,4.3,4,3.33214285714285,-0.241964285714288,-0.599662468005979,1.075,-0.106398747287105,0.833035714285713,-0.706061215293084
"Tanzid Hasan ","BAN",42.015072723243,0,22,42.015072723243,1.90977603287468,0.653809660094533,0,-0.687008106444826,1.90977603287468,-0.0331984463502937
"Tanzim Hasan Sakib ","BAN",11.2193792766374,66.1583333333334,21,77.3777126099707,0.53425615603035,-0.147483977607655,3.15039682539683,1.01452666740278,3.68465298142718,0.867042689795121
"Taskin Ahmed ","BAN",-4.27137674417085,229.082997382435,66,224.811620638264,-0.0647178294571341,-0.496409537899329,3.47095450579447,1.18766042497372,3.40623667633734,0.691250887074388
"Tayyab Tahir ","PAK",16.0102657004831,0,8,16.0102657004831,2.00128321256039,0.707116138699875,0,-0.687008106444826,2.00128321256039,0.020108032255049
"Towhid Hridoy ","BAN",94.9526333711996,-3.8,35,91.1526333711996,2.71293238203427,1.12167936048602,-0.108571428571429,-0.745647722785008,2.60436095346284,0.376031637701014
"UT Khawaja ","AUS",38.7337331649832,0,9,38.7337331649832,4.30374812944257,2.04839118676593,0,-0.687008106444826,4.30374812944257,1.3613830803211
"UT Yadav ","IND",0.541176470588225,29.1333333333333,9,29.6745098039216,0.0601307189542472,-0.423680419838234,3.23703703703704,1.06132119554948,3.29716775599129,0.63764077571125
"UWMBCA Welegedara ","SL",-1.33333333333333,0.4,2,-0.933333333333332,-0.666666666666666,-0.847068064611999,0.2,-0.578987760555018,-0.466666666666666,-1.42605582516702
"Umar Akmal ","PAK",180.307822497745,0,83,180.307822497745,2.17238340358729,0.806788631106178,0,-0.687008106444826,2.17238340358729,0.119780524661352
"Umar Amin ","PAK",11.5797562268151,0,14,11.5797562268151,0.827125444772505,0.0231237334825221,0,-0.687008106444826,0.827125444772505,-0.663884372962304
"Umar Gul ","PAK",-4.33315719174353,256.90516983017,56,252.572012638426,-0.0773778069954203,-0.503784465463556,4.58759231839588,1.79075843872794,4.51021451140046,1.28697397326438
"Umran Malik ","IND",6.925,21.4814102564103,8,28.4064102564103,0.865625,0.0455512164854793,2.68517628205128,0.763260247366623,3.55080128205128,0.808811463852103
"Usama Mir ","PAK",-5.40833333333333,15.875,5,10.4666666666667,-1.08166666666666,-1.08882164828925,3.175,1.02781488455588,2.09333333333333,-0.061006763733364
"Usman Ghani ","AFG",69.0721379880148,0,29,69.0721379880148,2.38179786165568,0.92878066896609,0,-0.687008106444826,2.38179786165568,0.241772562521263
"Usman Khan ","PAK",21.1461067441331,0,17,21.1461067441331,1.24388863200783,0.265904442058166,0,-0.687008106444826,1.24388863200783,-0.42110366438666
"Usman Qadir ","PAK",-3.43333333333332,94.1583333333333,25,90.725,-0.137333333333333,-0.538710883182703,3.76633333333333,1.34719504057009,3.629,0.808484157387383
"Usman Shinwari ","PAK",-1.33333333333333,24.225,13,22.8916666666667,-0.102564102564103,-0.518456458748576,1.86346153846154,0.319450693240026,1.76089743589744,-0.19900576550855
"V Kohli ","IND",608.061061987541,4.37916666666667,119,612.440228654208,5.10975682342472,2.5179224885616,0.0367997198879552,-0.667132514090101,5.14655654331267,1.8507899744715
"V Permaul ","WI",0,0,1,0,0,-0.458708894046135,0,-0.687008106444826,0,-1.14571700049096
"V Sehwag ","IND",64.7805320848297,-6.3,18,58.4805320848297,3.59891844915721,1.63780058172718,-0.35,-0.876043711751991,3.24891844915721,0.761756869975193
"V Shankar ","IND",17.6261278195489,11.45,9,29.0761278195489,1.95845864661654,0.682169169335184,1.27222222222222,0.00012131602090063,3.23068086883876,0.682290485356084
"V Sibanda ","ZIM",35.9885882385924,0,22,35.9885882385924,1.63584491993602,0.494234170374968,0,-0.687008106444826,1.63584491993602,-0.192773936069858
"V Viyaskanth ","SL",0.385526315789475,3.45,1,3.83552631578948,0.385526315789475,-0.234124873699164,3.45,1.17634286015437,3.83552631578948,0.942217986455208
"VB van Jaarsveld ","RSA",-6.30357142857143,0,3,-6.30357142857143,-2.10119047619048,-1.68273377984748,0,-0.687008106444826,-2.10119047619048,-2.3697418862923
"VD Philander ","RSA",-8.28174603174603,7.95,7,-0.331746031746033,-1.18310657596372,-1.14791432684457,1.13571428571429,-0.073606856570556,-0.0473922902494333,-1.22152118341513
"VM Nyauchi ","ZIM",-2.29166666666667,9.825,1,7.53333333333333,-2.29166666666667,-1.79369354286629,9.825,4.61949138539202,7.53333333333333,2.82579784252573
"VR Iyer ","IND",26.8645871672187,15.7423076923077,9,42.6068948595264,2.98495412969097,1.28014257092977,1.7491452991453,0.257708294681214,4.73409942883627,1.53785086561098
"VS Solanki ","ENG",12.1177419354839,0,3,12.1177419354839,4.03924731182796,1.89430920955172,0,-0.687008106444826,4.03924731182796,1.20730110310689
"W Madhevere ","ZIM",74.1130880325997,6.24999999999999,51,80.3630880325996,1.45319780456078,0.387835147024903,0.122549019607843,-0.620819169012346,1.57574682416862,-0.232984021987443
"W McClintock ","IRE",2.8590909090909,0,3,2.8590909090909,0.9530303030303,0.0964681929673374,0,-0.687008106444826,0.9530303030303,-0.590539913477489
"W O'Rourke ","NZL",0,0,7,0,0,-0.458708894046135,0,-0.687008106444826,0,-1.14571700049096
"WA Young ","NZL",23.1513289406672,0,19,23.1513289406672,1.21849099687722,0.25110933528768,0,-0.687008106444826,1.21849099687722,-0.435898771157146
"WB Rankin ","ENG",0,0,2,0,0,-0.458708894046135,0,-0.687008106444826,0,-1.14571700049096
"WB Rankin ","IRE",-5.41346153846154,0,20,-5.41346153846154,-0.270673076923077,-0.61638645151867,0,-0.687008106444826,-0.270673076923077,-1.3033945579635
"WD Parnell ","RSA",8.99564229049524,166.253235681624,54,175.248877972119,0.166585968342505,-0.361666111306026,3.07876362373378,0.975837451298591,3.24534959207628,0.614171339992565
"WG Jacks ","ENG",59.8146466539458,-8.3,24,51.5146466539458,2.49227694391441,0.993139016092404,-0.345833333333333,-0.873793287879287,2.14644361058107,0.119345728213117
"WIA Fernando ","SL",-4.73805955872767,0,37,-4.73805955872767,-0.128055663749397,-0.5333062810861,0,-0.687008106444826,-0.128055663749397,-1.22031438753093
"WJ Lubbe ","RSA",3.3190476190476,0,2,3.3190476190476,1.6595238095238,0.508028041255315,0,-0.687008106444826,1.6595238095238,-0.178980065189512
"WK McCallan ","IRE",-4.52738095238094,26.875,5,22.3476190476191,-0.905476190476189,-0.986183867496842,5.375,2.21603868934378,4.46952380952381,1.22985482184694
"WKD Perkins ","WI",-0.279545454545455,0,1,-0.279545454545455,-0.279545454545455,-0.621554955340231,0,-0.687008106444826,-0.279545454545455,-1.30856306178506
"WP Masakadza ","ZIM",2.22969924812029,89.8250000000001,49,92.0546992481204,0.0455040662881693,-0.432201011884564,1.83316326530612,0.303086543509466,1.87866733159429,-0.129114468375098
"WPUJC Vaas ","SL",1.60769230769231,14.75,5,16.3576923076923,0.321538461538462,-0.271400278703984,2.95,0.90629199542985,3.27153846153846,0.634891716725867
"WTS Porterfield ","IRE",54.8179719934405,0,29,54.8179719934405,1.89027489632553,0.642449492271554,0,-0.687008106444826,1.89027489632553,-0.0445586141732727
"WU Tharanga ","SL",41.3665962525314,0,25,41.3665962525314,1.65466385010126,0.50519692653983,0,-0.687008106444826,1.65466385010126,-0.181811179904996
"WW Hinds ","WI",-4.65555555555556,0,5,-4.65555555555556,-0.931111111111111,-1.00111720226979,0,-0.687008106444826,-0.931111111111111,-1.68812530871462
"Wafadar Momand ","AFG",0,0,2,0,0,-0.458708894046135,0,-0.687008106444826,0,-1.14571700049096
"Wahab Riaz ","PAK",14.6547619047619,100.660196687371,36,115.314958592133,0.40707671957672,-0.221570928288903,2.79611657464919,0.823179291264333,3.20319329422591,0.60160836297543
"Waqas Maqsood ","PAK",0,0,1,0,0,-0.458708894046135,0,-0.687008106444826,0,-1.14571700049096
"Washington Sundar ","IND",18.4622991301784,165.183333333333,53,183.645632463512,0.34834526660714,-0.255784275830995,3.11666666666666,0.996308950338022,3.4650119332738,0.740524674507028
"XC Bartlett ","AUS",-4.69861111111111,31.9878787878788,6,27.2892676767677,-0.783101851851852,-0.914896072526801,5.33131313131313,2.19244333601179,4.54821127946128,1.27754726348499
"XJ Doherty ","AUS",1.63928571428573,28.2416666666667,11,29.8809523809524,0.149025974025975,-0.371895488547889,2.56742424242424,0.699662167117906,2.71645021645022,0.327766678570017
"XM Marshall ","WI",9.4508658008658,0,6,9.4508658008658,1.5751443001443,0.458873706842249,0,-0.687008106444826,1.5751443001443,-0.228134399602577
"Y Cariah ","WI",-2.375,1.775,2,-0.6,-1.1875,-1.15047366661658,0.8875,-0.2076678215588,-0.3,-1.35814148817538
"YA Abdulla ","RSA",0,0,2,0,0,-0.458708894046135,0,-0.687008106444826,0,-1.14571700049096
"YBK Jaiswal ","IND",110.768334808357,-1.8,22,108.968334808357,5.03492430947075,2.47432964898582,-0.0818181818181818,-0.731198247945202,4.95310612765257,1.74313140104061
"YK Pathan ","IND",31.2407603621159,31.9122549019608,22,63.1530152640767,1.42003456191436,0.368516272913745,1.45055704099822,0.0964402600627977,2.87059160291258,0.464956532976543
"YS Chahal ","IND",-11.4166666666667,284.615476190476,79,273.198809523809,-0.144514767932489,-0.542894347159305,3.60272754671488,1.25883127226959,3.45821277878239,0.715936925110283
"Yasir Ali ","BAN",10.9974206349206,0,8,10.9974206349206,1.37467757936508,0.342094072730433,0,-0.687008106444826,1.37467757936508,-0.344914033714393
"Yasir Arafat ","PAK",5.13429027113237,43.8666666666667,12,49.0009569377991,0.427857522594364,-0.209465305153466,3.65555555555556,1.28736377120779,4.08341307814992,1.07789846605432
"Yasir Shah ","PAK",2.35357142857142,-1.76666666666665,2,0.586904761904775,1.17678571428571,0.226814391854501,-0.883333333333325,-1.16409796745814,0.293452380952387,-0.937283575603642
"Younis Khan ","PAK",25.3912304009078,0,21,25.3912304009078,1.20910620956704,0.245642332964102,0,-0.687008106444826,1.20910620956704,-0.441365773480724
"Yuvraj Singh ","IND",164.353540891963,85.1666666666667,56,249.52020755863,2.93488465878506,1.25097516364223,1.52083333333333,0.13439660709226,4.4557179921184,1.38537177073449
"Z Khan ","IND",-1.54166666666667,52.4833333333334,17,50.9416666666667,-0.0906862745098044,-0.511537163571639,3.08725490196079,0.98042360535423,2.99656862745098,0.468886441782591
"ZGF Foulkes ","NZL",3.28221153846155,45.3857551487414,13,48.667966687203,0.252477810650888,-0.311630784350139,3.49121193451857,1.19860149726179,3.74368974516946,0.886970712911654
"Zahid Mahmood ","PAK",0,0,1,0,0,-0.458708894046135,0,-0.687008106444826,0,-1.14571700049096
"Zahir Khan ","AFG",-3.75,11.8166666666667,3,8.06666666666667,-1.25,-1.18688233885713,3.93888888888889,1.44039259455168,2.68888888888889,0.253510255694551
"Zakir Hasan ","BAN",-6.92222222222223,0,3,-6.92222222222223,-2.30740740740741,-1.80286313439354,0,-0.687008106444826,-2.30740740740741,-2.48987124083837
"Zaman Khan ","PAK",-2.5,23.9448287220026,10,21.4448287220026,-0.25,-0.604343583008334,2.39448287220026,0.606256233966646,2.14448287220026,0.0019126509583115
"Ziaur Rahman ","BAN",4.56490788623142,4.95,11,9.51490788623142,0.414991626021038,-0.21696018853617,0.45,-0.443962328192757,0.864991626021038,-0.660922516728927
"Ziaur Rahman ","AFG",0,0,1,0,0,-0.458708894046135,0,-0.687008106444826,0,-1.14571700049096
"Zubaid Akbari ","AFG",-6.1375,0,3,-6.1375,-2.04583333333333,-1.65048609872013,0,-0.687008106444826,-2.04583333333333,-2.33749420516496
"Zulfiqar Babar ","PAK",3.09509803921568,42.65,7,45.7450980392157,0.442156862745097,-0.201135385332599,6.09285714285714,2.60375457369827,6.53501400560224,2.40261918836567
"Zulqarnain Haider ","PAK",-3.56111111111111,0,3,-3.56111111111111,-1.18703703703704,-1.15020397274813,0,-0.687008106444826,-1.18703703703704,-1.83721207919296
