Team 1,Team 2,Winner,Margin,Ground,Match Date,ID
Oman,U.A.E.,Oman,5 wickets,Al Amerat,13-Oct-25,3518
Japan,Samoa,Japan,4 runs,Al Amerat,12-Oct-25,3517
Nepal,U.A.E.,Nepal,1 run,Al Amerat,12-Oct-25,3516
Oman,Qatar,Oman,34 runs,Al Amerat,12-Oct-25,3515
Namibia,South Africa,Namibia,4 wickets,Windhoek,11-Oct-25,3514
Oman,P.N.G.,Oman,52 runs,Al Amerat,10-Oct-25,3513
Japan,Nepal,Nepal,5 wickets,Al Amerat,10-Oct-25,3512
Malaysia,U.A.E.,U.A.E.,6 wickets,Al Amerat,10-Oct-25,3511
P.N.G.,Samoa,Samoa,6 wickets,Al Amerat,9-Oct-25,3510
Japan,Kuwait,Japan,5 wickets,Al Amerat,9-Oct-25,3509
Malaysia,Qatar,Qatar,8 wickets,Al Amerat,9-Oct-25,3508
Kuwait,Nepal,Nepal,58 runs,Al Amerat,8-Oct-25,3507
Qatar,U.A.E.,U.A.E.,7 wickets,Al Amerat,8-Oct-25,3506
Oman,Samoa,Oman,5 wickets,Al Amerat,8-Oct-25,3505
Afghanistan,Bangladesh,Bangladesh,6 wickets,Sharjah,5-Oct-25,3504
Nigeria,Uganda,Uganda,66 runs,Harare,4-Oct-25,3502
Zimbabwe,Namibia,Zimbabwe,7 wickets,Harare,4-Oct-25,3503
Botswana,Malawi,Malawi,56 runs,Harare,4-Oct-25,3500
Kenya,Tanzania,Kenya,51 runs,Harare,4-Oct-25,3501
New Zealand,Australia,Australia,3 wickets,Mount Maunganui,4-Oct-25,3499
Afghanistan,Bangladesh,Bangladesh,2 wickets,Sharjah,3-Oct-25,3498
New Zealand,Australia,no result,-,Mount Maunganui,3-Oct-25,3497
Afghanistan,Bangladesh,Bangladesh,4 wickets,Sharjah,2-Oct-25,3496
Malawi,Uganda,Uganda,117 runs,Harare,2-Oct-25,3494
Zimbabwe,Kenya,Zimbabwe,7 wickets,Harare,2-Oct-25,3495
Botswana,Nigeria,Nigeria,44 runs,Harare,2-Oct-25,3492
Namibia,Tanzania,Namibia,63 runs,Harare,2-Oct-25,3493
New Zealand,Australia,Australia,6 wickets,Mount Maunganui,1-Oct-25,3491
Nepal,West Indies,West Indies,10 wickets,Sharjah,30-Sep-25,3490
Malawi,Namibia,Namibia,8 wickets,Harare,30-Sep-25,3488
Kenya,Nigeria,Kenya,7 wickets,Harare,30-Sep-25,3489
Oman,Kuwait,Oman,5 wickets,Al Amerat,30-Sep-25,3487
Zimbabwe,Tanzania,Zimbabwe,113 runs,Harare,30-Sep-25,3485
Botswana,Uganda,Uganda,8 wickets,Harare,30-Sep-25,3486
Oman,Kuwait,Oman,5 wickets,Al Amerat,29-Sep-25,3484
Nepal,West Indies,Nepal,90 runs,Sharjah,29-Sep-25,3483
India,Pakistan,India,5 wickets,Dubai (DICS),28-Sep-25,3482
Zimbabwe,Botswana,Zimbabwe,170 runs,Harare,28-Sep-25,3480
Kenya,Malawi,Malawi,3 runs,Harare,28-Sep-25,3481
Namibia,Nigeria,Namibia,117 runs,Harare,28-Sep-25,3478
Tanzania,Uganda,Tanzania,9 runs,Harare,28-Sep-25,3479
Nepal,West Indies,Nepal,19 runs,Sharjah,27-Sep-25,3477
India,Sri Lanka,tied,-,Dubai (DICS),26-Sep-25,3476
Zimbabwe,Uganda,Zimbabwe,5 wickets,Harare,26-Sep-25,3474
Botswana,Tanzania,Tanzania,7 wickets,Harare,26-Sep-25,3475
Kenya,Namibia,Namibia,136 runs,Harare,26-Sep-25,3472
Malawi,Nigeria,Nigeria,9 wickets,Harare,26-Sep-25,3473
Bangladesh,Pakistan,Pakistan,11 runs,Dubai (DICS),25-Sep-25,3471
Bangladesh,India,India,41 runs,Dubai (DICS),24-Sep-25,3470
Pakistan,Sri Lanka,Pakistan,5 wickets,Abu Dhabi,23-Sep-25,3469
India,Pakistan,India,6 wickets,Dubai (DICS),21-Sep-25,3468
Ireland,England,England,6 wickets,Dublin (Malahide),21-Sep-25,3467
Bangladesh,Sri Lanka,Bangladesh,4 wickets,Dubai (DICS),20-Sep-25,3466
India,Oman,India,21 runs,Abu Dhabi,19-Sep-25,3465
Afghanistan,Sri Lanka,Sri Lanka,6 wickets,Abu Dhabi,18-Sep-25,3464
Zimbabwe,Namibia,Namibia,28 runs,Bulawayo,18-Sep-25,3463
U.A.E.,Pakistan,Pakistan,41 runs,Dubai (DICS),17-Sep-25,3462
Ireland,England,England,4 wickets,Dublin (Malahide),17-Sep-25,3461
Afghanistan,Bangladesh,Bangladesh,8 runs,Abu Dhabi,16-Sep-25,3460
Zimbabwe,Namibia,Zimbabwe,5 wickets,Bulawayo,16-Sep-25,3459
Hong Kong,Sri Lanka,Sri Lanka,4 wickets,Dubai (DICS),15-Sep-25,3458
U.A.E.,Oman,U.A.E.,42 runs,Abu Dhabi,15-Sep-25,3457
Zimbabwe,Namibia,Zimbabwe,33 runs,Bulawayo,15-Sep-25,3456
India,Pakistan,India,7 wickets,Dubai (DICS),14-Sep-25,3455
Eswatini,Mozambique,no result,-,Malkerns,14-Sep-25,3454
Bangladesh,Sri Lanka,Sri Lanka,6 wickets,Abu Dhabi,13-Sep-25,3453
Eswatini,Mozambique,tied,-,Malkerns,13-Sep-25,3452
Eswatini,Mozambique,Eswatini,74 runs,Malkerns,13-Sep-25,3451
England,South Africa,England,146 runs,Manchester,12-Sep-25,3450
Oman,Pakistan,Pakistan,93 runs,Dubai (DICS),12-Sep-25,3449
Eswatini,Mozambique,Eswatini,5 runs,Malkerns,12-Sep-25,3448
Eswatini,Mozambique,Eswatini,31 runs,Malkerns,12-Sep-25,3447
Bangladesh,Hong Kong,Bangladesh,7 wickets,Abu Dhabi,11-Sep-25,3446
England,South Africa,South Africa,14 runs,Cardiff,10-Sep-25,3445
U.A.E.,India,India,9 wickets,Dubai (DICS),10-Sep-25,3444
Afghanistan,Hong Kong,Afghanistan,94 runs,Abu Dhabi,9-Sep-25,3443
Afghanistan,Pakistan,Pakistan,75 runs,Sharjah,7-Sep-25,3442
Zimbabwe,Sri Lanka,Sri Lanka,8 wickets,Harare,7-Sep-25,3441
Isle of Man,Sweden,Sweden,3 wickets,Tromode,6-Sep-25,3440
Zimbabwe,Sri Lanka,Zimbabwe,5 wickets,Harare,6-Sep-25,3439
Isle of Man,Sweden,Sweden,10 wickets,Tromode,6-Sep-25,3438
U.A.E.,Afghanistan,Afghanistan,4 runs,Sharjah,5-Sep-25,3437
U.A.E.,Pakistan,Pakistan,31 runs,Sharjah,4-Sep-25,3436
Bangladesh,Netherlands,no result,-,Sylhet,3-Sep-25,3435
Zimbabwe,Sri Lanka,Sri Lanka,4 wickets,Harare,3-Sep-25,3434
Afghanistan,Pakistan,Afghanistan,18 runs,Sharjah,2-Sep-25,3433
U.A.E.,Afghanistan,Afghanistan,38 runs,Sharjah,1-Sep-25,3432
Bangladesh,Netherlands,Bangladesh,9 wickets,Sylhet,1-Sep-25,3431
Hungary,Serbia,Hungary,34 runs,Szodliget,31-Aug-25,3430
Guernsey,Switzerland,Guernsey,7 wickets,Castel,31-Aug-25,3429
Croatia,Serbia,Serbia,8 wickets,Szodliget,31-Aug-25,3428
Guernsey,Switzerland,no result,-,Castel,30-Aug-25,3427
U.A.E.,Pakistan,Pakistan,31 runs,Sharjah,30-Aug-25,3426
Bangladesh,Netherlands,Bangladesh,8 wickets,Sylhet,30-Aug-25,3425
Guernsey,Switzerland,no result,-,Castel,30-Aug-25,3424
Hungary,Serbia,Serbia,5 runs,Szodliget,30-Aug-25,3423
Croatia,Serbia,Serbia,84 runs,Szodliget,30-Aug-25,3422
Afghanistan,Pakistan,Pakistan,39 runs,Sharjah,29-Aug-25,3421
Hungary,Croatia,Hungary,4 wickets,Szodliget,29-Aug-25,3420
Hungary,Serbia,Serbia,6 wickets,Szodliget,29-Aug-25,3419
Austria,Belgium,Austria,4 wickets,Latschach,24-Aug-25,3418
Austria,Belgium,Austria,4 wickets,Latschach,24-Aug-25,3417
Austria,Belgium,Austria,38 runs,Latschach,23-Aug-25,3416
Austria,Belgium,Austria,6 wickets,Latschach,23-Aug-25,3415
Romania,Czech Rep.,Czech Rep.,4 wickets,Ilfov County,22-Aug-25,3414
Romania,Czech Rep.,Romania,25 runs,Ilfov County,22-Aug-25,3413
Romania,Czech Rep.,Romania,18 runs,Ilfov County,21-Aug-25,3412
Romania,Czech Rep.,Czech Rep.,18 runs,Ilfov County,21-Aug-25,3411
Norway,Hungary,Norway,32 runs,Oslo,17-Aug-25,3410
Hungary,Sweden,Sweden,79 runs,Oslo,17-Aug-25,3409
Norway,Sweden,Norway,3 wickets,Oslo,17-Aug-25,3408
Australia,South Africa,Australia,2 wickets,Cairns,16-Aug-25,3407
Guernsey,P.N.G.,P.N.G.,6 wickets,Castel,14-Aug-25,3406
Australia,South Africa,South Africa,53 runs,Darwin,12-Aug-25,3405
Austria,Norway,Austria,8 wickets,Stockholm,10-Aug-25,3404
Australia,South Africa,Australia,17 runs,Darwin,10-Aug-25,3403
Sweden,France,France,2 wickets,Stockholm,10-Aug-25,3402
Austria,France,Austria,6 wickets,Stockholm,9-Aug-25,3401
Sweden,Norway,Norway,23 runs,Stockholm,9-Aug-25,3400
Sweden,Austria,Austria,4 wickets,Stockholm,8-Aug-25,3399
Croatia,Cyprus,Cyprus,52 runs,Zagreb,8-Aug-25,3398
France,Norway,Norway,22 runs,Stockholm,8-Aug-25,3397
Croatia,Cyprus,Cyprus,3 wickets,Zagreb,8-Aug-25,3396
Sweden,France,Sweden,34 runs,Stockholm,7-Aug-25,3395
Croatia,Cyprus,Cyprus,7 wickets,Zagreb,7-Aug-25,3394
Austria,Norway,Austria,4 wickets,Stockholm,7-Aug-25,3393
Croatia,Cyprus,Cyprus,58 runs,Zagreb,7-Aug-25,3392
Pakistan,West Indies,Pakistan,13 runs,Lauderhill,3-Aug-25,3391
Estonia,Switzerland,Switzerland,41 runs,Tallinn,3-Aug-25,3390
Estonia,Switzerland,Switzerland,15 runs,Tallinn,3-Aug-25,3389
Pakistan,West Indies,West Indies,2 wickets,Lauderhill,2-Aug-25,3388
Estonia,Switzerland,Switzerland,72 runs,Tallinn,2-Aug-25,3387
Pakistan,West Indies,Pakistan,14 runs,Lauderhill,31-Jul-25,3386
West Indies,Australia,Australia,3 wickets,Basseterre,28-Jul-25,3385
Estonia,Finland,Finland,5 wickets,Tallinn,27-Jul-25,3384
Bahrain,Malawi,Bahrain,94 runs,Rwanda,27-Jul-25,3383
Uganda,U.A.E.,Uganda,8 runs,Entebbe,27-Jul-25,3382
Austria,Romania,no result,-,Szodliget,27-Jul-25,3381
Kenya,Nigeria,Kenya,6 wickets,Entebbe,27-Jul-25,3380
Hungary,Luxembourg,Hungary,37 runs,Szodliget,27-Jul-25,3379
West Indies,Australia,Australia,3 wickets,Basseterre,26-Jul-25,3378
Austria,Luxembourg,Austria,66 runs,Szodliget,26-Jul-25,3377
Estonia,Finland,Estonia,4 wickets,Tallinn,26-Jul-25,3376
Rwanda,Malawi,Malawi,9 wickets,Rwanda,26-Jul-25,3375
New Zealand,South Africa,New Zealand,3 runs,Harare,26-Jul-25,3374
Hungary,Austria,Austria,4 wickets,Szodliget,26-Jul-25,3373
Nigeria,U.A.E.,U.A.E.,53 runs,Entebbe,26-Jul-25,3372
Hong Kong,Malaysia,Malaysia,10 wickets,Singapore,26-Jul-25,3370
Luxembourg,Romania,Romania,45 runs,Szodliget,26-Jul-25,3371
West Indies,Australia,Australia,6 wickets,Basseterre,25-Jul-25,3369
Hungary,Luxembourg,Hungary,70 runs,Szodliget,25-Jul-25,3368
Estonia,Finland,Finland,16 runs,Tallinn,25-Jul-25,3367
Bahrain,Malawi,Bahrain,8 wickets,Rwanda,25-Jul-25,3366
Hungary,Romania,Romania,10 wickets,Szodliget,25-Jul-25,3365
Rwanda,Bahrain,Bahrain,114 runs,Rwanda,25-Jul-25,3364
Uganda,Kenya,Uganda,6 wickets,Entebbe,25-Jul-25,3363
Austria,Romania,Austria,7 wickets,Szodliget,25-Jul-25,3362
Bangladesh,Pakistan,Pakistan,74 runs,Mirpur,24-Jul-25,3361
Zimbabwe,New Zealand,New Zealand,60 runs,Harare,24-Jul-25,3360
Singapore,Hong Kong,Hong Kong,52 runs,Singapore,24-Jul-25,3359
Malaysia,Samoa,Malaysia,6 wickets,Singapore,24-Jul-25,3358
Qatar,Saudi Arabia,tied,-,Doha,23-Jul-25,3357
Bahrain,Malawi,Bahrain,45 runs,Rwanda,23-Jul-25,3356
Rwanda,Malawi,Malawi,6 wickets,Rwanda,23-Jul-25,3355
Kenya,U.A.E.,U.A.E.,7 wickets,Entebbe,23-Jul-25,3354
Singapore,Malaysia,Malaysia,65 runs,Singapore,23-Jul-25,3353
Hong Kong,Samoa,Hong Kong,3 wickets,Singapore,23-Jul-25,3352
West Indies,Australia,Australia,8 wickets,Kingston,22-Jul-25,3351
Qatar,Saudi Arabia,Qatar,32 runs,Doha,22-Jul-25,3350
Bangladesh,Pakistan,Bangladesh,8 runs,Mirpur,22-Jul-25,3349
Rwanda,Bahrain,Bahrain,112 runs,Rwanda,22-Jul-25,3348
New Zealand,South Africa,New Zealand,7 wickets,Harare,22-Jul-25,3347
Uganda,Nigeria,Uganda,38 runs,Entebbe,22-Jul-25,3346
Rwanda,Malawi,Rwanda,4 wickets,Rwanda,22-Jul-25,3345
Singapore,Samoa,Singapore,3 wickets,Singapore,22-Jul-25,3344
Hong Kong,Malaysia,Malaysia,7 wickets,Singapore,22-Jul-25,3343
Qatar,Saudi Arabia,Qatar,4 wickets,Doha,21-Jul-25,3342
Uganda,Kenya,Uganda,28 runs,Entebbe,21-Jul-25,3341
Nigeria,U.A.E.,U.A.E.,7 wickets,Entebbe,21-Jul-25,3340
West Indies,Australia,Australia,3 wickets,Kingston,20-Jul-25,3339
Bangladesh,Pakistan,Bangladesh,7 wickets,Mirpur,20-Jul-25,3338
Rwanda,Bahrain,Bahrain,7 wickets,Rwanda,20-Jul-25,3337
Zimbabwe,South Africa,South Africa,7 wickets,Harare,20-Jul-25,3336
Bahrain,Malawi,Bahrain,9 wickets,Rwanda,20-Jul-25,3335
Malaysia,Samoa,Malaysia,6 wickets,Singapore,20-Jul-25,3334
Singapore,Hong Kong,Hong Kong,52 runs,Singapore,20-Jul-25,3333
Qatar,Saudi Arabia,Saudi Arabia,4 wickets,Doha,19-Jul-25,3332
Rwanda,Malawi,Rwanda,6 wickets,Rwanda,19-Jul-25,3331
Uganda,U.A.E.,Uganda,6 runs,Entebbe,19-Jul-25,3330
Bahrain,Malawi,Bahrain,9 wickets,Rwanda,19-Jul-25,3329
Hong Kong,Samoa,Hong Kong,54 runs,Singapore,19-Jul-25,3328
Singapore,Malaysia,Malaysia,6 wickets,Singapore,19-Jul-25,3327
Qatar,Saudi Arabia,Qatar,1 run,Doha,18-Jul-25,3326
Rwanda,Bahrain,Bahrain,8 wickets,Rwanda,18-Jul-25,3325
Zimbabwe,New Zealand,New Zealand,8 wickets,Harare,18-Jul-25,3324
Kenya,U.A.E.,U.A.E.,40 runs,Entebbe,18-Jul-25,3323
Uganda,Nigeria,Uganda,77 runs,Entebbe,18-Jul-25,3322
Singapore,Samoa,Singapore,52 runs,Singapore,18-Jul-25,3321
Hong Kong,Malaysia,Malaysia,5 wickets,Singapore,18-Jul-25,3320
Kenya,Nigeria,Kenya,20 runs,Entebbe,17-Jul-25,3319
Sri Lanka,Bangladesh,Bangladesh,8 wickets,Colombo (RPS),16-Jul-25,3318
New Zealand,South Africa,New Zealand,21 runs,Harare,16-Jul-25,3317
Zimbabwe,South Africa,South Africa,5 wickets,Harare,14-Jul-25,3316
Sri Lanka,Bangladesh,Bangladesh,83 runs,Dambulla,13-Jul-25,3315
Bahrain,Tanzania,Tanzania,10 wickets,Blantyre,13-Jul-25,3314
Malawi,Germany,Germany,37 runs,Blantyre,13-Jul-25,3313
Bulgaria,Gibraltar,Bulgaria,8 wickets,Sofia,13-Jul-25,3312
Indonesia,South Korea,Indonesia,7 wickets,Bali,13-Jul-25,3311
Indonesia,Philippines,Philippines,6 wickets,Bali,13-Jul-25,3310
Germany,Tanzania,Tanzania,5 wickets,Blantyre,12-Jul-25,3309
Gibraltar,Turkey,Gibraltar,5 wickets,Sofia,12-Jul-25,3308
Malawi,Bahrain,Bahrain,10 wickets,Blantyre,12-Jul-25,3307
Bulgaria,Turkey,Turkey,59 runs,Sofia,12-Jul-25,3306
Philippines,South Korea,Philippines,85 runs,Bali,12-Jul-25,3305
Indonesia,South Korea,South Korea,3 wickets,Bali,12-Jul-25,3304
Netherlands,Italy,Netherlands,9 wickets,The Hague,11-Jul-25,3303
Bulgaria,Gibraltar,Bulgaria,6 wickets,Sofia,11-Jul-25,3302
Jersey,Scotland,Jersey,1 wicket,The Hague,11-Jul-25,3301
Gibraltar,Turkey,Gibraltar,7 wickets,Sofia,11-Jul-25,3300
Sri Lanka,Bangladesh,Sri Lanka,7 wickets,Pallekele,10-Jul-25,3299
Malawi,Germany,Malawi,8 runs,Blantyre,10-Jul-25,3298
Bulgaria,Turkey,Bulgaria,8 wickets,Sofia,10-Jul-25,3297
Bahrain,Tanzania,Bahrain,6 wickets,Blantyre,10-Jul-25,3296
Bulgaria,Gibraltar,Gibraltar,6 wickets,Sofia,10-Jul-25,3295
Philippines,South Korea,Philippines,112 runs,Bali,10-Jul-25,3294
Indonesia,Philippines,Philippines,9 wickets,Bali,10-Jul-25,3293
Netherlands,Guernsey,Netherlands,73 runs,The Hague,9-Jul-25,3292
Italy,Scotland,Italy,12 runs,The Hague,9-Jul-25,3291
Indonesia,South Korea,Indonesia,10 wickets,Bali,9-Jul-25,3290
Philippines,South Korea,South Korea,39 runs,Bali,9-Jul-25,3289
Netherlands,Scotland,Scotland,6 runs,The Hague,8-Jul-25,3288
Bahrain,Tanzania,Tanzania,6 wickets,Blantyre,8-Jul-25,3287
Guernsey,Jersey,Jersey,22 runs,The Hague,8-Jul-25,3286
Indonesia,South Korea,Indonesia,52 runs,Bali,8-Jul-25,3285
Malawi,Bahrain,Bahrain,7 wickets,Blantyre,7-Jul-25,3284
Germany,Tanzania,Germany,4 wickets,Blantyre,7-Jul-25,3283
Indonesia,Philippines,Indonesia,45 runs,Bali,7-Jul-25,3282
Philippines,South Korea,Philippines,7 wickets,Bali,7-Jul-25,3281
Bahrain,Germany,Bahrain,46 runs,Blantyre,6-Jul-25,3280
Malawi,Tanzania,Tanzania,72 runs,Blantyre,6-Jul-25,3279
Indonesia,Philippines,Philippines,53 runs,Bali,6-Jul-25,3278
Guernsey,Italy,Italy,7 wickets,The Hague,5-Jul-25,3277
Malawi,Germany,Germany,5 wickets,Blantyre,5-Jul-25,3276
Netherlands,Jersey,Netherlands,7 wickets,The Hague,5-Jul-25,3275
France,Hungary,Hungary,52 runs,Ilfov County,29-Jun-25,3274
Austria,Malta,Malta,47 runs,Ilfov County,29-Jun-25,3273
Romania,Belgium,Belgium,63 runs,Ilfov County,29-Jun-25,3272
Romania,Malta,Malta,13 runs,Ilfov County,28-Jun-25,3271
Austria,Belgium,Austria,4 wickets,Ilfov County,28-Jun-25,3270
Romania,Hungary,Romania,7 wickets,Ilfov County,27-Jun-25,3269
Belgium,France,Belgium,16 runs,Ilfov County,27-Jun-25,3268
Austria,Hungary,Austria,8 wickets,Ilfov County,27-Jun-25,3267
Belgium,Malta,Belgium,65 runs,Ilfov County,26-Jun-25,3266
Romania,Austria,Romania,6 wickets,Ilfov County,26-Jun-25,3265
France,Malta,Malta,6 wickets,Ilfov County,26-Jun-25,3264
Canada,Bermuda,Canada,6 wickets,King City (NW),22-Jun-25,3263
Bahamas,Cayman,Cayman,49 runs,King City (NW),22-Jun-25,3262
Luxembourg,Switzerland,Luxembourg,7 wickets,Walferdange,22-Jun-25,3261
Hungary,Slovenia,Hungary,9 wickets,Szodliget,22-Jun-25,3260
Bermuda,Cayman,Cayman,9 wickets,King City (NW),21-Jun-25,3259
Canada,Bahamas,Canada,7 wickets,King City (NW),21-Jun-25,3258
Luxembourg,Switzerland,Switzerland,11 runs,Walferdange,21-Jun-25,3257
Hungary,Slovenia,Hungary,62 runs,Szodliget,21-Jun-25,3256
Luxembourg,Switzerland,Switzerland,57 runs,Walferdange,21-Jun-25,3255
Hungary,Slovenia,Hungary,122 runs,Szodliget,21-Jun-25,3254
Scotland,Nepal,Scotland,34 runs,Glasgow,20-Jun-25,3253
Canada,Cayman,Canada,42 runs,King City (NW),19-Jun-25,3252
Bahamas,Bermuda,Bermuda,26 runs,King City (NW),19-Jun-25,3251
Nepal,Netherlands,Nepal,6 wickets,Glasgow,19-Jun-25,3250
Canada,Bahamas,Canada,10 wickets,King City (NW),18-Jun-25,3249
Bermuda,Cayman,Bermuda,7 wickets,King City (NW),18-Jun-25,3248
Scotland,Netherlands,Netherlands,17 runs,Glasgow,18-Jun-25,3247
Scotland,Nepal,Nepal,2 wickets,Glasgow,17-Jun-25,3246
Bahamas,Bermuda,Bermuda,7 wickets,King City (NW),16-Jun-25,3245
Canada,Cayman,Canada,59 runs,King City (NW),16-Jun-25,3244
Nepal,Netherlands,tied,-,Glasgow,16-Jun-25,3243
Indonesia,Cambodia,Indonesia,4 wickets,Bali,16-Jun-25,3242
Bahamas,Cayman,Cayman,38 runs,King City (NW),15-Jun-25,3241
Canada,Bermuda,Canada,110 runs,King City (NW),15-Jun-25,3240
Ireland,West Indies,West Indies,62 runs,Bready,15-Jun-25,3238
Scotland,Netherlands,Scotland,39 runs,Glasgow,15-Jun-25,3239
Finland,Norway,Finland,22 runs,Ishoj,15-Jun-25,3237
Norway,Sweden,Norway,2 wickets,Ishoj,15-Jun-25,3236
Indonesia,Cambodia,Cambodia,10 wickets,Bali,15-Jun-25,3235
Indonesia,Cambodia,Cambodia,9 wickets,Bali,15-Jun-25,3234
Finland,Sweden,Sweden,71 runs,Ishoj,14-Jun-25,3233
Denmark,Norway,Norway,9 wickets,Koge,14-Jun-25,3232
Denmark,Sweden,Denmark,18 runs,Koge,14-Jun-25,3231
Finland,Norway,Finland,11 runs,Ishoj,14-Jun-25,3230
Indonesia,Cambodia,no result,-,Bali,14-Jun-25,3229
Indonesia,Cambodia,Indonesia,9 wickets,Bali,14-Jun-25,3228
Canada,Cayman,Canada,126 runs,King City (NE),13-Jun-25,3227
Bahamas,Bermuda,Bermuda,18 runs,King City (NE),13-Jun-25,3226
Denmark,Finland,Denmark,121 runs,Ishoj,13-Jun-25,3225
Bermuda,Cayman,Bermuda,30 runs,King City (NE),12-Jun-25,3224
Canada,Bahamas,Canada,107 runs,King City (NE),12-Jun-25,3223
Indonesia,Cambodia,Cambodia,6 wickets,Bali,12-Jun-25,3222
Indonesia,Cambodia,Cambodia,5 wickets,Bali,12-Jun-25,3221
Bahamas,Cayman,Cayman,5 wickets,King City (NE),11-Jun-25,3220
Indonesia,Cambodia,Cambodia,8 wickets,Bali,11-Jun-25,3219
England,West Indies,England,37 runs,Southampton,10-Jun-25,3218
Austria,Norway,Austria,9 wickets,Vinor,10-Jun-25,3217
Czech Rep.,Norway,Norway,41 runs,Vinor,10-Jun-25,3216
Czech Rep.,Austria,Austria,161 runs,Vinor,9-Jun-25,3215
Austria,Norway,Norway,22 runs,Vinor,9-Jun-25,3214
England,West Indies,England,4 wickets,Bristol,8-Jun-25,3213
Czech Rep.,Norway,Norway,37 runs,Vinor,8-Jun-25,3212
Serbia,Slovenia,Serbia,24 runs,Belgrade,8-Jun-25,3211
Czech Rep.,Austria,Austria,10 wickets,Vinor,8-Jun-25,3210
Jersey,Guernsey,Jersey,3 runs,St Saviour,7-Jun-25,3209
Jersey,Guernsey,Jersey,7 wickets,St Saviour,7-Jun-25,3207
Serbia,Slovenia,Serbia,9 wickets,Belgrade,7-Jun-25,3208
Serbia,Slovenia,Serbia,3 runs,Belgrade,7-Jun-25,3206
England,West Indies,England,21 runs,Chester-le-Street,6-Jun-25,3205
Jersey,Guernsey,Guernsey,13 runs,St Saviour,6-Jun-25,3204
Pakistan,Bangladesh,Pakistan,7 wickets,Lahore,1-Jun-25,3203
Austria,Switzerland,Austria,17 runs,Latschach,1-Jun-25,3201
Belgium,Portugal,Belgium,44 runs,Zemst,1-Jun-25,3202
Belgium,Portugal,Portugal,5 wickets,Zemst,31-May-25,3200
Austria,Switzerland,Switzerland,3 wickets,Latschach,31-May-25,3199
Malta,Portugal,Portugal,8 wickets,Zemst,31-May-25,3198
Austria,Switzerland,Austria,17 runs,Latschach,31-May-25,3197
Belgium,Malta,Belgium,103 runs,Zemst,31-May-25,3196
Belgium,Portugal,Portugal,5 wickets,Zemst,30-May-25,3195
Pakistan,Bangladesh,Pakistan,57 runs,Lahore,30-May-25,3194
Austria,Switzerland,Austria,29 runs,Latschach,30-May-25,3193
Malta,Portugal,Portugal,8 wickets,Zemst,30-May-25,3192
Belgium,Malta,Belgium,6 wickets,Zemst,30-May-25,3191
Pakistan,Bangladesh,Pakistan,37 runs,Lahore,28-May-25,3190
U.A.E.,Bangladesh,U.A.E.,7 wickets,Sharjah,21-May-25,3189
U.A.E.,Bangladesh,U.A.E.,2 wickets,Sharjah,19-May-25,3188
Austria,Slovenia,Austria,168 runs,Graz,18-May-25,3187
Austria,Slovenia,Austria,5 wickets,Graz,18-May-25,3186
U.A.E.,Bangladesh,Bangladesh,27 runs,Sharjah,17-May-25,3185
Austria,Slovenia,Austria,110 runs,Latschach,17-May-25,3184
Austria,Slovenia,Austria,75 runs,Latschach,17-May-25,3183
Japan,Cook Islands,Japan,42 runs,Sano,14-May-25,3182
Japan,Cook Islands,Japan,2 wickets,Sano,13-May-25,3181
Japan,Thailand,Thailand,6 wickets,Sano,11-May-25,3180
Japan,Cook Islands,Japan,34 runs,Sano,9-May-25,3179
Cook Islands,Thailand,Thailand,8 wickets,Sano,9-May-25,3178
Japan,Thailand,Japan,61 runs,Sano,8-May-25,3177
Malta,Estonia,Malta,101 runs,Marsa,7-May-25,3176
Cook Islands,Thailand,Cook Islands,3 wickets,Sano,7-May-25,3175
Malta,Estonia,Estonia,4 wickets,Marsa,6-May-25,3174
Malta,Estonia,Malta,26 runs,Marsa,6-May-25,3173
Malaysia,Saudi Arabia,Malaysia,18 runs,Kuala Lumpur,2-May-25,3172
Singapore,Thailand,Singapore,30 runs,Kuala Lumpur,2-May-25,3171
Malaysia,Saudi Arabia,Saudi Arabia,7 wickets,Kuala Lumpur,30-Apr-25,3170
Saudi Arabia,Singapore,Saudi Arabia,7 wickets,Kuala Lumpur,29-Apr-25,3169
Malaysia,Thailand,Malaysia,70 runs,Kuala Lumpur,29-Apr-25,3168
Malaysia,Singapore,no result,-,Kuala Lumpur,28-Apr-25,3167
Saudi Arabia,Thailand,Saudi Arabia,39 runs,Kuala Lumpur,28-Apr-25,3166
Canada,U.S.A.,U.S.A.,6 wickets,George Town,27-Apr-25,3165
Bermuda,U.S.A.,U.S.A.,10 wickets,George Town,26-Apr-25,3164
Cayman,Canada,Canada,10 wickets,George Town,26-Apr-25,3163
Singapore,Thailand,Singapore,10 runs,Kuala Lumpur,26-Apr-25,3162
Malaysia,Saudi Arabia,Malaysia,5 wickets,Kuala Lumpur,26-Apr-25,3161
Saudi Arabia,Singapore,Saudi Arabia,96 runs,Kuala Lumpur,25-Apr-25,3160
Malaysia,Thailand,Malaysia,7 wickets,Kuala Lumpur,25-Apr-25,3159
Canada,U.S.A.,Canada,17 runs,George Town,24-Apr-25,3158
Cayman,Bahamas,Cayman,79 runs,George Town,24-Apr-25,3157
Saudi Arabia,Thailand,Saudi Arabia,66 runs,Kuala Lumpur,24-Apr-25,3156
Malaysia,Singapore,Malaysia,28 runs,Kuala Lumpur,24-Apr-25,3155
Bahamas,Bermuda,Bermuda,10 wickets,George Town,23-Apr-25,3154
Cayman,Canada,Canada,94 runs,George Town,23-Apr-25,3153
Bermuda,U.S.A.,U.S.A.,10 wickets,George Town,21-Apr-25,3152
Bahamas,Canada,Canada,10 wickets,George Town,21-Apr-25,3151
Cayman,Bermuda,Bermuda,30 runs,George Town,20-Apr-25,3150
Bahamas,U.S.A.,U.S.A.,149 runs,George Town,20-Apr-25,3148
Costa Rica,T & C Island,Costa Rica,21 runs,Panama City,20-Apr-25,3149
Panama,Mexico,Panama,6 runs,Panama City,19-Apr-25,3147
Bermuda,Canada,Canada,5 wickets,George Town,19-Apr-25,3146
Cayman,U.S.A.,U.S.A.,79 runs,George Town,19-Apr-25,3144
Costa Rica,T & C Island,T & C Island,10 wickets,Panama City,19-Apr-25,3145
Mexico,T & C Island,Mexico,8 wickets,Panama City,18-Apr-25,3143
Panama,Costa Rica,Panama,9 wickets,Panama City,18-Apr-25,3142
Panama,T & C Island,Panama,49 runs,Panama City,17-Apr-25,3141
Costa Rica,Mexico,Mexico,124 runs,Panama City,17-Apr-25,3140
Kuwait,Nepal,Kuwait,3 runs,Mong Kok,13-Apr-25,3139
Hong Kong,Qatar,Hong Kong,1 run,Mong Kok,13-Apr-25,3138
Hong Kong,Nepal,no result,-,Mong Kok,12-Apr-25,3137
Kuwait,Qatar,Kuwait,6 wickets,Mong Kok,12-Apr-25,3136
Hong Kong,Qatar,Hong Kong,68 runs,Mong Kok,10-Apr-25,3135
Kuwait,Nepal,Nepal,6 wickets,Mong Kok,10-Apr-25,3134
Portugal,Norway,Portugal,54 runs,Albergaria,9-Apr-25,3133
Hong Kong,Kuwait,Kuwait,4 wickets,Mong Kok,9-Apr-25,3132
Nepal,Qatar,Nepal,8 wickets,Mong Kok,9-Apr-25,3131
Portugal,Norway,Portugal,4 wickets,Albergaria,8-Apr-25,3130
Portugal,Norway,Norway,39 runs,Albergaria,7-Apr-25,3129
New Zealand,Pakistan,New Zealand,8 wickets,Wellington,26-Mar-25,3128
Namibia,Canada,Namibia,8 wickets,Windhoek,23-Mar-25,3127
New Zealand,Pakistan,New Zealand,115 runs,Mount Maunganui,23-Mar-25,3126
Namibia,Canada,Namibia,10 wickets,Windhoek,22-Mar-25,3125
New Zealand,Pakistan,Pakistan,9 wickets,Auckland,21-Mar-25,3124
Namibia,Canada,Namibia,3 wickets,Windhoek,19-Mar-25,3123
New Zealand,Pakistan,New Zealand,5 wickets,Dunedin,18-Mar-25,3122
Bahrain,Hong Kong,Bahrain,8 wickets,Kuala Lumpur,17-Mar-25,3121
New Zealand,Pakistan,New Zealand,9 wickets,Christchurch,16-Mar-25,3120
Malaysia,Hong Kong,Hong Kong,8 wickets,Kuala Lumpur,15-Mar-25,3119
Bahrain,Hong Kong,tied,-,Kuala Lumpur,14-Mar-25,3118
Costa Rica,Falkland Isl,Costa Rica,47 runs,Guacima,13-Mar-25,3117
Malaysia,Bahrain,Bahrain,35 runs,Kuala Lumpur,13-Mar-25,3116
Costa Rica,Falkland Isl,Costa Rica,9 wickets,Guacima,12-Mar-25,3115
Costa Rica,Falkland Isl,Falkland Isl,29 runs,Guacima,12-Mar-25,3114
Malaysia,Hong Kong,Hong Kong,42 runs,Kuala Lumpur,12-Mar-25,3113
Costa Rica,Falkland Isl,Costa Rica,92 runs,Guacima,11-Mar-25,3112
Costa Rica,Falkland Isl,Costa Rica,62 runs,Guacima,11-Mar-25,3111
Bahrain,Hong Kong,Bahrain,8 wickets,Kuala Lumpur,11-Mar-25,3110
Costa Rica,Falkland Isl,Costa Rica,66 runs,Guacima,10-Mar-25,3109
Malaysia,Bahrain,Bahrain,6 wickets,Kuala Lumpur,10-Mar-25,3108
Singapore,Bahrain,no result,-,singapore,4-Mar-25,3107
Singapore,Bahrain,Bahrain,8 wickets,singapore,2-Mar-25,3106
Singapore,Bahrain,Bahrain,7 wickets,singapore,1-Mar-25,3105
Singapore,Bahrain,Bahrain,31 runs,singapore,28-Feb-25,3104
Zimbabwe,Ireland,no result,-,Harare,25-Feb-25,3103
Indonesia,Bahrain,Bahrain,5 wickets,Bali,24-Feb-25,3102
Zimbabwe,Ireland,Zimbabwe,3 wickets,Harare,23-Feb-25,3101
Oman,U.S.A.,U.S.A.,8 wickets,Al Amerat,23-Feb-25,3100
Indonesia,Bahrain,Bahrain,112 runs,Bali,23-Feb-25,3099
Zimbabwe,Ireland,no result,-,Harare,22-Feb-25,3098
Indonesia,Bahrain,Indonesia,8 wickets,Bali,22-Feb-25,3097
Oman,U.S.A.,U.S.A.,4 wickets,Al Amerat,21-Feb-25,3096
Oman,U.S.A.,U.S.A.,7 wickets,Al Amerat,20-Feb-25,3095
Indonesia,Bahrain,Bahrain,10 wickets,Bali,20-Feb-25,3094
Indonesia,Bahrain,Bahrain,63 runs,Bali,19-Feb-25,3093
Austria,Hungary,Hungary,2 wickets,Marsa,5-Feb-25,3092
Malta,Austria,Austria,6 wickets,Marsa,5-Feb-25,3091
Malta,Hungary,Hungary,8 wickets,Marsa,4-Feb-25,3090
Austria,Hungary,Austria,6 wickets,Marsa,4-Feb-25,3089
Malta,Austria,Austria,6 wickets,Marsa,3-Feb-25,3088
Malta,Hungary,Hungary,8 runs,Marsa,3-Feb-25,3087
India,England,India,150 runs,Wankhede,2-Feb-25,3086
India,England,India,15 runs,Pune,31-Jan-25,3085
India,England,England,26 runs,Rajkot,28-Jan-25,3084
India,England,India,2 wickets,Chennai,25-Jan-25,3083
India,England,India,7 wickets,Eden Gardens,22-Jan-25,3082
New Zealand,Sri Lanka,Sri Lanka,7 runs,Nelson,2-Jan-25,3081
New Zealand,Sri Lanka,New Zealand,45 runs,Mount Maunganui,30-Dec-24,3080
New Zealand,Sri Lanka,New Zealand,8 runs,Mount Maunganui,28-Dec-24,3079
U.A.E.,Kuwait,U.A.E.,2 runs,Dubai (DICS),21-Dec-24,3078
Kuwait,Oman,Kuwait,3 wickets,ICCA Dubai,20-Dec-24,3077
Bahrain,Qatar,Qatar,6 wickets,ICCA Dubai,20-Dec-24,3076
West Indies,Bangladesh,Bangladesh,80 runs,Kingstown,19-Dec-24,3075
U.A.E.,Saudi Arabia,Saudi Arabia,11 runs,ICCA Dubai,19-Dec-24,3074
U.A.E.,Qatar,U.A.E.,23 runs,ICCA Dubai,18-Dec-24,3073
Oman,Saudi Arabia,Saudi Arabia,8 wickets,ICCA Dubai,18-Dec-24,3072
West Indies,Bangladesh,Bangladesh,27 runs,Kingstown,17-Dec-24,3071
Bahrain,Oman,Oman,2 runs,ICCA Dubai,17-Dec-24,3070
Kuwait,Qatar,Kuwait,6 wickets,ICCA Dubai,17-Dec-24,3069
Belize,Suriname,Suriname,4 wickets,Buenos Aires,16-Dec-24,3068
Argentina,Brazil,Argentina,11 runs,Buenos Aires,16-Dec-24,3067
Bermuda,Cayman,Bermuda,13 runs,Buenos Aires,16-Dec-24,3066
Bahamas,Mexico,Bahamas,24 runs,Buenos Aires,16-Dec-24,3065
U.A.E.,Kuwait,U.A.E.,11 runs,ICCA Dubai,16-Dec-24,3064
Bahrain,Saudi Arabia,Bahrain,8 wickets,ICCA Dubai,16-Dec-24,3063
West Indies,Bangladesh,Bangladesh,7 runs,Kingstown,15-Dec-24,3062
Bahamas,Bermuda,Bermuda,62 runs,Buenos Aires,15-Dec-24,3061
Mexico,Panama,Panama,48 runs,Buenos Aires,15-Dec-24,3060
Belize,Brazil,Belize,6 wickets,Buenos Aires,15-Dec-24,3059
Argentina,Cayman,Cayman,22 runs,Buenos Aires,15-Dec-24,3058
Qatar,Saudi Arabia,Saudi Arabia,9 wickets,ICCA Dubai,15-Dec-24,3057
U.A.E.,Oman,U.A.E.,24 runs,ICCA Dubai,15-Dec-24,3056
Belize,Panama,Belize,7 wickets,Buenos Aires,14-Dec-24,3055
Argentina,Mexico,Argentina,23 runs,Buenos Aires,14-Dec-24,3054
Brazil,Cayman,Cayman,159 runs,Buenos Aires,14-Dec-24,3053
Bahamas,Suriname,Bahamas,26 runs,Buenos Aires,14-Dec-24,3052
Nigeria,Uganda,Uganda,6 wickets,Rwanda,14-Dec-24,3051
Zimbabwe,Afghanistan,Afghanistan,3 wickets,Harare,14-Dec-24,3050
Oman,Qatar,Oman,35 runs,ICCA Dubai,14-Dec-24,3049
Bahrain,Kuwait,Bahrain,4 runs,ICCA Dubai,14-Dec-24,3048
South Africa,Pakistan,South Africa,7 wickets,Centurion,13-Dec-24,3047
Botswana,Uganda,Uganda,32 runs,Rwanda,13-Dec-24,3046
Zimbabwe,Afghanistan,Afghanistan,50 runs,Harare,13-Dec-24,3045
Kuwait,Saudi Arabia,Kuwait,6 wickets,ICCA Dubai,13-Dec-24,3044
Rwanda,Nigeria,Nigeria,37 runs,Rwanda,13-Dec-24,3043
U.A.E.,Bahrain,U.A.E.,8 wickets,ICCA Dubai,13-Dec-24,3042
Bahamas,Cayman,Cayman,10 wickets,Buenos Aires,12-Dec-24,3041
Belize,Bermuda,Bermuda,71 runs,Buenos Aires,12-Dec-24,3040
Brazil,Panama,Brazil,6 wickets,Buenos Aires,12-Dec-24,3039
Mexico,Suriname,Mexico,8 wickets,Buenos Aires,12-Dec-24,3038
Botswana,Nigeria,Nigeria,10 wickets,Rwanda,12-Dec-24,3037
Rwanda,Uganda,Uganda,50 runs,Rwanda,12-Dec-24,3036
Bermuda,Brazil,Bermuda,87 runs,Buenos Aires,11-Dec-24,3035
Argentina,Suriname,Argentina,6 wickets,Buenos Aires,11-Dec-24,3034
Cayman,Mexico,Cayman,7 wickets,Buenos Aires,11-Dec-24,3033
Bahamas,Panama,Bahamas,21 runs,Buenos Aires,11-Dec-24,3032
Nigeria,Uganda,Uganda,23 runs,Rwanda,11-Dec-24,3031
Zimbabwe,Afghanistan,Zimbabwe,4 wickets,Harare,11-Dec-24,3030
Rwanda,Botswana,Rwanda,25 runs,Rwanda,11-Dec-24,3029
Bermuda,Mexico,Bermuda,6 wickets,Buenos Aires,10-Dec-24,3028
Argentina,Panama,Argentina,6 wickets,Buenos Aires,10-Dec-24,3027
South Africa,Pakistan,South Africa,11 runs,Durban,10-Dec-24,3026
Cayman,Suriname,Suriname,6 wickets,Buenos Aires,10-Dec-24,3025
Bahamas,Belize,Bahamas,3 runs,Buenos Aires,10-Dec-24,3024
Rwanda,Nigeria,Rwanda,6 wickets,Rwanda,9-Dec-24,3023
Botswana,Uganda,Uganda,108 runs,Rwanda,9-Dec-24,3022
Brazil,Suriname,Brazil,6 wickets,Buenos Aires,8-Dec-24,3021
Belize,Cayman,Cayman,44 runs,Buenos Aires,8-Dec-24,3020
Bermuda,Panama,Bermuda,9 wickets,Buenos Aires,8-Dec-24,3019
Argentina,Bahamas,Bahamas,18 runs,Buenos Aires,8-Dec-24,3018
Rwanda,Botswana,Botswana,6 wickets,Rwanda,8-Dec-24,3017
Nigeria,Uganda,Uganda,7 wickets,Rwanda,8-Dec-24,3016
Bermuda,Suriname,Bermuda,92 runs,Buenos Aires,7-Dec-24,3015
Cayman,Panama,Cayman,83 runs,Buenos Aires,7-Dec-24,3014
Brazil,Mexico,Mexico,47 runs,Buenos Aires,7-Dec-24,3013
Argentina,Belize,Argentina,5 runs,Buenos Aires,7-Dec-24,3012
Botswana,Nigeria,Botswana,3 wickets,Rwanda,7-Dec-24,3011
Rwanda,Uganda,Uganda,86 runs,Rwanda,7-Dec-24,3010
Bahamas,Brazil,Bahamas,26 runs,Buenos Aires,6-Dec-24,3009
Belize,Mexico,Belize,5 wickets,Buenos Aires,6-Dec-24,3008
Panama,Suriname,Panama,10 runs,Buenos Aires,6-Dec-24,3007
Nigeria,Uganda,Uganda,5 wickets,Rwanda,6-Dec-24,3006
Rwanda,Botswana,Rwanda,10 wickets,Rwanda,6-Dec-24,3005
Rwanda,Uganda,Uganda,112 runs,Rwanda,5-Dec-24,3004
Zimbabwe,Pakistan,Zimbabwe,2 wickets,Bulawayo,5-Dec-24,3003
Botswana,Nigeria,Nigeria,29 runs,Rwanda,5-Dec-24,3002
Rwanda,Nigeria,Nigeria,6 wickets,Rwanda,4-Dec-24,3001
Botswana,Uganda,Uganda,78 runs,Rwanda,4-Dec-24,3000
Zimbabwe,Pakistan,Pakistan,10 wickets,Bulawayo,3-Dec-24,2999
Argentina,Bermuda,Bermuda,42 runs,Buenos Aires,2-Dec-24,2998
Zimbabwe,Pakistan,Pakistan,57 runs,Bulawayo,1-Dec-24,2997
Eswatini,Sierra Leone,Sierra Leone,109 runs,Abuja,28-Nov-24,2996
Nigeria,Botswana,Nigeria,77 runs,Abuja,28-Nov-24,2995
Bahrain,U.A.E.,U.A.E.,8 wickets,Doha,28-Nov-24,2994
Ivory Coast,St Helena,St Helena,10 wickets,Abuja,28-Nov-24,2993
Bhutan,Cambodia,Cambodia,5 wickets,Doha,28-Nov-24,2992
Qatar,Saudi Arabia,Qatar,6 wickets,Doha,28-Nov-24,2991
Botswana,St Helena,Botswana,9 wickets,Abuja,27-Nov-24,2990
Eswatini,Ivory Coast,Eswatini,8 wickets,Abuja,27-Nov-24,2989
Nigeria,Sierra Leone,Nigeria,29 runs,Abuja,27-Nov-24,2988
Nigeria,Eswatini,Nigeria,5 wickets,Abuja,26-Nov-24,2987
Botswana,Ivory Coast,Botswana,10 wickets,Abuja,26-Nov-24,2986
Qatar,U.A.E.,U.A.E.,29 runs,Doha,26-Nov-24,2985
Sierra Leone,St Helena,Sierra Leone,4 wickets,Abuja,26-Nov-24,2984
Saudi Arabia,Thailand,Saudi Arabia,5 wickets,Doha,26-Nov-24,2983
Bahrain,Cambodia,Bahrain,49 runs,Doha,26-Nov-24,2982
Bhutan,Thailand,Thailand,7 runs,Doha,25-Nov-24,2981
Qatar,Bahrain,Qatar,15 runs,Doha,25-Nov-24,2980
Cambodia,Saudi Arabia,Saudi Arabia,5 wickets,Doha,25-Nov-24,2979
Nigeria,Ivory Coast,Nigeria,264 runs,Abuja,24-Nov-24,2978
Eswatini,St Helena,Eswatini,48 runs,Abuja,24-Nov-24,2977
Botswana,Sierra Leone,Botswana,5 wickets,Abuja,24-Nov-24,2976
Ivory Coast,Sierra Leone,Sierra Leone,168 runs,Abuja,23-Nov-24,2975
Nigeria,St Helena,Nigeria,118 runs,Abuja,23-Nov-24,2974
Qatar,Cambodia,Qatar,48 runs,Doha,23-Nov-24,2973
Botswana,Eswatini,Botswana,48 runs,Abuja,23-Nov-24,2972
Bahrain,Bhutan,Bahrain,90 runs,Doha,23-Nov-24,2971
Thailand,U.A.E.,U.A.E.,155 runs,Doha,23-Nov-24,2970
Bhutan,Saudi Arabia,Saudi Arabia,85 runs,Doha,22-Nov-24,2969
Cambodia,U.A.E.,U.A.E.,5 wickets,Doha,22-Nov-24,2968
Bahrain,Thailand,Thailand,2 wickets,Doha,22-Nov-24,2967
Saudi Arabia,U.A.E.,U.A.E.,17 runs,Doha,20-Nov-24,2966
Cambodia,Thailand,Thailand,16 runs,Doha,20-Nov-24,2965
Qatar,Bhutan,Qatar,6 wickets,Doha,20-Nov-24,2964
Bahrain,Saudi Arabia,Bahrain,3 runs,Doha,19-Nov-24,2963
Qatar,Thailand,Qatar,5 wickets,Doha,19-Nov-24,2962
Bhutan,U.A.E.,U.A.E.,63 runs,Doha,19-Nov-24,2961
Indonesia,Myanmar,Indonesia,4 wickets,Bali,19-Nov-24,2960
Australia,Pakistan,Australia,7 wickets,Hobart,18-Nov-24,2959
West Indies,England,no result,-,Gros Islet,17-Nov-24,2958
Indonesia,Myanmar,Indonesia,114 runs,Bali,17-Nov-24,2957
West Indies,England,West Indies,5 wickets,Gros Islet,16-Nov-24,2956
Oman,Netherlands,Netherlands,29 runs,Al Amerat,16-Nov-24,2955
Australia,Pakistan,Australia,13 runs,Sydney,16-Nov-24,2954
Indonesia,Myanmar,Indonesia,4 wickets,Bali,16-Nov-24,2953
South Africa,India,India,135 runs,Johannesburg,15-Nov-24,2952
Indonesia,Myanmar,Indonesia,5 wickets,Bali,15-Nov-24,2951
West Indies,England,England,3 wickets,Gros Islet,14-Nov-24,2950
Oman,Netherlands,Netherlands,50 runs,Al Amerat,14-Nov-24,2949
Australia,Pakistan,Australia,29 runs,Brisbane,14-Nov-24,2948
South Africa,India,India,11 runs,Centurion,13-Nov-24,2947
Oman,Netherlands,Oman,3 wickets,Al Amerat,13-Nov-24,2946
Indonesia,Myanmar,Indonesia,9 wickets,Bali,13-Nov-24,2945
Indonesia,Myanmar,Indonesia,136 runs,Bali,12-Nov-24,2944
West Indies,England,England,7 wickets,Bridgetown,10-Nov-24,2943
South Africa,India,South Africa,3 wickets,Gqeberha,10-Nov-24,2942
Sri Lanka,New Zealand,New Zealand,5 runs,Dambulla,10-Nov-24,2941
West Indies,England,England,8 wickets,Bridgetown,9-Nov-24,2940
Sri Lanka,New Zealand,Sri Lanka,4 wickets,Dambulla,9-Nov-24,2939
South Africa,India,India,61 runs,Durban,8-Nov-24,2938
Uganda,Bahrain,Uganda,8 wickets,Jinja,29-Oct-24,2937
Uganda,Bahrain,Bahrain,17 runs,Jinja,28-Oct-24,2936
Kenya,Zimbabwe,Zimbabwe,61 runs,Nairobi (Gym),24-Oct-24,2935
Gambia,Mozambique,Mozambique,6 wickets,Nairobi (Ruaraka),24-Oct-24,2934
Rwanda,Seychelles,Rwanda,73 runs,Nairobi (Ruaraka),24-Oct-24,2933
Bhutan,Indonesia,Bhutan,1 wicket,Gelephu,24-Oct-24,2932
Mozambique,Rwanda,Mozambique,7 wickets,Nairobi (Gym),23-Oct-24,2931
Gambia,Zimbabwe,Zimbabwe,290 runs,Nairobi (Ruaraka),23-Oct-24,2930
Bhutan,Maldives,Maldives,7 wickets,Gelephu,23-Oct-24,2929
Kenya,Seychelles,Kenya,9 wickets,Nairobi (Ruaraka),23-Oct-24,2928
Indonesia,Thailand,Thailand,66 runs,Gelephu,23-Oct-24,2927
Kenya,Gambia,Kenya,129 runs,Nairobi (Gym),22-Oct-24,2926
Rwanda,Zimbabwe,Zimbabwe,149 runs,Nairobi (Ruaraka),22-Oct-24,2925
Bhutan,Indonesia,Bhutan,56 runs,Gelephu,22-Oct-24,2924
Mozambique,Seychelles,Mozambique,60 runs,Nairobi (Gym),22-Oct-24,2923
Maldives,Thailand,Thailand,44 runs,Gelephu,22-Oct-24,2922
U.S.A.,Nepal,Nepal,8 wickets,Dallas,20-Oct-24,2921
Kenya,Rwanda,Kenya,5 wickets,Nairobi (Gym),20-Oct-24,2920
Indonesia,Thailand,Thailand,6 wickets,Gelephu,20-Oct-24,2919
Mozambique,Zimbabwe,Zimbabwe,9 wickets,Nairobi (Gym),20-Oct-24,2918
Bhutan,Maldives,Bhutan,4 wickets,Gelephu,20-Oct-24,2917
U.S.A.,Nepal,tied,-,Dallas,19-Oct-24,2916
Seychelles,Zimbabwe,Zimbabwe,76 runs,Nairobi (Gym),19-Oct-24,2915
Kenya,Mozambique,Kenya,111 runs,Nairobi (Ruaraka),19-Oct-24,2914
Indonesia,Maldives,Maldives,23 runs,Gelephu,19-Oct-24,2913
Bhutan,Thailand,Thailand,77 runs,Gelephu,19-Oct-24,2912
Kenya,Seychelles,Kenya,91 runs,Nairobi,18-Oct-24,2911
U.S.A.,Nepal,Nepal,17 runs,Dallas,17-Oct-24,2910
Sri Lanka,West Indies,Sri Lanka,9 wickets,Dambulla,17-Oct-24,2909
Sri Lanka,West Indies,Sri Lanka,73 runs,Dambulla,15-Oct-24,2908
Sri Lanka,West Indies,West Indies,5 wickets,Dambulla,13-Oct-24,2907
Argentina,Mexico,Argentina,8 wickets,Seropedica,13-Oct-24,2906
Malawi,Rwanda,Rwanda,6 wickets,Blantyre,13-Oct-24,2905
India,Bangladesh,India,133 runs,Hyderabad,12-Oct-24,2904
Brazil,Mexico,Brazil,7 runs,Seropedica,12-Oct-24,2903
Malawi,Rwanda,Malawi,6 wickets,Blantyre,12-Oct-24,2902
Malawi,Rwanda,Malawi,5 runs,Blantyre,12-Oct-24,2901
Malawi,Rwanda,Rwanda,9 wickets,Blantyre,10-Oct-24,2900
India,Bangladesh,India,86 runs,Delhi,9-Oct-24,2899
Malawi,Rwanda,Rwanda,8 wickets,Blantyre,9-Oct-24,2898
India,Bangladesh,India,7 wickets,Gwalior,6-Oct-24,2897
Namibia,U.S.A.,U.S.A.,6 wickets,Windhoek,5-Oct-24,2896
Indonesia,Japan,Japan,144 runs,Incheon,5-Oct-24,2895
South Korea,Philippines,Philippines,101 runs,Incheon,5-Oct-24,2894
U.A.E.,U.S.A.,U.A.E.,6 runs,Windhoek,4-Oct-24,2893
South Korea,Japan,Japan,108 runs,Incheon,4-Oct-24,2892
Indonesia,Philippines,Indonesia,3 runs,Incheon,4-Oct-24,2891
Canada,Oman,Canada,5 wickets,King City (NW),3-Oct-24,2890
Nepal,Oman,Nepal,56 runs,King City (NW),2-Oct-24,2889
Namibia,U.A.E.,U.A.E.,6 wickets,Windhoek,2-Oct-24,2888
South Korea,Indonesia,Indonesia,27 runs,Incheon,2-Oct-24,2887
Japan,Philippines,Japan,27 runs,Incheon,2-Oct-24,2886
Canada,Nepal,Canada,4 wickets,King City (NW),1-Oct-24,2885
Namibia,U.S.A.,U.S.A.,13 runs,Windhoek,1-Oct-24,2884
South Korea,Philippines,Philippines,37 runs,Incheon,1-Oct-24,2883
Indonesia,Japan,Japan,53 runs,Incheon,1-Oct-24,2882
Canada,Oman,Oman,8 wickets,King City (NW),30-Sep-24,2881
Gibraltar,Serbia,Gibraltar,8 wickets,Gibraltar,30-Sep-24,2880
U.A.E.,U.S.A.,U.S.A.,15 runs,Windhoek,30-Sep-24,2879
Gibraltar,Serbia,Gibraltar,7 wickets,Gibraltar,30-Sep-24,2878
Nepal,Oman,Nepal,37 runs,King City (NW),29-Sep-24,2877
Ireland,South Africa,Ireland,10 runs,Abu Dhabi,29-Sep-24,2876
Namibia,U.A.E.,U.A.E.,40 runs,Windhoek,29-Sep-24,2875
South Korea,Japan,Japan,7 wickets,Incheon,29-Sep-24,2874
Indonesia,Philippines,Philippines,42 runs,Incheon,29-Sep-24,2873
Canada,Nepal,Canada,14 runs,King City (NW),28-Sep-24,2872
South Korea,Indonesia,Indonesia,2 wickets,Incheon,28-Sep-24,2871
Japan,Philippines,Japan,2 wickets,Incheon,28-Sep-24,2870
Ireland,South Africa,South Africa,8 wickets,Abu Dhabi,27-Sep-24,2869
Tanzania,Malawi,Tanzania,19 runs,Dar-es-Salaam,26-Sep-24,2868
Ghana,Mali,Ghana,10 wickets,Dar-es-Salaam,26-Sep-24,2867
Cameroon,Lesotho,Cameroon,9 wickets,Dar-es-Salaam,26-Sep-24,2866
Japan,Philippines,Japan,47 runs,Incheon,26-Sep-24,2865
Lesotho,Mali,Lesotho,112 runs,Dar-es-Salaam,25-Sep-24,2864
Cameroon,Malawi,Malawi,9 wickets,Dar-es-Salaam,25-Sep-24,2863
Tanzania,Ghana,Tanzania,7 wickets,Dar-es-Salaam,25-Sep-24,2862
Indonesia,Japan,Japan,4 runs,Incheon,25-Sep-24,2861
Tanzania,Cameroon,Tanzania,9 wickets,Dar-es-Salaam,24-Sep-24,2860
Malawi,Mali,Malawi,9 wickets,Dar-es-Salaam,24-Sep-24,2859
Ghana,Lesotho,Ghana,50 runs,Dar-es-Salaam,24-Sep-24,2858
Tanzania,Lesotho,Tanzania,122 runs,Dar-es-Salaam,22-Sep-24,2857
Cameroon,Mali,Cameroon,6 wickets,Dar-es-Salaam,22-Sep-24,2856
Ghana,Malawi,Malawi,25 runs,Dar-es-Salaam,22-Sep-24,2855
Cameroon,Ghana,Ghana,8 wickets,Dar-es-Salaam,21-Sep-24,2854
Tanzania,Mali,Tanzania,10 wickets,Dar-es-Salaam,21-Sep-24,2853
Lesotho,Malawi,Malawi,93 runs,Dar-es-Salaam,21-Sep-24,2852
England,Australia,England,3 wickets,Cardiff,13-Sep-24,2851
England,Australia,Australia,28 runs,Southampton,11-Sep-24,2850
Hong Kong,Kuwait,no result,-,Bangi,9-Sep-24,2849
Myanmar,Singapore,Singapore,8 wickets,Kuala Lumpur,9-Sep-24,2848
Malaysia,Mongolia,Malaysia,10 wickets,Bangi,9-Sep-24,2847
Scotland,Australia,Australia,6 wickets,Edinburgh,7-Sep-24,2846
Malaysia,Hong Kong,Malaysia,3 runs,Kuala Lumpur,7-Sep-24,2845
Scotland,Australia,Australia,70 runs,Edinburgh,6-Sep-24,2844
Maldives,Mongolia,Maldives,117 runs,Kuala Lumpur,6-Sep-24,2843
Kuwait,Singapore,Singapore,5 wickets,Bangi,6-Sep-24,2842
Maldives,Myanmar,Maldives,9 wickets,Kuala Lumpur,5-Sep-24,2841
Malaysia,Kuwait,Kuwait,8 wickets,Kuala Lumpur,5-Sep-24,2840
Mongolia,Singapore,Singapore,9 wickets,Bangi,5-Sep-24,2839
Scotland,Australia,Australia,7 wickets,Edinburgh,4-Sep-24,2838
Kuwait,Myanmar,Kuwait,8 wickets,Kuala Lumpur,3-Sep-24,2837
Malaysia,Singapore,Malaysia,1 run,Bangi,3-Sep-24,2836
Hong Kong,Maldives,Hong Kong,9 wickets,Bangi,3-Sep-24,2835
Mongolia,Myanmar,Myanmar,71 runs,Bangi,2-Sep-24,2834
Hong Kong,Singapore,Hong Kong,23 runs,Kuala Lumpur,2-Sep-24,2833
Kuwait,Maldives,Kuwait,142 runs,Bangi,2-Sep-24,2832
Hong Kong,Mongolia,Hong Kong,9 wickets,Kuala Lumpur,31-Aug-24,2831
Maldives,Singapore,Singapore,47 runs,Kuala Lumpur,31-Aug-24,2830
Malaysia,Myanmar,Malaysia,6 wickets,Bangi,31-Aug-24,2829
Kuwait,Mongolia,Kuwait,160 runs,Kuala Lumpur,30-Aug-24,2828
Malaysia,Maldives,Malaysia,94 runs,Kuala Lumpur,30-Aug-24,2827
Hong Kong,Myanmar,Hong Kong,9 wickets,Bangi,30-Aug-24,2826
Czech Rep.,Estonia,Estonia,7 wickets,Port Soif,28-Aug-24,2825
Guernsey,Denmark,Guernsey,6 wickets,Castel,28-Aug-24,2824
Netherlands,U.S.A.,Netherlands,4 runs,The Hague,28-Aug-24,2823
Cyprus,Malta,Cyprus,6 runs,Port Soif,28-Aug-24,2822
Finland,Spain,Spain,46 runs,Castel,28-Aug-24,2821
West Indies,South Africa,West Indies,8 wickets,Tarouba,27-Aug-24,2820
Czech Rep.,Greece,Czech Rep.,75 runs,Castel,27-Aug-24,2819
Estonia,Malta,Estonia,5 wickets,Port Soif,27-Aug-24,2818
Canada,U.S.A.,U.S.A.,20 runs,The Hague,27-Aug-24,2817
Cyprus,Denmark,Denmark,142 runs,Castel,27-Aug-24,2816
Bulgaria,Finland,Finland,125 runs,Port Soif,27-Aug-24,2815
Hong Kong,Kuwait,Kuwait,8 wickets,Kuala Lumpur,27-Aug-24,2814
Netherlands,Canada,Canada,8 runs,Utrecht,26-Aug-24,2813
Malaysia,Hong Kong,Hong Kong,7 runs,Kuala Lumpur,26-Aug-24,2812
West Indies,South Africa,West Indies,30 runs,Tarouba,25-Aug-24,2811
Guernsey,Estonia,Guernsey,5 wickets,Castel,25-Aug-24,2810
Greece,Spain,Spain,7 wickets,Port Soif,25-Aug-24,2809
Netherlands,U.S.A.,Netherlands,102 runs,Utrecht,25-Aug-24,2808
Bulgaria,Malta,Malta,61 runs,Castel,25-Aug-24,2807
Cyprus,Czech Rep.,Czech Rep.,4 wickets,Port Soif,25-Aug-24,2806
Malaysia,Kuwait,Kuwait,18 runs,Kuala Lumpur,25-Aug-24,2805
Cyprus,Greece,Cyprus,8 wickets,Castel,24-Aug-24,2804
Bulgaria,Estonia,Estonia,7 wickets,Port Soif,24-Aug-24,2803
Canada,U.S.A.,no result,-,Utrecht,24-Aug-24,2802
Guernsey,Finland,Finland,4 runs,Port Soif,24-Aug-24,2801
Hong Kong,Kuwait,Kuwait,2 wickets,Kuala Lumpur,24-Aug-24,2800
Samoa,Vanuatu,Samoa,8 runs,Apia (No 2),24-Aug-24,2799
Cook Islands,Fiji,Fiji,9 runs,Apia (No 2),24-Aug-24,2798
West Indies,South Africa,West Indies,7 wickets,Tarouba,23-Aug-24,2797
Netherlands,Canada,Netherlands,5 wickets,Utrecht,23-Aug-24,2796
Malaysia,Hong Kong,Hong Kong,6 wickets,Kuala Lumpur,23-Aug-24,2795
Samoa,Cook Islands,Cook Islands,8 wickets,Apia (No 2),23-Aug-24,2794
Fiji,Vanuatu,Fiji,5 wickets,Apia (No 2),23-Aug-24,2793
Guernsey,Malta,Guernsey,8 wickets,Castel,22-Aug-24,2792
Czech Rep.,Spain,Spain,1 run,Port Soif,22-Aug-24,2791
Estonia,Finland,Estonia,8 wickets,Castel,22-Aug-24,2790
Denmark,Greece,Denmark,32 runs,Port Soif,22-Aug-24,2789
Malaysia,Kuwait,Malaysia,5 wickets,Kuala Lumpur,22-Aug-24,2788
Czech Rep.,Denmark,Denmark,118 runs,Castel,21-Aug-24,2787
Finland,Malta,Finland,9 wickets,Port Soif,21-Aug-24,2786
Cyprus,Spain,Spain,15 runs,Castel,21-Aug-24,2785
Guernsey,Bulgaria,Guernsey,8 wickets,Port Soif,21-Aug-24,2784
Hong Kong,Kuwait,Kuwait,4 wickets,Kuala Lumpur,21-Aug-24,2783
Cook Islands,Vanuatu,Cook Islands,7 wickets,Apia (No 2),21-Aug-24,2782
Samoa,Fiji,Samoa,73 runs,Apia (No 2),21-Aug-24,2781
Cook Islands,Fiji,Fiji,104 runs,Apia (No 2),20-Aug-24,2780
Samoa,Vanuatu,Samoa,10 runs,Apia (No 2),20-Aug-24,2779
Fiji,Vanuatu,Vanuatu,36 runs,Apia (No 2),19-Aug-24,2778
Samoa,Cook Islands,Cook Islands,7 wickets,Apia (No 2),19-Aug-24,2777
Samoa,Fiji,Samoa,9 wickets,Apia (No 2),17-Aug-24,2776
Cook Islands,Vanuatu,Cook Islands,9 wickets,Apia (No 2),17-Aug-24,2775
Croatia,Spain,Spain,161 runs,Zagreb,4-Aug-24,2774
Croatia,Spain,Spain,140 runs,Zagreb,4-Aug-24,2773
Croatia,Spain,Spain,8 wickets,Zagreb,3-Aug-24,2772
Croatia,Spain,Spain,6 wickets,Zagreb,3-Aug-24,2771
Croatia,Spain,Spain,4 wickets,Zagreb,2-Aug-24,2770
Sri Lanka,India,tied,-,Pallekele,30-Jul-24,2769
Sri Lanka,India,India,7 wickets,Pallekele,28-Jul-24,2768
Sri Lanka,India,India,43 runs,Pallekele,27-Jul-24,2767
Kenya,Nigeria,Kenya,4 wickets,Nairobi,17-Jul-24,2766
Kenya,Nigeria,Nigeria,14 runs,Nairobi,16-Jul-24,2765
Kenya,Nigeria,Nigeria,3 wickets,Nairobi,15-Jul-24,2764
Jersey,Norway,Jersey,6 wickets,Krefeld,14-Jul-24,2763
Zimbabwe,India,India,42 runs,Harare,14-Jul-24,2762
Germany,Croatia,Germany,8 wickets,Krefeld,14-Jul-24,2761
Slovenia,Sweden,Sweden,6 wickets,Krefeld,13-Jul-24,2760
Croatia,Switzerland,Switzerland,7 wickets,Krefeld,13-Jul-24,2759
Zimbabwe,India,India,10 wickets,Harare,13-Jul-24,2758
Kenya,Nigeria,Kenya,4 wickets,Nairobi,13-Jul-24,2757
Gibraltar,Norway,Norway,6 runs,Krefeld,13-Jul-24,2756
Belgium,Serbia,Belgium,77 runs,Krefeld,12-Jul-24,2755
Kenya,Nigeria,Kenya,29 runs,Nairobi,12-Jul-24,2754
Serbia,Switzerland,Switzerland,40 runs,Krefeld,11-Jul-24,2753
Gibraltar,Sweden,Sweden,8 wickets,Krefeld,11-Jul-24,2752
Germany,Norway,Norway,11 runs,Krefeld,11-Jul-24,2751
Gibraltar,Slovenia,Slovenia,1 wicket,Krefeld,10-Jul-24,2750
Belgium,Jersey,Jersey,108 runs,Krefeld,10-Jul-24,2749
Zimbabwe,India,India,23 runs,Harare,10-Jul-24,2748
Croatia,Serbia,Croatia,28 runs,Krefeld,10-Jul-24,2747
Jersey,Switzerland,Jersey,167 runs,Krefeld,9-Jul-24,2746
Germany,Sweden,Germany,2 runs,Krefeld,9-Jul-24,2745
Norway,Slovenia,Norway,8 wickets,Krefeld,9-Jul-24,2744
Belgium,Croatia,Croatia,6 runs,Krefeld,8-Jul-24,2743
Norway,Sweden,Norway,53 runs,Krefeld,8-Jul-24,2742
Germany,Gibraltar,Germany,44 runs,Krefeld,8-Jul-24,2741
Belgium,Switzerland,Belgium,2 wickets,Krefeld,7-Jul-24,2740
Zimbabwe,India,India,100 runs,Harare,7-Jul-24,2739
Jersey,Serbia,Jersey,165 runs,Krefeld,7-Jul-24,2738
Zimbabwe,India,Zimbabwe,13 runs,Harare,6-Jul-24,2737
Malawi,Rwanda,Malawi,21 runs,Nairobi,6-Jul-24,2736
Kenya,Rwanda,Kenya,49 runs,Nairobi,5-Jul-24,2735
Kenya,Malawi,Kenya,67 runs,Nairobi,4-Jul-24,2734
Kenya,Rwanda,Kenya,4 wickets,Nairobi,3-Jul-24,2733
Malawi,Rwanda,Rwanda,9 wickets,Nairobi,2-Jul-24,2732
Kenya,Malawi,Kenya,9 wickets,Nairobi,1-Jul-24,2731
Slovenia,Serbia,Serbia,27 runs,Ljubljana,30-Jun-24,2730
India,South Africa,India,7 runs,Bridgetown,29-Jun-24,2729
Slovenia,Serbia,Slovenia,84 runs,Ljubljana,29-Jun-24,2728
Kenya,Rwanda,Kenya,6 wickets,Nairobi,29-Jun-24,2727
Slovenia,Serbia,Slovenia,43 runs,Ljubljana,29-Jun-24,2726
Malawi,Rwanda,Malawi,58 runs,Nairobi,28-Jun-24,2725
England,India,India,68 runs,Providence,27-Jun-24,2724
Afghanistan,South Africa,South Africa,9 wickets,Tarouba,26-Jun-24,2723
Afghanistan,Bangladesh,Afghanistan,8 runs,Kingstown,24-Jun-24,2722
Australia,India,India,24 runs,Gros Islet,24-Jun-24,2721
West Indies,South Africa,South Africa,3 wickets,North Sound,23-Jun-24,2720
England,U.S.A.,England,10 wickets,Bridgetown,23-Jun-24,2719
Guernsey,Jersey,Guernsey,4 wickets,Port Soif,23-Jun-24,2718
Afghanistan,Australia,Afghanistan,21 runs,Kingstown,22-Jun-24,2717
Bangladesh,India,India,50 runs,North Sound,22-Jun-24,2716
Guernsey,Jersey,Jersey,8 wickets,Castel,22-Jun-24,2715
Guernsey,Jersey,Jersey,7 wickets,Castel,22-Jun-24,2714
West Indies,U.S.A.,West Indies,9 wickets,Bridgetown,21-Jun-24,2713
England,South Africa,South Africa,7 runs,Gros Islet,21-Jun-24,2712
Australia,Bangladesh,Australia,28 runs,North Sound,20-Jun-24,2711
Afghanistan,India,India,47 runs,Bridgetown,20-Jun-24,2710
West Indies,England,England,8 wickets,Gros Islet,19-Jun-24,2709
South Africa,U.S.A.,South Africa,18 runs,North Sound,19-Jun-24,2708
Cyprus,Estonia,Estonia,31 runs,Episkopi,19-Jun-24,2707
Cyprus,Estonia,Cyprus,4 wickets,Episkopi,19-Jun-24,2706
Cyprus,Estonia,Estonia,26 runs,Episkopi,18-Jun-24,2705
Cyprus,Estonia,Cyprus,12 runs,Episkopi,18-Jun-24,2704
West Indies,Afghanistan,West Indies,104 runs,Gros Islet,17-Jun-24,2703
New Zealand,P.N.G.,New Zealand,7 wickets,Tarouba,17-Jun-24,2702
Cyprus,Estonia,Estonia,6 wickets,Episkopi,17-Jun-24,2701
Cyprus,Estonia,Estonia,5 wickets,Episkopi,17-Jun-24,2700
Netherlands,Sri Lanka,Sri Lanka,83 runs,Gros Islet,16-Jun-24,2699
Bangladesh,Nepal,Bangladesh,21 runs,Kingstown,16-Jun-24,2698
Ireland,Pakistan,Pakistan,3 wickets,Lauderhill,16-Jun-24,2697
Isle of Man,Portugal,Portugal,88 runs,Spinaceto,16-Jun-24,2696
Italy,Romania,Italy,160 runs,Rome,16-Jun-24,2695
Denmark,Jersey,Jersey,96 runs,Brondby,16-Jun-24,2694
Finland,Norway,Norway,9 wickets,Kerava,16-Jun-24,2693
Denmark,Jersey,Jersey,6 wickets,Brondby,16-Jun-24,2692
Austria,France,Austria,6 wickets,Rome,16-Jun-24,2691
Israel,Luxembourg,Israel,2 wickets,Spinaceto,16-Jun-24,2690
Australia,Scotland,Australia,5 wickets,Gros Islet,15-Jun-24,2689
England,Namibia,England,41 runs,North Sound,15-Jun-24,2688
France,Turkey,France,40 runs,Spinaceto,15-Jun-24,2687
Israel,Romania,Romania,24 runs,Rome,15-Jun-24,2686
Finland,Norway,Norway,7 wickets,Kerava,15-Jun-24,2685
Isle of Man,Luxembourg,Isle of Man,63 runs,Spinaceto,15-Jun-24,2684
Austria,Hungary,Austria,14 runs,Rome,15-Jun-24,2683
New Zealand,Uganda,New Zealand,9 wickets,Tarouba,14-Jun-24,2682
Nepal,South Africa,South Africa,1 run,Kingstown,14-Jun-24,2681
Finland,Norway,Norway,97 runs,Kerava,14-Jun-24,2680
Afghanistan,P.N.G.,Afghanistan,7 wickets,Tarouba,13-Jun-24,2679
England,Oman,England,8 wickets,North Sound,13-Jun-24,2678
Bangladesh,Netherlands,Bangladesh,25 runs,Kingstown,13-Jun-24,2677
Israel,Portugal,Israel,2 wickets,Spinaceto,13-Jun-24,2676
Italy,Turkey,Italy,9 wickets,Rome,13-Jun-24,2675
Hungary,Romania,Romania,8 wickets,Spinaceto,13-Jun-24,2674
France,Luxembourg,France,13 runs,Rome,13-Jun-24,2673
West Indies,New Zealand,West Indies,13 runs,Tarouba,12-Jun-24,2672
U.S.A.,India,India,7 wickets,New York,12-Jun-24,2671
Luxembourg,Turkey,Luxembourg,73 runs,Spinaceto,12-Jun-24,2670
Hungary,Israel,Hungary,1 wicket,Rome,12-Jun-24,2669
Italy,Isle of Man,Italy,7 wickets,Spinaceto,12-Jun-24,2668
Austria,Portugal,Austria,7 wickets,Rome,12-Jun-24,2667
Australia,Namibia,Australia,9 wickets,North Sound,11-Jun-24,2666
Canada,Pakistan,Pakistan,7 wickets,New York,11-Jun-24,2665
Bangladesh,South Africa,South Africa,4 runs,New York,10-Jun-24,2664
Portugal,Romania,Romania,6 wickets,Spinaceto,10-Jun-24,2663
Italy,France,Italy,5 wickets,Rome,10-Jun-24,2662
Austria,Israel,Austria,7 wickets,Spinaceto,10-Jun-24,2661
Isle of Man,Turkey,Isle of Man,81 runs,Rome,10-Jun-24,2660
Oman,Scotland,Scotland,7 wickets,North Sound,9-Jun-24,2659
India,Pakistan,India,6 runs,New York,9-Jun-24,2658
Belgium,Guernsey,Guernsey,7 wickets,Waterloo,9-Jun-24,2657
France,Isle of Man,France,16 runs,Spinaceto,9-Jun-24,2656
Austria,Romania,Romania,3 wickets,Rome,9-Jun-24,2655
Belgium,Guernsey,Belgium,6 wickets,Waterloo,9-Jun-24,2654
Italy,Luxembourg,Italy,77 runs,Spinaceto,9-Jun-24,2653
Hungary,Portugal,Portugal,15 runs,Rome,9-Jun-24,2652
West Indies,Uganda,West Indies,134 runs,Providence,8-Jun-24,2651
Australia,England,Australia,36 runs,Bridgetown,8-Jun-24,2650
Netherlands,South Africa,South Africa,4 wickets,New York,8-Jun-24,2649
Belgium,Guernsey,Belgium,4 wickets,Waterloo,8-Jun-24,2648
Belgium,Guernsey,Guernsey,6 wickets,Waterloo,8-Jun-24,2647
Bangladesh,Sri Lanka,Bangladesh,2 wickets,Dallas,7-Jun-24,2646
Afghanistan,New Zealand,Afghanistan,84 runs,Providence,7-Jun-24,2645
Canada,Ireland,Canada,12 runs,New York,7-Jun-24,2644
Namibia,Scotland,Scotland,5 wickets,Bridgetown,6-Jun-24,2643
U.S.A.,Pakistan,tied,-,Dallas,6-Jun-24,2642
Australia,Oman,Australia,39 runs,Bridgetown,5-Jun-24,2641
P.N.G.,Uganda,Uganda,3 wickets,Providence,5-Jun-24,2640
India,Ireland,India,8 wickets,New York,5-Jun-24,2639
Nepal,Netherlands,Netherlands,6 wickets,Dallas,4-Jun-24,2638
England,Scotland,no result,-,Bridgetown,4-Jun-24,2637
Afghanistan,Uganda,Afghanistan,125 runs,Providence,3-Jun-24,2636
South Africa,Sri Lanka,South Africa,6 wickets,New York,3-Jun-24,2635
Namibia,Oman,tied,-,Bridgetown,2-Jun-24,2634
West Indies,P.N.G.,West Indies,5 wickets,Providence,2-Jun-24,2633
U.S.A.,Canada,U.S.A.,7 wickets,Dallas,1-Jun-24,2632
England,Pakistan,England,7 wickets,The Oval,30-May-24,2631
West Indies,South Africa,West Indies,8 wickets,Kingston,26-May-24,2630
Austria,Belgium,Austria,75 runs,Lower Austria,26-May-24,2629
Romania,Bulgaria,Romania,74 runs,Ilfov County,26-May-24,2628
Austria,Belgium,Belgium,9 wickets,Lower Austria,26-May-24,2627
West Indies,South Africa,West Indies,16 runs,Kingston,25-May-24,2626
U.S.A.,Bangladesh,Bangladesh,10 wickets,Prairie View,25-May-24,2625
Romania,Gibraltar,Gibraltar,6 wickets,Ilfov County,25-May-24,2624
England,Pakistan,England,23 runs,Birmingham,25-May-24,2623
Austria,Belgium,Austria,6 wickets,Lower Austria,25-May-24,2622
Austria,Belgium,Belgium,6 wickets,Lower Austria,25-May-24,2621
Romania,Bulgaria,Romania,7 wickets,Ilfov County,24-May-24,2620
Netherlands,Ireland,Ireland,3 runs,The Hague,24-May-24,2619
Bulgaria,Gibraltar,Gibraltar,5 wickets,Ilfov County,24-May-24,2618
West Indies,South Africa,West Indies,28 runs,Kingston,23-May-24,2617
U.S.A.,Bangladesh,U.S.A.,6 runs,Prairie View,23-May-24,2616
Ireland,Scotland,Ireland,5 wickets,The Hague,23-May-24,2615
Netherlands,Scotland,Scotland,71 runs,The Hague,22-May-24,2614
U.S.A.,Bangladesh,U.S.A.,5 wickets,Prairie View,21-May-24,2613
Netherlands,Ireland,Ireland,1 run,The Hague,19-May-24,2612
Netherlands,Scotland,Netherlands,41 runs,The Hague,18-May-24,2611
Ireland,Pakistan,Pakistan,6 wickets,Dublin,14-May-24,2610
Ireland,Pakistan,Pakistan,7 wickets,Dublin,12-May-24,2609
France,Belgium,Belgium,15 runs,Dreux,12-May-24,2608
Bangladesh,Zimbabwe,Zimbabwe,8 wickets,Mirpur,12-May-24,2607
Japan,Mongolia,Japan,157 runs,Sano,12-May-24,2606
France,Belgium,France,7 wickets,Dreux,11-May-24,2605
Belgium,Malta,Belgium,7 wickets,Dreux,11-May-24,2604
Japan,Mongolia,Japan,158 runs,Sano,11-May-24,2603
Japan,Mongolia,Japan,180 runs,Sano,11-May-24,2602
Ireland,Pakistan,Ireland,5 wickets,Dublin,10-May-24,2601
Belgium,Malta,Belgium,16 runs,Dreux,10-May-24,2600
Bangladesh,Zimbabwe,Bangladesh,5 runs,Mirpur,10-May-24,2599
France,Belgium,tied,-,Dreux,10-May-24,2598
France,Malta,France,86 runs,Dreux,9-May-24,2597
France,Malta,France,9 runs,Dreux,9-May-24,2596
Japan,Mongolia,Japan,10 wickets,Sano,"May 9-10, 2024",2595
Japan,Mongolia,no result,-,Sano,8-May-24,2594
Japan,Mongolia,Japan,205 runs,Sano,8-May-24,2593
Bangladesh,Zimbabwe,Bangladesh,9 runs,Chattogram,7-May-24,2592
Japan,Mongolia,Japan,166 runs,Sano,7-May-24,2591
Indonesia,Thailand,Thailand,6 wickets,Bali,6-May-24,2590
Bangladesh,Zimbabwe,Bangladesh,6 wickets,Chattogram,5-May-24,2589
Indonesia,Thailand,Thailand,17 runs,Bali,5-May-24,2588
Indonesia,Thailand,Indonesia,33 runs,Bali,4-May-24,2587
Bangladesh,Zimbabwe,Bangladesh,8 wickets,Chattogram,3-May-24,2586
Indonesia,Thailand,Indonesia,6 wickets,Bali,2-May-24,2585
Indonesia,Thailand,Thailand,8 runs,Bali,1-May-24,2584
Pakistan,New Zealand,Pakistan,9 runs,Lahore,27-Apr-24,2583
Pakistan,New Zealand,New Zealand,4 runs,Lahore,25-Apr-24,2582
Pakistan,New Zealand,New Zealand,7 wickets,Rawalpindi,21-Apr-24,2581
Oman,U.A.E.,U.A.E.,55 runs,Al Amerat,21-Apr-24,2580
Pakistan,New Zealand,Pakistan,7 wickets,Rawalpindi,20-Apr-24,2579
Hong Kong,Nepal,Hong Kong,4 wickets,Al Amerat,20-Apr-24,2578
Oman,Hong Kong,Oman,5 wickets,Al Amerat,19-Apr-24,2577
Nepal,U.A.E.,U.A.E.,6 wickets,Al Amerat,19-Apr-24,2576
Pakistan,New Zealand,no result,-,Rawalpindi,18-Apr-24,2575
Cambodia,U.A.E.,U.A.E.,9 wickets,Al Amerat,17-Apr-24,2574
Oman,Kuwait,Oman,46 runs,Al Amerat,17-Apr-24,2573
Hong Kong,Malaysia,Hong Kong,7 wickets,Al Amerat,17-Apr-24,2572
Nepal,Saudi Arabia,Nepal,6 wickets,Al Amerat,17-Apr-24,2571
Bahrain,Cambodia,Bahrain,7 wickets,Al Amerat,16-Apr-24,2570
Qatar,Saudi Arabia,Qatar,15 runs,Al Amerat,16-Apr-24,2569
Oman,U.A.E.,Oman,9 wickets,Al Amerat,15-Apr-24,2568
Bahrain,Kuwait,Kuwait,26 runs,Al Amerat,15-Apr-24,2567
Hong Kong,Nepal,Nepal,8 wickets,Al Amerat,15-Apr-24,2566
Malaysia,Qatar,Qatar,4 wickets,Al Amerat,15-Apr-24,2565
Costa Rica,Mexico,Mexico,58 runs,Guacima,14-Apr-24,2564
Spain,Jersey,Spain,1 wicket,Cartagena,14-Apr-24,2563
Hong Kong,Saudi Arabia,Saudi Arabia,55 runs,Al Amerat,14-Apr-24,2562
Spain,Jersey,Spain,5 wickets,Cartagena,14-Apr-24,2561
Oman,Cambodia,Oman,63 runs,Al Amerat,14-Apr-24,2560
Costa Rica,Mexico,Costa Rica,42 runs,Guacima,13-Apr-24,2559
U.S.A.,Canada,U.S.A.,4 wickets,Prairie View,13-Apr-24,2558
Nepal,Qatar,Nepal,32 runs,Al Amerat,13-Apr-24,2557
Malaysia,Saudi Arabia,Malaysia,12 runs,Al Amerat,13-Apr-24,2556
Cambodia,Kuwait,Kuwait,8 wickets,Al Amerat,13-Apr-24,2555
Bahrain,U.A.E.,U.A.E.,37 runs,Al Amerat,13-Apr-24,2554
Costa Rica,Mexico,Mexico,42 runs,Guacima,12-Apr-24,2553
U.S.A.,Canada,U.S.A.,14 runs,Prairie View,12-Apr-24,2552
Costa Rica,Mexico,Mexico,22 runs,Guacima,12-Apr-24,2551
Malaysia,Nepal,Nepal,5 wickets,Al Amerat,12-Apr-24,2550
Hong Kong,Qatar,Hong Kong,26 runs,Al Amerat,12-Apr-24,2549
Oman,Bahrain,Oman,3 runs,Al Amerat,12-Apr-24,2548
Kuwait,U.A.E.,U.A.E.,7 wickets,Al Amerat,12-Apr-24,2547
Costa Rica,Mexico,Costa Rica,8 wickets,Guacima,11-Apr-24,2546
U.S.A.,Canada,U.S.A.,31 runs,Prairie View,9-Apr-24,2545
U.S.A.,Canada,U.S.A.,6 wickets,Prairie View,7-Apr-24,2544
Oman,Namibia,Namibia,62 runs,Al Amerat,7-Apr-24,2543
Oman,Namibia,Namibia,24 runs,Al Amerat,5-Apr-24,2542
Oman,Namibia,Oman,8 wickets,Al Amerat,4-Apr-24,2541
Oman,Namibia,Oman,6 runs,Al Amerat,2-Apr-24,2540
Oman,Namibia,Namibia,4 wickets,Al Amerat,1-Apr-24,2539
Eswatini,Lesotho,Eswatini,3 wickets,Malkerns,31-Mar-24,2538
Eswatini,Lesotho,Eswatini,39 runs,Malkerns,30-Mar-24,2537
Eswatini,Lesotho,Lesotho,8 wickets,Malkerns,30-Mar-24,2536
Eswatini,Lesotho,Lesotho,6 wickets,Malkerns,29-Mar-24,2535
Eswatini,Lesotho,Eswatini,55 runs,Malkerns,29-Mar-24,2534
Kenya,Uganda,Uganda,106 runs,Accra,23-Mar-24,2533
Namibia,Uganda,Namibia,24 runs,Accra,21-Mar-24,2532
Namibia,Tanzania,Namibia,7 wickets,Accra,20-Mar-24,2531
Ghana,Kenya,Kenya,7 wickets,Accra,20-Mar-24,2530
Afghanistan,Ireland,Afghanistan,57 runs,Sharjah,18-Mar-24,2529
Ghana,Uganda,Uganda,121 runs,Accra,18-Mar-24,2528
Namibia,Nigeria,Nigeria,3 wickets,Accra,18-Mar-24,2527
Afghanistan,Ireland,Afghanistan,10 runs,Sharjah,17-Mar-24,2526
Kenya,Uganda,Uganda,72 runs,Accra,17-Mar-24,2525
Nigeria,Tanzania,Tanzania,47 runs,Accra,17-Mar-24,2524
Malaysia,P.N.G.,Malaysia,63 runs,Kuala Lumpur,17-Mar-24,2523
Malaysia,P.N.G.,P.N.G.,77 runs,Kuala Lumpur,16-Mar-24,2522
Afghanistan,Ireland,Ireland,38 runs,Sharjah,15-Mar-24,2521
U.A.E.,Scotland,Scotland,32 runs,Dubai (DICS),14-Mar-24,2520
U.A.E.,Scotland,Scotland,9 runs,Dubai (DICS),13-Mar-24,2519
Nepal,P.N.G.,P.N.G.,86 runs,Mong Kok,13-Mar-24,2518
Hong Kong,P.N.G.,P.N.G.,10 wickets,Mong Kok,12-Mar-24,2517
Nepal,P.N.G.,Nepal,85 runs,Mong Kok,12-Mar-24,2516
U.A.E.,Scotland,U.A.E.,8 wickets,Dubai (DICS),11-Mar-24,2515
Malaysia,Bahrain,Bahrain,8 wickets,Kuala Lumpur,11-Mar-24,2514
Kuwait,Vanuatu,Kuwait,7 wickets,Kuala Lumpur,11-Mar-24,2513
Malaysia,Tanzania,Malaysia,6 wickets,Kuala Lumpur,10-Mar-24,2512
Hong Kong,Nepal,no result,-,Mong Kok,10-Mar-24,2511
Bahrain,Vanuatu,Bahrain,56 runs,Kuala Lumpur,10-Mar-24,2510
Bangladesh,Sri Lanka,Sri Lanka,28 runs,Sylhet,9-Mar-24,2509
Bahrain,Tanzania,Bahrain,52 runs,Kuala Lumpur,9-Mar-24,2508
Hong Kong,Nepal,Hong Kong,73 runs,Mong Kok,9-Mar-24,2507
Malaysia,Kuwait,Malaysia,7 wickets,Kuala Lumpur,9-Mar-24,2506
Oman,P.N.G.,Oman,4 wickets,Al Amerat,8-Mar-24,2505
Oman,P.N.G.,P.N.G.,8 wickets,Al Amerat,7-Mar-24,2504
Kuwait,Vanuatu,Kuwait,8 wickets,Kuala Lumpur,7-Mar-24,2503
Malaysia,Bahrain,Bahrain,9 wickets,Kuala Lumpur,7-Mar-24,2502
Bangladesh,Sri Lanka,Bangladesh,8 wickets,Sylhet,6-Mar-24,2501
Oman,P.N.G.,Oman,3 wickets,Al Amerat,6-Mar-24,2500
Malaysia,Vanuatu,Malaysia,52 runs,Kuala Lumpur,6-Mar-24,2499
Kuwait,Tanzania,Kuwait,5 wickets,Kuala Lumpur,6-Mar-24,2498
Bahrain,Kuwait,Bahrain,28 runs,Kuala Lumpur,5-Mar-24,2497
Nepal,Netherlands,Netherlands,4 wickets,Kirtipur,5-Mar-24,2496
Tanzania,Vanuatu,Vanuatu,9 runs,Kuala Lumpur,5-Mar-24,2495
Bangladesh,Sri Lanka,Sri Lanka,3 runs,Sylhet,4-Mar-24,2494
Namibia,Netherlands,no result,-,Kirtipur,3-Mar-24,2493
Nepal,Netherlands,Nepal,6 wickets,Kirtipur,2-Mar-24,2492
Qatar,Hong Kong,tied,-,Doha,1-Mar-24,2491
Nepal,Namibia,Nepal,3 runs,Kirtipur,1-Mar-24,2490
Qatar,Hong Kong,Qatar,4 wickets,Doha,29-Feb-24,2489
Namibia,Netherlands,Netherlands,59 runs,Kirtipur,29-Feb-24,2488
Nepal,Netherlands,Netherlands,2 runs,Kirtipur,28-Feb-24,2487
Qatar,Hong Kong,Hong Kong,10 runs,Doha,27-Feb-24,2486
Nepal,Namibia,Namibia,20 runs,Kirtipur,27-Feb-24,2485
New Zealand,Australia,Australia,27 runs,Auckland,25-Feb-24,2484
New Zealand,Australia,Australia,72 runs,Auckland,23-Feb-24,2483
Sri Lanka,Afghanistan,Afghanistan,3 runs,Dambulla,21-Feb-24,2482
New Zealand,Australia,Australia,6 wickets,Wellington,21-Feb-24,2481
Sri Lanka,Afghanistan,Sri Lanka,72 runs,Dambulla,19-Feb-24,2480
Sri Lanka,Afghanistan,Sri Lanka,4 runs,Dambulla,17-Feb-24,2479
Hong Kong,Japan,Hong Kong,34 runs,Mong Kok,17-Feb-24,2478
Bhutan,Maldives,Bhutan,4 wickets,Bangkok,16-Feb-24,2477
China,Japan,Japan,44 runs,Mong Kok,16-Feb-24,2476
Thailand,Saudi Arabia,Saudi Arabia,8 wickets,Bangkok,16-Feb-24,2475
Hong Kong,China,Hong Kong,10 wickets,Mong Kok,16-Feb-24,2474
Bhutan,Saudi Arabia,Saudi Arabia,166 runs,Bangkok,15-Feb-24,2473
Hong Kong,Japan,Hong Kong,27 runs,Mong Kok,15-Feb-24,2472
Thailand,Maldives,Thailand,8 wickets,Bangkok,15-Feb-24,2471
China,Japan,Japan,180 runs,Mong Kok,15-Feb-24,2470
Hong Kong,Japan,Hong Kong,7 wickets,Mong Kok,14-Feb-24,2469
Hong Kong,China,Hong Kong,123 runs,Mong Kok,14-Feb-24,2468
Australia,West Indies,West Indies,37 runs,Perth,13-Feb-24,2467
Bhutan,Maldives,Maldives,9 wickets,Bangkok,13-Feb-24,2466
Thailand,Saudi Arabia,Saudi Arabia,5 wickets,Bangkok,13-Feb-24,2465
Maldives,Saudi Arabia,Saudi Arabia,98 runs,Bangkok,12-Feb-24,2464
Thailand,Bhutan,Thailand,10 wickets,Bangkok,12-Feb-24,2463
Australia,West Indies,Australia,34 runs,Adelaide,11-Feb-24,2462
Cambodia,Saudi Arabia,Saudi Arabia,5 wickets,Bangkok,11-Feb-24,2461
Japan,Singapore,Singapore,8 wickets,Bangkok,11-Feb-24,2460
Australia,West Indies,Australia,11 runs,Hobart,9-Feb-24,2459
Cambodia,Singapore,Cambodia,6 wickets,Bangkok,9-Feb-24,2458
Japan,Saudi Arabia,Saudi Arabia,10 wickets,Bangkok,9-Feb-24,2457
Bhutan,Maldives,Maldives,32 runs,Bangkok,7-Feb-24,2456
Thailand,Indonesia,Thailand,7 wickets,Bangkok,7-Feb-24,2455
Thailand,Maldives,Thailand,8 wickets,Bangkok,6-Feb-24,2454
Japan,Singapore,Singapore,34 runs,Bangkok,6-Feb-24,2453
Bhutan,Cambodia,Cambodia,10 runs,Bangkok,5-Feb-24,2452
Indonesia,Saudi Arabia,Saudi Arabia,82 runs,Bangkok,5-Feb-24,2451
Japan,Maldives,Japan,42 runs,Bangkok,4-Feb-24,2450
Thailand,Singapore,Thailand,7 wickets,Bangkok,4-Feb-24,2449
Cambodia,Indonesia,Cambodia,6 wickets,Bangkok,3-Feb-24,2448
Bhutan,Saudi Arabia,Saudi Arabia,8 wickets,Bangkok,3-Feb-24,2447
Thailand,Japan,Japan,46 runs,Bangkok,2-Feb-24,2446
Maldives,Singapore,Singapore,41 runs,Bangkok,2-Feb-24,2445
Bhutan,Indonesia,Indonesia,16 runs,Bangkok,1-Feb-24,2444
Cambodia,Saudi Arabia,Saudi Arabia,88 runs,Bangkok,1-Feb-24,2443
China,Myanmar,China,47 runs,Bangkok,30-Jan-24,2442
China,Myanmar,Myanmar,1 wicket,Bangkok,29-Jan-24,2441
Cambodia,China,Cambodia,93 runs,Bangkok,28-Jan-24,2440
Cambodia,Myanmar,Cambodia,7 wickets,Bangkok,27-Jan-24,2439
New Zealand,Pakistan,Pakistan,42 runs,Christchurch,21-Jan-24,2438
New Zealand,Pakistan,New Zealand,7 wickets,Christchurch,19-Jan-24,2437
Sri Lanka,Zimbabwe,Sri Lanka,9 wickets,Colombo (RPS),18-Jan-24,2436
India,Afghanistan,tied,-,Bengaluru,17-Jan-24,2435
New Zealand,Pakistan,New Zealand,45 runs,Dunedin,17-Jan-24,2434
Sri Lanka,Zimbabwe,Zimbabwe,4 wickets,Colombo (RPS),16-Jan-24,2433
India,Afghanistan,India,6 wickets,Indore,14-Jan-24,2432
Sri Lanka,Zimbabwe,Sri Lanka,3 wickets,Colombo (RPS),14-Jan-24,2431
New Zealand,Pakistan,New Zealand,21 runs,Hamilton,14-Jan-24,2430
New Zealand,Pakistan,New Zealand,46 runs,Auckland,12-Jan-24,2429
India,Afghanistan,India,6 wickets,Mohali,11-Jan-24,2428
U.A.E.,Afghanistan,Afghanistan,4 wickets,Sharjah,2-Jan-24,2427
U.A.E.,Afghanistan,U.A.E.,11 runs,Sharjah,31-Dec-23,2426
New Zealand,Bangladesh,New Zealand,17 runs,Mount Maunganui,31-Dec-23,2425
U.A.E.,Afghanistan,Afghanistan,72 runs,Sharjah,29-Dec-23,2424
New Zealand,Bangladesh,no result,-,Mount Maunganui,29-Dec-23,2423
New Zealand,Bangladesh,Bangladesh,5 wickets,Napier,27-Dec-23,2422
Indonesia,Philippines,Philippines,7 wickets,Bali,26-Dec-23,2421
Indonesia,Philippines,tied,-,Bali,24-Dec-23,2420
Indonesia,Philippines,Philippines,8 wickets,Bali,24-Dec-23,2419
Indonesia,Philippines,Indonesia,20 runs,Bali,23-Dec-23,2418
Indonesia,Philippines,Indonesia,10 wickets,Bali,23-Dec-23,2417
Indonesia,Philippines,Philippines,2 runs,Bali,22-Dec-23,2416
West Indies,England,West Indies,4 wickets,Tarouba,21-Dec-23,2415
West Indies,England,England,75 runs,Tarouba,19-Dec-23,2414
Kenya,Uganda,Uganda,91 runs,Benoni,19-Dec-23,2413
Botswana,Malawi,Botswana,3 wickets,Benoni,19-Dec-23,2412
Kenya,Malawi,Kenya,4 runs,Benoni,18-Dec-23,2411
Botswana,Uganda,Uganda,10 wickets,Benoni,18-Dec-23,2410
Ghana,Sierra Leone,Ghana,2 wickets,Benoni,17-Dec-23,2409
Mozambique,Rwanda,Mozambique,5 wickets,Benoni,17-Dec-23,2408
West Indies,England,England,7 wickets,St George's,16-Dec-23,2407
Botswana,Kenya,Kenya,40 runs,Benoni,16-Dec-23,2406
Malawi,Rwanda,Malawi,46 runs,Benoni,16-Dec-23,2405
Mozambique,Uganda,Uganda,51 runs,Benoni,15-Dec-23,2404
Botswana,Sierra Leone,Sierra Leone,2 wickets,Benoni,15-Dec-23,2403
West Indies,England,West Indies,10 runs,St George's,14-Dec-23,2402
South Africa,India,India,106 runs,Johannesburg,14-Dec-23,2401
Malawi,Mozambique,Malawi,6 wickets,Benoni,14-Dec-23,2400
Ghana,Kenya,Kenya,8 wickets,Benoni,13-Dec-23,2399
Malawi,Uganda,Uganda,7 wickets,Benoni,13-Dec-23,2398
West Indies,England,West Indies,4 wickets,Bridgetown,12-Dec-23,2397
South Africa,India,South Africa,5 wickets,Gqeberha,12-Dec-23,2396
Kenya,Sierra Leone,Kenya,8 wickets,Benoni,12-Dec-23,2395
Botswana,Ghana,Botswana,38 runs,Benoni,11-Dec-23,2394
Rwanda,Uganda,Rwanda,2 runs,Benoni,11-Dec-23,2393
Cameroon,Sierra Leone,Sierra Leone,9 wickets,Benoni,10-Dec-23,2392
Zimbabwe,Ireland,Ireland,6 wickets,Harare,10-Dec-23,2391
Gambia,Ghana,Ghana,98 runs,Benoni,10-Dec-23,2390
Mali,Sierra Leone,Sierra Leone,8 wickets,Benoni,9-Dec-23,2389
Zimbabwe,Ireland,Ireland,4 wickets,Harare,9-Dec-23,2388
Ghana,Rwanda,Rwanda,3 wickets,Benoni,9-Dec-23,2387
Kenya,Mali,Kenya,10 wickets,Benoni,8-Dec-23,2386
Gambia,Rwanda,Rwanda,4 wickets,Benoni,8-Dec-23,2385
Zimbabwe,Ireland,Zimbabwe,1 wicket,Harare,7-Dec-23,2384
Kenya,Sierra Leone,Kenya,8 wickets,Benoni,7-Dec-23,2383
Cameroon,Mali,Cameroon,39 runs,Benoni,7-Dec-23,2382
Cameroon,Kenya,Kenya,10 wickets,Benoni,6-Dec-23,2381
India,Australia,India,6 runs,Bengaluru,3-Dec-23,2380
India,Australia,India,20 runs,Raipur,1-Dec-23,2379
Namibia,Nigeria,Namibia,8 wickets,Windhoek,30-Nov-23,2378
Kenya,Zimbabwe,Zimbabwe,110 runs,Windhoek,30-Nov-23,2377
Rwanda,Uganda,Uganda,9 wickets,Windhoek,30-Nov-23,2376
Kenya,Uganda,Uganda,33 runs,Windhoek,29-Nov-23,2375
Nigeria,Zimbabwe,Zimbabwe,6 wickets,Windhoek,29-Nov-23,2374
Rwanda,Tanzania,Tanzania,51 runs,Windhoek,29-Nov-23,2373
India,Australia,Australia,5 wickets,Guwahati,28-Nov-23,2372
Namibia,Tanzania,Namibia,58 runs,Windhoek,28-Nov-23,2371
Namibia,Kenya,Namibia,6 wickets,Windhoek,27-Nov-23,2370
Rwanda,Zimbabwe,Zimbabwe,144 runs,Windhoek,27-Nov-23,2369
Nigeria,Uganda,Uganda,9 wickets,Windhoek,27-Nov-23,2368
India,Australia,India,44 runs,Thiruvananthapuram,26-Nov-23,2367
Nigeria,Tanzania,Nigeria,3 wickets,Windhoek,26-Nov-23,2366
Uganda,Zimbabwe,Uganda,5 wickets,Windhoek,26-Nov-23,2365
Namibia,Rwanda,Namibia,68 runs,Windhoek,25-Nov-23,2364
Kenya,Tanzania,Kenya,50 runs,Windhoek,25-Nov-23,2363
Namibia,Uganda,Namibia,6 wickets,Windhoek,24-Nov-23,2362
Nigeria,Rwanda,no result,-,Windhoek,24-Nov-23,2361
India,Australia,India,2 wickets,Visakhapatnam,23-Nov-23,2360
Tanzania,Zimbabwe,Zimbabwe,9 wickets,Windhoek,23-Nov-23,2359
Kenya,Nigeria,Kenya,4 wickets,Windhoek,23-Nov-23,2358
Indonesia,Cambodia,Indonesia,-,Bali,23-Nov-23,2357
Namibia,Zimbabwe,Namibia,7 wickets,Windhoek,22-Nov-23,2356
Kenya,Rwanda,Kenya,17 runs,Windhoek,22-Nov-23,2355
Tanzania,Uganda,Uganda,8 wickets,Windhoek,22-Nov-23,2354
Indonesia,Cambodia,Cambodia,7 wickets,Bali,22-Nov-23,2353
Indonesia,Cambodia,Indonesia,104 runs,Bali,21-Nov-23,2352
Indonesia,Cambodia,Cambodia,8 wickets,Bali,21-Nov-23,2351
Indonesia,Cambodia,Indonesia,8 wickets,Bali,20-Nov-23,2350
Indonesia,Cambodia,Indonesia,7 wickets,Bali,20-Nov-23,2349
Nepal,Oman,tied,-,Kirtipur,5-Nov-23,2348
Bahrain,Oman,Oman,10 wickets,Kirtipur,3-Nov-23,2347
Nepal,U.A.E.,Nepal,8 wickets,Mulpani,3-Nov-23,2346
Malaysia,Singapore,Malaysia,60 runs,Kirtipur,2-Nov-23,2345
Bahrain,Kuwait,Kuwait,4 wickets,Mulpani,2-Nov-23,2344
Nepal,Oman,Oman,5 runs,Kirtipur,2-Nov-23,2343
Hong Kong,U.A.E.,U.A.E.,22 runs,Mulpani,2-Nov-23,2342
Nepal,Malaysia,Nepal,6 wickets,Kirtipur,31-Oct-23,2341
Kuwait,U.A.E.,U.A.E.,5 wickets,Mulpani,31-Oct-23,2340
Oman,Singapore,Oman,22 runs,Kirtipur,31-Oct-23,2339
Bahrain,Hong Kong,Bahrain,20 runs,Mulpani,31-Oct-23,2338
Namibia,Zimbabwe,Namibia,8 runs,Windhoek,30-Oct-23,2337
Malaysia,Oman,Oman,32 runs,Kirtipur,30-Oct-23,2336
Hong Kong,Kuwait,Hong Kong,16 runs,Mulpani,30-Oct-23,2335
Bahrain,U.A.E.,U.A.E.,5 wickets,Mulpani,30-Oct-23,2334
Nepal,Singapore,Nepal,8 wickets,Kirtipur,30-Oct-23,2333
Namibia,Zimbabwe,Namibia,7 wickets,Windhoek,29-Oct-23,2332
Namibia,Zimbabwe,Zimbabwe,6 wickets,Windhoek,27-Oct-23,2331
Nepal,U.A.E.,U.A.E.,4 wickets,Kirtipur,27-Oct-23,2330
Hong Kong,U.A.E.,Hong Kong,69 runs,Mulpani,25-Oct-23,2329
Namibia,Zimbabwe,Zimbabwe,5 wickets,Windhoek,25-Oct-23,2328
Namibia,Zimbabwe,Namibia,7 wickets,Windhoek,24-Oct-23,2327
Nepal,U.A.E.,Nepal,5 wickets,Mulpani,23-Oct-23,2326
Hong Kong,U.A.E.,U.A.E.,6 wickets,Mulpani,22-Oct-23,2325
Nepal,Hong Kong,Nepal,79 runs,Mulpani,21-Oct-23,2324
Argentina,Chile,Argentina,10 wickets,Buenos Aires,20-Oct-23,2323
Argentina,Mexico,Argentina,4 wickets,Buenos Aires,19-Oct-23,2322
Nepal,Hong Kong,Nepal,6 wickets,Mulpani,19-Oct-23,2321
Chile,Mexico,Mexico,5 wickets,Buenos Aires,18-Oct-23,2320
Nepal,U.A.E.,Nepal,7 wickets,Mulpani,18-Oct-23,2319
Nigeria,Rwanda,Nigeria,17 runs,Lagos,15-Oct-23,2318
Gibraltar,Luxembourg,Luxembourg,11 runs,Gibraltar,15-Oct-23,2317
Ghana,Sierra Leone,Sierra Leone,6 wickets,Lagos,15-Oct-23,2316
Gibraltar,Luxembourg,Gibraltar,24 runs,Gibraltar,15-Oct-23,2315
Ghana,Sierra Leone,Ghana,5 runs,Lagos,14-Oct-23,2314
Nigeria,Rwanda,Nigeria,8 wickets,Lagos,14-Oct-23,2313
Nigeria,Sierra Leone,Nigeria,53 runs,Lagos,12-Oct-23,2312
Ghana,Rwanda,Rwanda,9 wickets,Lagos,12-Oct-23,2311
Rwanda,Sierra Leone,Rwanda,5 wickets,Lagos,11-Oct-23,2310
Nigeria,Ghana,Nigeria,5 wickets,Lagos,11-Oct-23,2309
Rwanda,Sierra Leone,Sierra Leone,2 runs,Lagos,10-Oct-23,2308
Nigeria,Ghana,Nigeria,82 runs,Lagos,10-Oct-23,2307
Ghana,Rwanda,Rwanda,47 runs,Lagos,8-Oct-23,2306
Nigeria,Sierra Leone,Nigeria,9 wickets,Lagos,8-Oct-23,2305
Bermuda,Canada,Canada,39 runs,Hamilton,7-Oct-23,2304
Ghana,Sierra Leone,Ghana,8 wickets,Lagos,7-Oct-23,2303
Nigeria,Rwanda,Nigeria,6 wickets,Lagos,7-Oct-23,2302
Afghanistan,India,no result,-,Hangzhou,7-Oct-23,2301
Bangladesh,Pakistan,Bangladesh,6 wickets,Hangzhou,7-Oct-23,2300
Rwanda,Sierra Leone,Rwanda,33 runs,Lagos,6-Oct-23,2299
Nigeria,Ghana,Nigeria,35 runs,Lagos,6-Oct-23,2298
Afghanistan,Pakistan,Afghanistan,4 wickets,Hangzhou,6-Oct-23,2297
Bangladesh,India,India,9 wickets,Hangzhou,6-Oct-23,2296
Ghana,Rwanda,tied,-,Lagos,5-Oct-23,2295
Gibraltar,Serbia,Gibraltar,7 wickets,Gibraltar,5-Oct-23,2294
Kuwait,Saudi Arabia,Kuwait,4 wickets,Doha,5-Oct-23,2293
Nigeria,Sierra Leone,Nigeria,63 runs,Lagos,5-Oct-23,2292
Gibraltar,Serbia,Gibraltar,7 wickets,Gibraltar,5-Oct-23,2291
Qatar,Maldives,Qatar,42 runs,Doha,5-Oct-23,2290
Bermuda,Panama,Bermuda,5 wickets,Hamilton,4-Oct-23,2289
Ghana,Sierra Leone,Ghana,3 wickets,Lagos,4-Oct-23,2288
Canada,Cayman,Canada,166 runs,Hamilton,4-Oct-23,2287
Qatar,Saudi Arabia,Saudi Arabia,7 wickets,Doha,4-Oct-23,2286
Nigeria,Rwanda,Nigeria,54 runs,Lagos,4-Oct-23,2285
Bangladesh,Malaysia,Bangladesh,2 runs,Hangzhou,4-Oct-23,2284
Kuwait,Maldives,Kuwait,8 wickets,Doha,4-Oct-23,2283
Afghanistan,Sri Lanka,Afghanistan,8 runs,Hangzhou,4-Oct-23,2282
Bermuda,Cayman,Bermuda,53 runs,Hamilton,3-Oct-23,2281
Canada,Panama,Canada,163 runs,Hamilton,3-Oct-23,2280
Hong Kong,Pakistan,Pakistan,68 runs,Hangzhou,3-Oct-23,2279
India,Nepal,India,23 runs,Hangzhou,3-Oct-23,2278
Maldives,Saudi Arabia,Saudi Arabia,9 wickets,Doha,2-Oct-23,2277
Qatar,Kuwait,Kuwait,5 wickets,Doha,2-Oct-23,2276
Malaysia,Thailand,Malaysia,194 runs,Hangzhou,2-Oct-23,2275
Canada,Cayman,Canada,108 runs,Sandys Parish,1-Oct-23,2274
Bermuda,Panama,Bermuda,7 wickets,Sandys Parish,1-Oct-23,2273
Kuwait,Saudi Arabia,Saudi Arabia,3 wickets,Doha,1-Oct-23,2272
Hong Kong,Japan,Hong Kong,5 wickets,Hangzhou,1-Oct-23,2271
Qatar,Maldives,Qatar,9 wickets,Doha,1-Oct-23,2270
Maldives,Nepal,Nepal,138 runs,Hangzhou,1-Oct-23,2269
Cayman,Panama,Cayman,7 wickets,Sandys Parish,30-Sep-23,2268
Gibraltar,Estonia,Estonia,8 wickets,Gibraltar,30-Sep-23,2267
Bermuda,Canada,Bermuda,86 runs,Sandys Parish,30-Sep-23,2266
Gibraltar,Estonia,Gibraltar,2 wickets,Gibraltar,30-Sep-23,2265
Qatar,Saudi Arabia,Saudi Arabia,4 wickets,Doha,29-Sep-23,2264
Singapore,Thailand,Singapore,99 runs,Hangzhou,29-Sep-23,2263
Kuwait,Maldives,Kuwait,7 wickets,Doha,29-Sep-23,2262
Cambodia,Hong Kong,Hong Kong,9 wickets,Hangzhou,29-Sep-23,2261
Maldives,Saudi Arabia,Saudi Arabia,62 runs,Doha,28-Sep-23,2260
Maldives,Mongolia,Maldives,9 wickets,Hangzhou,28-Sep-23,2259
Qatar,Kuwait,Kuwait,7 wickets,Doha,28-Sep-23,2258
Malaysia,Singapore,Malaysia,73 runs,Hangzhou,28-Sep-23,2257
Cambodia,Japan,Japan,3 wickets,Hangzhou,27-Sep-23,2256
Mongolia,Nepal,Nepal,273 runs,Hangzhou,27-Sep-23,2255
Hong Kong,P.N.G.,P.N.G.,1 wicket,Kuala Lumpur,24-Sep-23,2254
Oman,U.A.E.,Oman,5 wickets,Doha,23-Sep-23,2253
Malaysia,P.N.G.,P.N.G.,4 wickets,Kuala Lumpur,23-Sep-23,2252
Kuwait,Oman,Oman,68 runs,Doha,22-Sep-23,2251
Bahrain,U.A.E.,Bahrain,3 runs,Doha,22-Sep-23,2250
Malaysia,Hong Kong,Malaysia,23 runs,Kuala Lumpur,22-Sep-23,2249
Qatar,Saudi Arabia,Qatar,7 wickets,Doha,21-Sep-23,2248
Hong Kong,P.N.G.,P.N.G.,22 runs,Kuala Lumpur,21-Sep-23,2247
Oman,Saudi Arabia,Oman,47 runs,Doha,20-Sep-23,2246
Qatar,U.A.E.,U.A.E.,60 runs,Doha,20-Sep-23,2245
Malaysia,P.N.G.,P.N.G.,45 runs,Kuala Lumpur,20-Sep-23,2244
Bahrain,Oman,Bahrain,1 run,Doha,19-Sep-23,2243
Kuwait,U.A.E.,U.A.E.,31 runs,Doha,19-Sep-23,2242
Malaysia,Hong Kong,Malaysia,102 runs,Kuala Lumpur,19-Sep-23,2241
Bahrain,Saudi Arabia,Bahrain,6 wickets,Doha,18-Sep-23,2240
Qatar,Kuwait,Qatar,1 run,Doha,18-Sep-23,2239
Saudi Arabia,U.A.E.,U.A.E.,8 wickets,Doha,17-Sep-23,2238
Qatar,Oman,Oman,19 runs,Doha,17-Sep-23,2237
Bahrain,Kuwait,Kuwait,8 wickets,Doha,16-Sep-23,2236
Oman,U.A.E.,U.A.E.,22 runs,Doha,16-Sep-23,2235
Qatar,Bahrain,Qatar,19 runs,Doha,15-Sep-23,2234
Kuwait,Saudi Arabia,Kuwait,5 wickets,Doha,15-Sep-23,2233
England,New Zealand,New Zealand,6 wickets,Nottingham,5-Sep-23,2232
England,New Zealand,New Zealand,74 runs,Birmingham,3-Sep-23,2231
South Africa,Australia,Australia,5 wickets,Durban,3-Sep-23,2230
England,New Zealand,England,95 runs,Manchester,1-Sep-23,2229
South Africa,Australia,Australia,8 wickets,Durban,1-Sep-23,2228
Rwanda,Tanzania,Tanzania,49 runs,Rwanda,31-Aug-23,2227
Rwanda,Uganda,Uganda,8 wickets,Rwanda,31-Aug-23,2226
England,New Zealand,England,7 wickets,Chester-le-Street,30-Aug-23,2225
South Africa,Australia,Australia,111 runs,Durban,30-Aug-23,2224
Rwanda,Tanzania,Tanzania,59 runs,Rwanda,30-Aug-23,2223
Tanzania,Uganda,Uganda,19 runs,Rwanda,30-Aug-23,2222
Rwanda,Uganda,Uganda,8 wickets,Rwanda,28-Aug-23,2221
Tanzania,Uganda,Uganda,59 runs,Rwanda,28-Aug-23,2220
Rwanda,Uganda,Uganda,6 wickets,Rwanda,27-Aug-23,2219
Rwanda,Tanzania,Tanzania,9 runs,Rwanda,27-Aug-23,2218
Tanzania,Uganda,Uganda,19 runs,Rwanda,25-Aug-23,2217
Rwanda,Tanzania,Tanzania,1 wicket,Rwanda,25-Aug-23,2216
Tanzania,Uganda,Uganda,60 runs,Rwanda,24-Aug-23,2215
Rwanda,Uganda,Uganda,86 runs,Rwanda,24-Aug-23,2214
Rwanda,Tanzania,Tanzania,7 wickets,Rwanda,22-Aug-23,2213
Rwanda,Uganda,Uganda,61 runs,Rwanda,22-Aug-23,2212
Tanzania,Uganda,Tanzania,3 wickets,Rwanda,21-Aug-23,2211
Rwanda,Tanzania,Rwanda,7 wickets,Rwanda,21-Aug-23,2210
Ireland,India,India,33 runs,Dublin (Malahide),20-Aug-23,2209
U.A.E.,New Zealand,New Zealand,32 runs,Dubai (DICS),20-Aug-23,2208
Tanzania,Uganda,Uganda,6 wickets,Rwanda,20-Aug-23,2207
Romania,Malta,Romania,6 runs,Ilfov County,20-Aug-23,2206
Rwanda,Uganda,Uganda,40 runs,Rwanda,20-Aug-23,2205
Romania,Malta,Romania,9 wickets,Ilfov County,20-Aug-23,2204
U.A.E.,New Zealand,U.A.E.,7 wickets,Dubai (DICS),19-Aug-23,2203
Romania,Malta,Romania,3 wickets,Ilfov County,19-Aug-23,2202
Romania,Malta,Malta,4 wickets,Ilfov County,19-Aug-23,2201
Ireland,India,India,2 runs,Dublin (Malahide),18-Aug-23,2200
Romania,Malta,Malta,8 wickets,Ilfov County,18-Aug-23,2199
U.A.E.,New Zealand,New Zealand,19 runs,Dubai (DICS),17-Aug-23,2198
Germany,Guernsey,Guernsey,10 runs,Deventer,15-Aug-23,2197
Germany,Guernsey,Guernsey,5 wickets,Deventer,14-Aug-23,2196
Germany,Guernsey,Germany,9 wickets,Deventer,14-Aug-23,2195
India,West Indies,West Indies,8 wickets,Lauderhill,13-Aug-23,2194
India,West Indies,India,9 wickets,Lauderhill,12-Aug-23,2193
West Indies,India,India,7 wickets,Providence,8-Aug-23,2192
West Indies,India,West Indies,2 wickets,Providence,6-Aug-23,2191
Hungary,Croatia,Hungary,7 wickets,Szodliget,6-Aug-23,2190
Hungary,Croatia,Hungary,145 runs,Szodliget,5-Aug-23,2189
West Indies,India,West Indies,4 runs,Tarouba,3-Aug-23,2188
Malaysia,Thailand,Malaysia,7 wickets,Kuala Lumpur,1-Aug-23,2187
China,Myanmar,China,5 wickets,Kuala Lumpur,31-Jul-23,2186
Bhutan,Thailand,Thailand,8 wickets,Kuala Lumpur,31-Jul-23,2185
Malaysia,Myanmar,Malaysia,184 runs,Kuala Lumpur,30-Jul-23,2184
Bhutan,China,Bhutan,95 runs,Kuala Lumpur,30-Jul-23,2183
P.N.G.,Japan,P.N.G.,6 wickets,Port Moresby,29-Jul-23,2182
Philippines,Vanuatu,Vanuatu,3 wickets,Port Moresby,29-Jul-23,2181
Scotland,Ireland,Scotland,8 runs,Edinburgh,28-Jul-23,2180
Germany,Italy,Italy,4 wickets,Edinburgh,28-Jul-23,2179
Denmark,Jersey,Jersey,28 runs,Edinburgh (Golden),28-Jul-23,2178
P.N.G.,Philippines,P.N.G.,100 runs,Port Moresby,28-Jul-23,2177
Myanmar,Thailand,Thailand,101 runs,Kuala Lumpur,28-Jul-23,2176
Japan,Vanuatu,Vanuatu,5 wickets,Port Moresby,28-Jul-23,2175
Scotland,Denmark,Scotland,33 runs,Edinburgh,27-Jul-23,2174
Malaysia,Bhutan,Malaysia,75 runs,Kuala Lumpur,27-Jul-23,2173
China,Thailand,Thailand,9 wickets,Kuala Lumpur,27-Jul-23,2172
Bhutan,Myanmar,Bhutan,31 runs,Kuala Lumpur,26-Jul-23,2171
Japan,Philippines,Japan,33 runs,Port Moresby,26-Jul-23,2170
Malaysia,China,Malaysia,8 wickets,Kuala Lumpur,26-Jul-23,2169
P.N.G.,Vanuatu,P.N.G.,39 runs,Port Moresby,26-Jul-23,2168
Germany,Jersey,Jersey,51 runs,Edinburgh,25-Jul-23,2167
Denmark,Italy,Italy,26 runs,Edinburgh,25-Jul-23,2166
Scotland,Austria,Scotland,166 runs,Edinburgh (Golden),25-Jul-23,2165
P.N.G.,Japan,P.N.G.,6 wickets,Port Moresby,25-Jul-23,2164
Philippines,Vanuatu,Philippines,6 wickets,Port Moresby,25-Jul-23,2163
Ireland,Jersey,Ireland,9 wickets,Edinburgh (Golden),24-Jul-23,2162
Scotland,Italy,Scotland,155 runs,Edinburgh,24-Jul-23,2161
Austria,Denmark,Denmark,8 wickets,Edinburgh (Golden),24-Jul-23,2160
Denmark,Germany,Germany,6 wickets,Edinburgh,23-Jul-23,2159
Austria,Ireland,Ireland,128 runs,Edinburgh,23-Jul-23,2158
Italy,Jersey,Italy,25 runs,Edinburgh (Golden),23-Jul-23,2157
P.N.G.,Philippines,P.N.G.,117 runs,Port Moresby,23-Jul-23,2156
Japan,Vanuatu,Japan,21 runs,Port Moresby,23-Jul-23,2155
P.N.G.,Vanuatu,P.N.G.,9 wickets,Port Moresby,22-Jul-23,2154
Japan,Philippines,Japan,53 runs,Port Moresby,22-Jul-23,2153
Scotland,Jersey,Scotland,14 runs,Edinburgh,21-Jul-23,2152
Denmark,Ireland,Ireland,9 wickets,Edinburgh,21-Jul-23,2151
Austria,Germany,Germany,9 wickets,Edinburgh (Golden),21-Jul-23,2150
Scotland,Germany,Scotland,72 runs,Edinburgh (Golden),20-Jul-23,2149
Austria,Jersey,Jersey,8 wickets,Edinburgh,20-Jul-23,2148
Ireland,Italy,Ireland,7 runs,Edinburgh (Golden),20-Jul-23,2147
Malta,Switzerland,Switzerland,6 wickets,Marsa,16-Jul-23,2146
Bangladesh,Afghanistan,Bangladesh,6 wickets,Sylhet,16-Jul-23,2145
Luxembourg,Romania,Romania,7 wickets,Marsa,16-Jul-23,2144
Malta,France,Malta,7 wickets,Marsa,16-Jul-23,2143
France,Luxembourg,Luxembourg,4 wickets,Marsa,15-Jul-23,2142
Malta,Switzerland,Switzerland,6 wickets,Marsa,15-Jul-23,2141
Luxembourg,Romania,Luxembourg,7 wickets,Marsa,15-Jul-23,2140
France,Switzerland,Switzerland,6 wickets,Marsa,14-Jul-23,2139
Bangladesh,Afghanistan,Bangladesh,2 wickets,Sylhet,14-Jul-23,2138
Malta,Romania,Malta,41 runs,Marsa,14-Jul-23,2137
Luxembourg,Switzerland,Switzerland,8 wickets,Marsa,14-Jul-23,2136
France,Romania,France,88 runs,Marsa,13-Jul-23,2135
Romania,Switzerland,Switzerland,6 wickets,Marsa,13-Jul-23,2134
Malta,Luxembourg,Malta,6 wickets,Marsa,13-Jul-23,2133
Malta,France,France,30 runs,Marsa,12-Jul-23,2132
France,Luxembourg,France,9 wickets,Marsa,12-Jul-23,2131
Malta,Luxembourg,Luxembourg,4 wickets,Marsa,12-Jul-23,2130
France,Luxembourg,France,51 runs,Marsa,11-Jul-23,2129
Malta,Luxembourg,Malta,42 runs,Marsa,11-Jul-23,2128
Isle of Man,Austria,no result,-,Castletown,10-Jul-23,2127
Malta,France,Malta,4 runs,Marsa,10-Jul-23,2126
Malta,France,France,9 runs,Marsa,10-Jul-23,2125
Isle of Man,Austria,Isle of Man,5 wickets,Castletown,9-Jul-23,2124
Isle of Man,Austria,Isle of Man,6 wickets,Castletown,9-Jul-23,2123
Jersey,Guernsey,Jersey,4 wickets,St Martin,8-Jul-23,2122
Jersey,Guernsey,Jersey,7 wickets,St Martin,7-Jul-23,2121
Austria,Germany,Germany,8 wickets,Deventer,30-Jun-23,2120
Austria,Germany,Germany,6 wickets,Deventer,29-Jun-23,2119
Bulgaria,Serbia,no result,-,Sofia,25-Jun-23,2118
Luxembourg,Switzerland,Switzerland,8 wickets,Walferdange,25-Jun-23,2117
Croatia,Turkey,no result,-,Sofia,25-Jun-23,2116
Bulgaria,Turkey,Bulgaria,8 wickets,Sofia,24-Jun-23,2115
Croatia,Serbia,Serbia,9 wickets,Sofia,24-Jun-23,2114
Luxembourg,Switzerland,Luxembourg,3 wickets,Walferdange,24-Jun-23,2113
Croatia,Turkey,Turkey,8 wickets,Sofia,24-Jun-23,2112
Bulgaria,Serbia,Serbia,5 wickets,Sofia,23-Jun-23,2111
Bulgaria,Croatia,Bulgaria,9 wickets,Sofia,23-Jun-23,2110
Serbia,Turkey,Serbia,70 runs,Sofia,23-Jun-23,2109
Kenya,Uganda,Uganda,1 run,Nairobi (Gym),21-Jun-23,2108
Rwanda,Uganda,Uganda,94 runs,Nairobi (Gym),19-Jun-23,2107
Kenya,Botswana,Kenya,6 wickets,Nairobi (Gym),19-Jun-23,2106
Kenya,Uganda,Uganda,5 wickets,Nairobi (Gym),18-Jun-23,2105
Botswana,Rwanda,Rwanda,7 wickets,Nairobi (Gym),18-Jun-23,2104
Kenya,Rwanda,Kenya,7 wickets,Nairobi (Gym),17-Jun-23,2103
Botswana,Uganda,Uganda,7 wickets,Nairobi (Gym),17-Jun-23,2102
Kenya,Botswana,Botswana,30 runs,Nairobi (Gym),15-Jun-23,2101
Rwanda,Uganda,Uganda,7 wickets,Nairobi (Gym),15-Jun-23,2100
Kenya,Rwanda,Kenya,7 wickets,Nairobi (Gym),14-Jun-23,2099
Botswana,Uganda,Uganda,64 runs,Nairobi (Gym),14-Jun-23,2098
Kenya,Uganda,Uganda,47 runs,Nairobi (Gym),13-Jun-23,2097
Botswana,Rwanda,Rwanda,27 runs,Nairobi (Gym),13-Jun-23,2096
Czech Rep.,Hungary,Czech Rep.,3 wickets,Vinor,11-Jun-23,2095
Rwanda,Uganda,Uganda,8 wickets,Nairobi (Gym),11-Jun-23,2094
Germany,Belgium,Germany,8 wickets,Krefeld,11-Jun-23,2093
Czech Rep.,Hungary,tied,-,Vinor,11-Jun-23,2092
Kenya,Botswana,Kenya,8 wickets,Nairobi (Gym),11-Jun-23,2091
Germany,Belgium,Germany,4 wickets,Krefeld,10-Jun-23,2090
Czech Rep.,Hungary,Czech Rep.,9 runs,Vinor,10-Jun-23,2089
Kenya,Uganda,Kenya,88 runs,Nairobi (Gym),10-Jun-23,2088
Germany,Belgium,Germany,5 wickets,Krefeld,10-Jun-23,2087
Botswana,Rwanda,Botswana,33 runs,Nairobi (Gym),10-Jun-23,2086
Germany,Belgium,Germany,6 runs,Krefeld,9-Jun-23,2085
Botswana,Uganda,Uganda,6 wickets,Nairobi (Gym),9-Jun-23,2084
Kenya,Rwanda,Kenya,3 wickets,Nairobi (Gym),9-Jun-23,2083
Botswana,Mozambique,Botswana,7 wickets,Benoni,1-Jun-23,2082
Eswatini,Mozambique,Mozambique,6 wickets,Benoni,30-May-23,2081
Botswana,Malawi,Botswana,100 runs,Benoni,30-May-23,2080
Botswana,Eswatini,Botswana,107 runs,Benoni,29-May-23,2079
Malawi,Mozambique,Malawi,9 wickets,Benoni,28-May-23,2078
Eswatini,Malawi,Malawi,53 runs,Benoni,27-May-23,2077
Finland,Sweden,tied,-,Glostrup,21-May-23,2076
Finland,Norway,Norway,7 wickets,Glostrup,20-May-23,2075
Finland,Sweden,Finland,7 runs,Brondby,20-May-23,2074
Denmark,Finland,Denmark,8 wickets,Brondby,19-May-23,2073
Norway,Sweden,Sweden,53 runs,Glostrup,19-May-23,2072
Denmark,Sweden,Sweden,10 wickets,Brondby,19-May-23,2071
Finland,Norway,Norway,30 runs,Glostrup,19-May-23,2070
Denmark,Finland,Denmark,72 runs,Brondby,18-May-23,2069
Norway,Sweden,Norway,75 runs,Glostrup,18-May-23,2068
Denmark,Norway,Denmark,9 wickets,Brondby,18-May-23,2067
Cambodia,Malaysia,Cambodia,12 runs,Phnom Penh,11-May-23,2066
Indonesia,Singapore,Singapore,15 runs,Phnom Penh,11-May-23,2065
Cambodia,Philippines,Cambodia,8 runs,Phnom Penh,10-May-23,2064
Gibraltar,Malta,Malta,1 run,Gibraltar,7-May-23,2063
Gibraltar,Portugal,Portugal,1 wicket,Gibraltar,7-May-23,2062
Malta,Portugal,Portugal,7 wickets,Gibraltar,6-May-23,2061
Gibraltar,Portugal,Portugal,9 wickets,Gibraltar,6-May-23,2060
Gibraltar,Malta,Gibraltar,80 runs,Gibraltar,6-May-23,2059
Gibraltar,Malta,Gibraltar,43 runs,Gibraltar,5-May-23,2058
Malta,Portugal,Portugal,17 runs,Gibraltar,5-May-23,2057
Gibraltar,Portugal,Portugal,7 wickets,Gibraltar,4-May-23,2056
Malta,Portugal,Portugal,84 runs,Gibraltar,4-May-23,2055
Cambodia,Singapore,Cambodia,15 runs,Phnom Penh,4-May-23,2054
Malaysia,Thailand,Malaysia,8 wickets,Phnom Penh,4-May-23,2053
Philippines,Singapore,Singapore,87 runs,Phnom Penh,3-May-23,2052
Indonesia,Malaysia,Malaysia,94 runs,Phnom Penh,2-May-23,2051
Indonesia,Thailand,Indonesia,32 runs,Phnom Penh,1-May-23,2050
Pakistan,New Zealand,New Zealand,6 wickets,Rawalpindi,24-Apr-23,2049
Pakistan,New Zealand,no result,-,Rawalpindi,20-Apr-23,2048
Pakistan,New Zealand,New Zealand,4 runs,Lahore,17-Apr-23,2047
Pakistan,New Zealand,Pakistan,38 runs,Lahore,15-Apr-23,2046
Pakistan,New Zealand,Pakistan,88 runs,Lahore,14-Apr-23,2045
Portugal,Gibraltar,Portugal,5 wickets,Albergaria,11-Apr-23,2044
Portugal,Gibraltar,Portugal,5 wickets,Albergaria,11-Apr-23,2043
Portugal,Gibraltar,Portugal,124 runs,Albergaria,10-Apr-23,2042
New Zealand,Sri Lanka,New Zealand,4 wickets,Queenstown,8-Apr-23,2041
New Zealand,Sri Lanka,New Zealand,9 wickets,Dunedin,5-Apr-23,2040
New Zealand,Sri Lanka,tied,-,Auckland,2-Apr-23,2039
Bangladesh,Ireland,Ireland,7 wickets,Chattogram,31-Mar-23,2038
Bangladesh,Ireland,Bangladesh,77 runs,Chattogram,29-Mar-23,2037
South Africa,West Indies,West Indies,7 runs,Johannesburg,28-Mar-23,2036
Afghanistan,Pakistan,Pakistan,66 runs,Sharjah,27-Mar-23,2035
Bangladesh,Ireland,Bangladesh,22 runs,Chattogram,27-Mar-23,2034
Afghanistan,Pakistan,Afghanistan,7 wickets,Sharjah,26-Mar-23,2033
South Africa,West Indies,South Africa,6 wickets,Centurion,26-Mar-23,2032
South Africa,West Indies,West Indies,3 wickets,Centurion,25-Mar-23,2031
Afghanistan,Pakistan,Afghanistan,6 wickets,Sharjah,24-Mar-23,2030
Fiji,Samoa,Fiji,22 runs,Suva,18-Mar-23,2029
Fiji,Vanuatu,Vanuatu,26 runs,Suva,17-Mar-23,2028
Fiji,Vanuatu,Vanuatu,102 runs,Suva,16-Mar-23,2027
Bangladesh,England,Bangladesh,16 runs,Mirpur,14-Mar-23,2026
Fiji,Samoa,Fiji,66 runs,Suva,14-Mar-23,2025
Samoa,Vanuatu,Vanuatu,17 runs,Suva,13-Mar-23,2024
Bangladesh,England,Bangladesh,4 wickets,Mirpur,12-Mar-23,2023
Hong Kong,Malaysia,Hong Kong,39 runs,Mong Kok,12-Mar-23,2022
Bahrain,Kuwait,Kuwait,6 wickets,Mong Kok,12-Mar-23,2021
Hong Kong,Malaysia,Hong Kong,4 wickets,Mong Kok,11-Mar-23,2020
Bahrain,Kuwait,Bahrain,4 wickets,Mong Kok,11-Mar-23,2019
Bangladesh,England,Bangladesh,6 wickets,Chattogram,9-Mar-23,2018
Hong Kong,Kuwait,Hong Kong,11 runs,Mong Kok,9-Mar-23,2017
Bahrain,Malaysia,Malaysia,53 runs,Mong Kok,9-Mar-23,2016
Hong Kong,Bahrain,Hong Kong,15 runs,Mong Kok,8-Mar-23,2015
Kuwait,Malaysia,Malaysia,3 wickets,Mong Kok,8-Mar-23,2014
Argentina,Cayman,Cayman,3 wickets,Buenos Aires,4-Mar-23,2013
Bahamas,Bermuda,Bermuda,9 wickets,Buenos Aires,4-Mar-23,2012
Argentina,Bahamas,Argentina,43 runs,Buenos Aires,2-Mar-23,2011
Cayman,Panama,Cayman,12 runs,Buenos Aires,2-Mar-23,2010
Bermuda,Panama,Bermuda,60 runs,Buenos Aires,28-Feb-23,2009
Bahamas,Cayman,Cayman,31 runs,Buenos Aires,28-Feb-23,2008
Argentina,Bermuda,Bermuda,110 runs,Buenos Aires,26-Feb-23,2007
Bahamas,Panama,Bahamas,4 wickets,Buenos Aires,26-Feb-23,2006
Spain,Isle of Man,Spain,10 wickets,Cartagena,26-Feb-23,2005
Spain,Isle of Man,Spain,7 wickets,Cartagena,26-Feb-23,2004
Bermuda,Cayman,Bermuda,96 runs,Buenos Aires,25-Feb-23,2003
Argentina,Panama,Panama,53 runs,Buenos Aires,25-Feb-23,2002
Spain,Isle of Man,Spain,6 wickets,Cartagena,25-Feb-23,2001
Spain,Isle of Man,Spain,8 wickets,Cartagena,25-Feb-23,2000
Spain,Isle of Man,no result,-,Cartagena,24-Feb-23,1999
Spain,Isle of Man,Spain,81 runs,Cartagena,24-Feb-23,1998
Argentina,Bermuda,Bermuda,107 runs,Buenos Aires,22-Feb-23,1997
Argentina,Bermuda,Bermuda,6 wickets,Buenos Aires,21-Feb-23,1996
U.A.E.,Afghanistan,Afghanistan,6 wickets,Abu Dhabi,19-Feb-23,1995
U.A.E.,Afghanistan,U.A.E.,9 wickets,Abu Dhabi,18-Feb-23,1994
U.A.E.,Afghanistan,Afghanistan,5 wickets,Abu Dhabi,16-Feb-23,1993
India,New Zealand,India,168 runs,Ahmedabad,1-Feb-23,1992
India,New Zealand,India,6 wickets,Lucknow,29-Jan-23,1991
India,New Zealand,New Zealand,21 runs,Ranchi,27-Jan-23,1990
Zimbabwe,Ireland,Zimbabwe,4 wickets,Harare,15-Jan-23,1989
Zimbabwe,Ireland,Ireland,6 wickets,Harare,14-Jan-23,1988
Zimbabwe,Ireland,Zimbabwe,5 wickets,Harare,12-Jan-23,1987
India,Sri Lanka,India,91 runs,Rajkot,7-Jan-23,1986
India,Sri Lanka,Sri Lanka,16 runs,Pune,5-Jan-23,1985
India,Sri Lanka,India,2 runs,Wankhede,3-Jan-23,1984
Tanzania,Uganda,no result,-,Rwanda,23-Dec-22,1983
Rwanda,Uganda,Uganda,3 runs,Rwanda,23-Dec-22,1982
Malaysia,Bahrain,Bahrain,6 wickets,Bangi,23-Dec-22,1981
Qatar,Singapore,Qatar,9 wickets,Bangi,23-Dec-22,1980
Tanzania,Uganda,Uganda,7 runs,Rwanda,22-Dec-22,1979
Rwanda,Tanzania,Tanzania,28 runs,Rwanda,22-Dec-22,1978
Bahrain,Qatar,no result,-,Bangi,22-Dec-22,1977
Malaysia,Singapore,Malaysia,143 runs,Bangi,22-Dec-22,1976
Malaysia,Qatar,no result,-,Bangi,21-Dec-22,1975
Bahrain,Singapore,Bahrain,6 wickets,Bangi,21-Dec-22,1974
Rwanda,Uganda,Uganda,7 wickets,Rwanda,20-Dec-22,1973
Rwanda,Tanzania,Tanzania,31 runs,Rwanda,20-Dec-22,1972
Rwanda,Uganda,Uganda,9 wickets,Rwanda,19-Dec-22,1971
Tanzania,Uganda,Tanzania,5 wickets,Rwanda,19-Dec-22,1970
Malaysia,Bahrain,Malaysia,7 wickets,Bangi,19-Dec-22,1969
Qatar,Singapore,Qatar,8 wickets,Bangi,19-Dec-22,1968
Rwanda,Tanzania,Tanzania,6 wickets,Rwanda,18-Dec-22,1967
Tanzania,Uganda,Uganda,2 runs,Rwanda,18-Dec-22,1966
Malaysia,Singapore,Malaysia,120 runs,Bangi,18-Dec-22,1965
Bahrain,Qatar,Bahrain,13 runs,Bangi,18-Dec-22,1964
Rwanda,Tanzania,Rwanda,1 run,Rwanda,16-Dec-22,1963
Rwanda,Uganda,Uganda,97 runs,Rwanda,16-Dec-22,1962
Bahrain,Singapore,tied,-,Bangi,16-Dec-22,1961
Malaysia,Qatar,Malaysia,8 wickets,Bangi,16-Dec-22,1960
Tanzania,Uganda,Uganda,13 runs,Rwanda,15-Dec-22,1959
Rwanda,Uganda,Uganda,133 runs,Rwanda,15-Dec-22,1958
Qatar,Singapore,Qatar,5 wickets,Bangi,15-Dec-22,1957
Malaysia,Bahrain,Malaysia,11 runs,Bangi,15-Dec-22,1956
Tanzania,Uganda,no result,-,Rwanda,14-Dec-22,1955
Rwanda,Uganda,Uganda,85 runs,Rwanda,14-Dec-22,1954
Rwanda,Tanzania,Tanzania,5 wickets,Rwanda,13-Dec-22,1953
Rwanda,Tanzania,Tanzania,66 runs,Rwanda,13-Dec-22,1952
Cameroon,Tanzania,Tanzania,184 runs,Kigali,9-Dec-22,1951
Ghana,Nigeria,Nigeria,6 wickets,Rwanda,9-Dec-22,1950
Cameroon,Gambia,Gambia,11 runs,Kigali,9-Dec-22,1949
Mozambique,Sierra Leone,Mozambique,5 wickets,Rwanda,9-Dec-22,1948
Gambia,Mozambique,Mozambique,40 runs,Kigali,8-Dec-22,1947
Nigeria,Tanzania,no result,-,Rwanda,8-Dec-22,1946
Cameroon,Eswatini,no result,-,Kigali,8-Dec-22,1945
Gambia,Ghana,Ghana,138 runs,Rwanda,8-Dec-22,1944
Cameroon,Ghana,Ghana,107 runs,Kigali,6-Dec-22,1943
Gambia,Tanzania,Tanzania,10 wickets,Rwanda,6-Dec-22,1942
Gambia,Sierra Leone,Sierra Leone,8 wickets,Kigali,6-Dec-22,1941
Eswatini,Tanzania,Tanzania,66 runs,Rwanda,6-Dec-22,1940
Cameroon,Nigeria,Nigeria,17 runs,Rwanda,5-Dec-22,1939
Ghana,Sierra Leone,Sierra Leone,18 runs,Kigali,5-Dec-22,1938
Eswatini,Sierra Leone,Sierra Leone,4 runs,Kigali,5-Dec-22,1937
Mozambique,Tanzania,Tanzania,6 wickets,Rwanda,5-Dec-22,1936
Gambia,Nigeria,Nigeria,9 wickets,Kigali,4-Dec-22,1935
Ghana,Tanzania,Tanzania,4 wickets,Rwanda,4-Dec-22,1934
Cameroon,Mozambique,Mozambique,9 wickets,Rwanda,4-Dec-22,1933
Eswatini,Nigeria,Nigeria,118 runs,Kigali,4-Dec-22,1932
Cameroon,Sierra Leone,Sierra Leone,1 wicket,Rwanda,2-Dec-22,1931
Eswatini,Mozambique,Mozambique,9 wickets,Kigali,2-Dec-22,1930
Ghana,Mozambique,Mozambique,7 wickets,Kigali,2-Dec-22,1929
Nigeria,Sierra Leone,Nigeria,6 wickets,Rwanda,2-Dec-22,1928
Eswatini,Gambia,Eswatini,5 wickets,Kigali,1-Dec-22,1927
Mozambique,Nigeria,Nigeria,8 wickets,Rwanda,1-Dec-22,1926
Eswatini,Ghana,Ghana,25 runs,Kigali,1-Dec-22,1925
Sierra Leone,Tanzania,Tanzania,9 wickets,Rwanda,1-Dec-22,1924
Kenya,Seychelles,Kenya,7 wickets,Rwanda,25-Nov-22,1923
Rwanda,Lesotho,no result,-,Kigali,25-Nov-22,1922
Botswana,St Helena,Botswana,60 runs,Rwanda,25-Nov-22,1921
Lesotho,Malawi,Malawi,118 runs,Kigali,25-Nov-22,1920
Botswana,Kenya,Kenya,8 wickets,Rwanda,24-Nov-22,1919
Rwanda,Mali,Rwanda,10 wickets,Kigali,24-Nov-22,1918
Malawi,St Helena,Malawi,10 wickets,Rwanda,24-Nov-22,1917
Rwanda,Seychelles,Rwanda,75 runs,Kigali,24-Nov-22,1916
Malawi,Seychelles,no result,-,Rwanda,22-Nov-22,1915
Mali,St Helena,no result,-,Kigali,22-Nov-22,1914
Botswana,Mali,Botswana,5 wickets,Rwanda,22-Nov-22,1913
Lesotho,St Helena,St Helena,45 runs,Kigali,22-Nov-22,1912
New Zealand,India,tied,-,Napier,22-Nov-22,1911
Oman,Canada,Canada,8 wickets,Al Amerat,21-Nov-22,1910
Bahrain,Saudi Arabia,Saudi Arabia,32 runs,Al Amerat,21-Nov-22,1909
Rwanda,Malawi,Rwanda,41 runs,Rwanda,21-Nov-22,1908
Seychelles,St Helena,St Helena,2 runs,Kigali,21-Nov-22,1907
Kenya,Lesotho,Kenya,167 runs,Kigali,21-Nov-22,1906
Malawi,Mali,Malawi,74 runs,Rwanda,21-Nov-22,1905
Bahrain,Saudi Arabia,Saudi Arabia,9 wickets,Al Amerat,20-Nov-22,1904
Oman,Canada,Canada,3 wickets,Al Amerat,20-Nov-22,1903
Lesotho,Seychelles,Lesotho,7 wickets,Kigali,20-Nov-22,1902
Rwanda,Kenya,Kenya,9 wickets,Rwanda,20-Nov-22,1901
Botswana,Malawi,Malawi,4 wickets,Rwanda,20-Nov-22,1900
Kenya,Mali,Kenya,10 wickets,Kigali,20-Nov-22,1899
New Zealand,India,India,65 runs,Mount Maunganui,20-Nov-22,1898
Oman,Bahrain,Oman,106 runs,Al Amerat,19-Nov-22,1897
Canada,Saudi Arabia,Canada,45 runs,Al Amerat,19-Nov-22,1896
Kenya,Malawi,no result,-,Rwanda,18-Nov-22,1895
Mali,Seychelles,no result,-,Kigali,18-Nov-22,1894
Botswana,Lesotho,Botswana,10 wickets,Kigali,18-Nov-22,1893
Rwanda,St Helena,Rwanda,54 runs,Rwanda,18-Nov-22,1892
Bahrain,Canada,Bahrain,8 wickets,Al Amerat,17-Nov-22,1891
Oman,Saudi Arabia,Oman,7 wickets,Al Amerat,17-Nov-22,1890
Botswana,Seychelles,no result,-,Kigali,17-Nov-22,1889
Kenya,St Helena,no result,-,Rwanda,17-Nov-22,1888
Lesotho,Mali,Lesotho,31 runs,Kigali,17-Nov-22,1887
Rwanda,Botswana,Rwanda,5 wickets,Rwanda,17-Nov-22,1886
Oman,Canada,Canada,1 run,Al Amerat,16-Nov-22,1885
Bahrain,Saudi Arabia,Bahrain,53 runs,Al Amerat,16-Nov-22,1884
Oman,Bahrain,Bahrain,6 wickets,Al Amerat,15-Nov-22,1883
Canada,Saudi Arabia,Canada,66 runs,Al Amerat,15-Nov-22,1882
Bahrain,Canada,Canada,4 wickets,Al Amerat,14-Nov-22,1881
Oman,Saudi Arabia,Oman,9 wickets,Al Amerat,14-Nov-22,1880
England,Pakistan,England,5 wickets,Melbourne,13-Nov-22,1879
England,India,England,10 wickets,Adelaide,10-Nov-22,1878
New Zealand,Pakistan,Pakistan,7 wickets,Sydney,9-Nov-22,1877
Spain,Italy,Italy,33 runs,Almeria,6-Nov-22,1876
Tanzania,Rwanda,Tanzania,10 wickets,Dar-es-Salaam,6-Nov-22,1875
Spain,Germany,Spain,5 runs,Almeria,6-Nov-22,1874
India,Zimbabwe,India,71 runs,Melbourne,6-Nov-22,1873
Bangladesh,Pakistan,Pakistan,5 wickets,Adelaide,6-Nov-22,1872
Netherlands,South Africa,Netherlands,13 runs,Adelaide,6-Nov-22,1871
Spain,Germany,Germany,36 runs,Almeria,5-Nov-22,1870
Tanzania,Rwanda,Tanzania,3 wickets,Dar-es-Salaam,5-Nov-22,1869
Spain,Italy,Spain,4 wickets,Almeria,5-Nov-22,1868
England,Sri Lanka,England,4 wickets,Sydney,5-Nov-22,1867
Germany,Italy,Germany,8 wickets,Almeria,4-Nov-22,1866
Germany,Italy,Germany,10 wickets,Almeria,4-Nov-22,1865
Australia,Afghanistan,Australia,4 runs,Adelaide,4-Nov-22,1864
Tanzania,Rwanda,Tanzania,77 runs,Dar-es-Salaam,4-Nov-22,1863
Ireland,New Zealand,New Zealand,35 runs,Adelaide,4-Nov-22,1862
Pakistan,South Africa,Pakistan,33 runs,Sydney,3-Nov-22,1861
Bangladesh,India,India,5 runs,Adelaide,2-Nov-22,1860
Netherlands,Zimbabwe,Netherlands,5 wickets,Adelaide,2-Nov-22,1859
England,New Zealand,England,20 runs,Brisbane,1-Nov-22,1858
Tanzania,Rwanda,Tanzania,21 runs,Dar-es-Salaam,1-Nov-22,1857
Afghanistan,Sri Lanka,Sri Lanka,6 wickets,Brisbane,1-Nov-22,1856
Australia,Ireland,Australia,42 runs,Brisbane,31-Oct-22,1855
Tanzania,Rwanda,Tanzania,54 runs,Dar-es-Salaam,31-Oct-22,1854
India,South Africa,South Africa,5 wickets,Perth,30-Oct-22,1853
Netherlands,Pakistan,Pakistan,6 wickets,Perth,30-Oct-22,1852
Bangladesh,Zimbabwe,Bangladesh,3 runs,Brisbane,30-Oct-22,1851
New Zealand,Sri Lanka,New Zealand,65 runs,Sydney,29-Oct-22,1850
Pakistan,Zimbabwe,Zimbabwe,1 run,Perth,27-Oct-22,1849
India,Netherlands,India,56 runs,Sydney,27-Oct-22,1848
Bangladesh,South Africa,South Africa,104 runs,Sydney,27-Oct-22,1847
England,Ireland,Ireland,5 runs,Melbourne,26-Oct-22,1846
Australia,Sri Lanka,Australia,7 wickets,Perth,25-Oct-22,1845
South Africa,Zimbabwe,no result,-,Hobart,24-Oct-22,1844
Bangladesh,Netherlands,Bangladesh,9 runs,Hobart,24-Oct-22,1843
India,Pakistan,India,4 wickets,Melbourne,23-Oct-22,1842
Ireland,Sri Lanka,Sri Lanka,9 wickets,Hobart,23-Oct-22,1841
Afghanistan,England,England,5 wickets,Perth,22-Oct-22,1840
Australia,New Zealand,New Zealand,89 runs,Sydney,22-Oct-22,1839
Scotland,Zimbabwe,Zimbabwe,5 wickets,Hobart,21-Oct-22,1838
Ireland,West Indies,Ireland,9 wickets,Hobart,21-Oct-22,1837
Namibia,U.A.E.,U.A.E.,7 runs,Geelong,20-Oct-22,1836
Netherlands,Sri Lanka,Sri Lanka,16 runs,Geelong,20-Oct-22,1835
West Indies,Zimbabwe,West Indies,31 runs,Hobart,19-Oct-22,1834
Ireland,Scotland,Ireland,6 wickets,Hobart,19-Oct-22,1833
Sri Lanka,U.A.E.,Sri Lanka,79 runs,Geelong,18-Oct-22,1832
Indonesia,South Korea,Indonesia,3 wickets,Sano,18-Oct-22,1831
Namibia,Netherlands,Netherlands,5 wickets,Geelong,18-Oct-22,1830
Japan,Indonesia,Indonesia,6 wickets,Sano,18-Oct-22,1829
Ireland,Zimbabwe,Zimbabwe,31 runs,Hobart,17-Oct-22,1828
Japan,South Korea,Japan,8 wickets,Sano,17-Oct-22,1827
Scotland,West Indies,Scotland,42 runs,Hobart,17-Oct-22,1826
Netherlands,U.A.E.,Netherlands,3 wickets,Geelong,16-Oct-22,1825
Japan,Indonesia,Japan,4 wickets,Sano,16-Oct-22,1824
Namibia,Sri Lanka,Namibia,55 runs,Geelong,16-Oct-22,1823
Japan,South Korea,Japan,48 runs,Sano,15-Oct-22,1822
Indonesia,South Korea,Indonesia,64 runs,Sano,15-Oct-22,1821
Australia,England,no result,-,Canberra,14-Oct-22,1820
New Zealand,Pakistan,Pakistan,5 wickets,Christchurch,14-Oct-22,1819
Bangladesh,Pakistan,Pakistan,7 wickets,Christchurch,13-Oct-22,1818
Australia,England,England,8 runs,Canberra,12-Oct-22,1817
New Zealand,Bangladesh,New Zealand,48 runs,Christchurch,12-Oct-22,1816
New Zealand,Pakistan,New Zealand,9 wickets,Christchurch,11-Oct-22,1815
Japan,Indonesia,Indonesia,3 wickets,Sano,11-Oct-22,1814
Japan,Indonesia,Japan,75 runs,Sano,10-Oct-22,1813
Australia,England,England,8 runs,Perth,9-Oct-22,1812
New Zealand,Bangladesh,New Zealand,8 wickets,Christchurch,9-Oct-22,1811
Japan,Indonesia,Japan,65 runs,Sano,9-Oct-22,1810
New Zealand,Pakistan,Pakistan,6 wickets,Christchurch,8-Oct-22,1809
Australia,West Indies,Australia,31 runs,Brisbane,7-Oct-22,1808
Bangladesh,Pakistan,Pakistan,21 runs,Christchurch,7-Oct-22,1807
Australia,West Indies,Australia,3 wickets,Carrara,5-Oct-22,1806
India,South Africa,South Africa,49 runs,Indore,4-Oct-22,1805
Pakistan,England,England,67 runs,Lahore,2-Oct-22,1804
India,South Africa,India,16 runs,Guwahati,2-Oct-22,1803
Pakistan,England,England,8 wickets,Lahore,30-Sep-22,1802
Pakistan,England,Pakistan,6 runs,Lahore,28-Sep-22,1801
India,South Africa,India,8 wickets,Thiruvananthapuram,28-Sep-22,1800
U.A.E.,Bangladesh,Bangladesh,32 runs,Dubai (DICS),27-Sep-22,1799
Pakistan,England,Pakistan,3 runs,Karachi,25-Sep-22,1798
U.A.E.,Bangladesh,Bangladesh,7 runs,Dubai (DICS),25-Sep-22,1797
India,Australia,India,6 wickets,Hyderabad,25-Sep-22,1796
Pakistan,England,England,63 runs,Karachi,23-Sep-22,1795
India,Australia,India,6 wickets,Nagpur,23-Sep-22,1794
Pakistan,England,Pakistan,10 wickets,Karachi,22-Sep-22,1793
Tanzania,Uganda,Uganda,8 wickets,Benoni,22-Sep-22,1792
Botswana,Tanzania,Tanzania,4 wickets,Benoni,21-Sep-22,1791
Kenya,Uganda,Uganda,3 wickets,Benoni,21-Sep-22,1790
Pakistan,England,England,6 wickets,Karachi,20-Sep-22,1789
India,Australia,Australia,4 wickets,Mohali,20-Sep-22,1788
Ghana,Uganda,Uganda,8 wickets,Benoni,20-Sep-22,1787
Malawi,Tanzania,Tanzania,44 runs,Benoni,20-Sep-22,1786
Botswana,Mozambique,Botswana,92 runs,Benoni,19-Sep-22,1785
Cameroon,Kenya,Kenya,9 wickets,Benoni,19-Sep-22,1784
Mozambique,Uganda,Uganda,38 runs,Benoni,18-Sep-22,1783
Botswana,Ghana,Botswana,11 runs,Benoni,18-Sep-22,1782
Kenya,Tanzania,Tanzania,4 wickets,Benoni,17-Sep-22,1781
Cameroon,Tanzania,Tanzania,10 wickets,Benoni,17-Sep-22,1780
Kenya,Malawi,Kenya,52 runs,Benoni,16-Sep-22,1779
Ghana,Mozambique,Ghana,28 runs,Benoni,16-Sep-22,1778
Cameroon,Malawi,Malawi,7 wickets,Benoni,15-Sep-22,1777
Botswana,Uganda,Uganda,7 wickets,Benoni,15-Sep-22,1776
Vanuatu,Cook Islands,Vanuatu,50 runs,Port vila,15-Sep-22,1775
Fiji,Samoa,Fiji,30 runs,Port vila,15-Sep-22,1774
Cook Islands,Fiji,Cook Islands,8 wickets,Port vila,14-Sep-22,1773
Vanuatu,Samoa,Vanuatu,6 wickets,Port vila,14-Sep-22,1772
Vanuatu,Fiji,Vanuatu,18 runs,Port vila,13-Sep-22,1771
Cook Islands,Samoa,Cook Islands,4 wickets,Port vila,13-Sep-22,1770
Pakistan,Sri Lanka,Sri Lanka,23 runs,Dubai (DICS),11-Sep-22,1769
Fiji,Samoa,Fiji,3 wickets,Port vila,11-Sep-22,1768
Vanuatu,Cook Islands,Cook Islands,5 wickets,Port vila,11-Sep-22,1767
Vanuatu,Samoa,Vanuatu,9 wickets,Port vila,10-Sep-22,1766
Cook Islands,Fiji,Fiji,3 wickets,Port vila,10-Sep-22,1765
Pakistan,Sri Lanka,Sri Lanka,5 wickets,Dubai (DICS),9-Sep-22,1764
Cook Islands,Samoa,Samoa,7 wickets,Port vila,9-Sep-22,1763
Vanuatu,Fiji,Vanuatu,56 runs,Port vila,9-Sep-22,1762
Afghanistan,India,India,101 runs,Dubai (DICS),8-Sep-22,1761
Afghanistan,Pakistan,Pakistan,1 wicket,Sharjah,7-Sep-22,1760
India,Sri Lanka,Sri Lanka,6 wickets,Dubai (DICS),6-Sep-22,1759
India,Pakistan,Pakistan,5 wickets,Dubai (DICS),4-Sep-22,1758
Afghanistan,Sri Lanka,Sri Lanka,4 wickets,Sharjah,3-Sep-22,1757
Hong Kong,Pakistan,Pakistan,155 runs,Sharjah,2-Sep-22,1756
Bangladesh,Sri Lanka,Sri Lanka,2 wickets,Dubai (DICS),1-Sep-22,1755
Hong Kong,India,India,40 runs,Dubai (DICS),31-Aug-22,1754
Afghanistan,Bangladesh,Afghanistan,7 wickets,Sharjah,30-Aug-22,1753
Kenya,Nepal,Nepal,31 runs,Nairobi (Gym),30-Aug-22,1752
Kenya,Nepal,Kenya,7 runs,Nairobi (Gym),29-Aug-22,1751
India,Pakistan,India,5 wickets,Dubai (DICS),28-Aug-22,1750
Kenya,Nepal,Nepal,4 wickets,Nairobi (Gym),28-Aug-22,1749
Afghanistan,Sri Lanka,Afghanistan,8 wickets,Dubai (DICS),27-Aug-22,1748
Kenya,Nepal,Kenya,18 runs,Nairobi (Gym),26-Aug-22,1747
Kenya,Nepal,Nepal,5 wickets,Nairobi (Gym),25-Aug-22,1746
Hong Kong,U.A.E.,Hong Kong,8 wickets,Al Amerat,24-Aug-22,1745
Kuwait,Singapore,Kuwait,6 wickets,Al Amerat,24-Aug-22,1744
Hong Kong,Kuwait,Hong Kong,8 wickets,Al Amerat,23-Aug-22,1743
Singapore,U.A.E.,U.A.E.,47 runs,Al Amerat,22-Aug-22,1742
Kuwait,U.A.E.,Kuwait,1 wicket,Al Amerat,21-Aug-22,1741
Hong Kong,Singapore,Hong Kong,8 runs,Al Amerat,20-Aug-22,1740
Bahrain,Kuwait,Kuwait,102 runs,Al Amerat,17-Aug-22,1739
Ireland,Afghanistan,Ireland,7 wickets,Belfast,17-Aug-22,1738
Bahrain,Kuwait,Kuwait,4 wickets,Al Amerat,16-Aug-22,1737
Ireland,Afghanistan,Afghanistan,27 runs,Belfast,15-Aug-22,1736
West Indies,New Zealand,West Indies,8 wickets,Kingston,14-Aug-22,1735
Bahrain,Kuwait,Kuwait,5 wickets,Al Amerat,14-Aug-22,1734
Bahrain,Kuwait,Kuwait,20 runs,Al Amerat,13-Aug-22,1733
West Indies,New Zealand,New Zealand,90 runs,Kingston,12-Aug-22,1732
Ireland,Afghanistan,Afghanistan,22 runs,Belfast,12-Aug-22,1731
Bahrain,Kuwait,tied,-,Al Amerat,11-Aug-22,1730
Ireland,Afghanistan,Ireland,5 wickets,Belfast,11-Aug-22,1729
West Indies,New Zealand,New Zealand,13 runs,Kingston,10-Aug-22,1728
Ireland,Afghanistan,Ireland,7 wickets,Belfast,9-Aug-22,1727
India,West Indies,India,88 runs,Lauderhill,7-Aug-22,1726
India,West Indies,India,59 runs,Lauderhill,6-Aug-22,1725
Ireland,South Africa,South Africa,44 runs,Bristol,5-Aug-22,1724
Netherlands,New Zealand,New Zealand,8 wickets,The Hague,5-Aug-22,1723
Netherlands,New Zealand,New Zealand,16 runs,The Hague,4-Aug-22,1722
Ireland,South Africa,South Africa,21 runs,Bristol,3-Aug-22,1721
West Indies,India,India,7 wickets,Basseterre,2-Aug-22,1720
Zimbabwe,Bangladesh,Zimbabwe,10 runs,Harare,2-Aug-22,1719
West Indies,India,West Indies,5 wickets,Basseterre,1-Aug-22,1718
England,South Africa,South Africa,90 runs,Southampton,31-Jul-22,1717
Austria,Norway,Austria,9 wickets,Kerava,31-Jul-22,1716
Luxembourg,Switzerland,Luxembourg,7 runs,Vantaa,31-Jul-22,1715
Eswatini,Mozambique,Mozambique,43 runs,Malkerns,31-Jul-22,1714
Zimbabwe,Bangladesh,Bangladesh,7 wickets,Harare,31-Jul-22,1713
Bulgaria,Czech Rep.,Czech Rep.,4 wickets,Vantaa,31-Jul-22,1712
France,Guernsey,Guernsey,56 runs,Kerava,31-Jul-22,1711
Eswatini,Mozambique,Mozambique,94 runs,Malkerns,31-Jul-22,1710
Luxembourg,Slovenia,Luxembourg,5 runs,Vantaa,30-Jul-22,1709
Estonia,France,France,25 runs,Kerava,30-Jul-22,1708
Eswatini,Mozambique,Mozambique,95 runs,Malkerns,30-Jul-22,1707
Zimbabwe,Bangladesh,Zimbabwe,17 runs,Harare,30-Jul-22,1706
Austria,Bulgaria,Austria,158 runs,Vantaa,30-Jul-22,1705
Czech Rep.,Switzerland,Czech Rep.,7 wickets,Kerava,30-Jul-22,1704
Eswatini,Mozambique,Mozambique,8 wickets,Malkerns,30-Jul-22,1703
West Indies,India,India,68 runs,Tarouba,29-Jul-22,1702
Scotland,New Zealand,New Zealand,102 runs,Edinburgh,29-Jul-22,1701
Eswatini,Mozambique,Mozambique,7 wickets,Malkerns,29-Jul-22,1700
Eswatini,Mozambique,Mozambique,8 wickets,Malkerns,29-Jul-22,1699
England,South Africa,South Africa,58 runs,Cardiff,28-Jul-22,1698
Czech Rep.,Estonia,Czech Rep.,42 runs,Vantaa,28-Jul-22,1697
Guernsey,Slovenia,Guernsey,9 wickets,Kerava,28-Jul-22,1696
Bulgaria,Luxembourg,Luxembourg,21 runs,Kerava,28-Jul-22,1695
Norway,Switzerland,Norway,12 runs,Vantaa,28-Jul-22,1694
England,South Africa,England,41 runs,Bristol,27-Jul-22,1693
Scotland,New Zealand,New Zealand,68 runs,Edinburgh,27-Jul-22,1692
Bulgaria,Slovenia,Bulgaria,3 wickets,Vantaa,27-Jul-22,1691
France,Norway,France,11 runs,Kerava,27-Jul-22,1690
Austria,Guernsey,Austria,2 wickets,Vantaa,27-Jul-22,1689
Estonia,Switzerland,Switzerland,31 runs,Kerava,27-Jul-22,1688
France,Switzerland,Switzerland,1 wicket,Vantaa,25-Jul-22,1687
Guernsey,Luxembourg,Guernsey,17 runs,Kerava,25-Jul-22,1686
Austria,Slovenia,Austria,141 runs,Kerava,25-Jul-22,1685
Czech Rep.,Norway,Norway,120 runs,Vantaa,25-Jul-22,1684
Bulgaria,Guernsey,Guernsey,52 runs,Vantaa,24-Jul-22,1683
Czech Rep.,France,France,51 runs,Kerava,24-Jul-22,1682
Austria,Luxembourg,Austria,36 runs,Vantaa,24-Jul-22,1681
Estonia,Norway,Norway,10 wickets,Kerava,24-Jul-22,1680
Ireland,New Zealand,New Zealand,6 wickets,Belfast,22-Jul-22,1679
Ireland,New Zealand,New Zealand,88 runs,Belfast,20-Jul-22,1678
Isle of Man,Italy,Italy,7 wickets,Kerava,19-Jul-22,1677
Romania,Sweden,Sweden,8 wickets,Vantaa,19-Jul-22,1676
Croatia,Serbia,Croatia,3 wickets,Vantaa,19-Jul-22,1675
Finland,Cyprus,Finland,11 runs,Kerava,19-Jul-22,1674
Ireland,New Zealand,New Zealand,31 runs,Belfast,18-Jul-22,1673
Finland,Croatia,Finland,5 wickets,Vantaa,18-Jul-22,1672
Isle of Man,Turkey,Isle of Man,74 runs,Kerava,18-Jul-22,1671
Cyprus,Serbia,Serbia,4 wickets,Kerava,18-Jul-22,1670
Greece,Sweden,Sweden,107 runs,Vantaa,18-Jul-22,1669
P.N.G.,U.S.A.,P.N.G.,5 runs,Bulawayo,17-Jul-22,1668
Zimbabwe,Netherlands,Zimbabwe,37 runs,Bulawayo,17-Jul-22,1667
Hong Kong,Uganda,Uganda,4 runs,Bulawayo,17-Jul-22,1666
Jersey,Singapore,Jersey,6 wickets,Bulawayo,17-Jul-22,1665
Croatia,Italy,Italy,166 runs,Kerava,16-Jul-22,1664
Cyprus,Turkey,Cyprus,135 runs,Vantaa,16-Jul-22,1663
Finland,Greece,Finland,37 runs,Kerava,16-Jul-22,1662
Romania,Serbia,Romania,31 runs,Vantaa,16-Jul-22,1661
Croatia,Greece,Croatia,3 runs,Vantaa,15-Jul-22,1660
Isle of Man,Romania,Isle of Man,8 wickets,Kerava,15-Jul-22,1659
Netherlands,U.S.A.,Netherlands,7 wickets,Bulawayo,15-Jul-22,1658
Zimbabwe,P.N.G.,Zimbabwe,27 runs,Bulawayo,15-Jul-22,1657
Italy,Sweden,Italy,91 runs,Vantaa,15-Jul-22,1656
Serbia,Turkey,Serbia,7 wickets,Kerava,15-Jul-22,1655
Hong Kong,Singapore,Hong Kong,7 wickets,Bulawayo,15-Jul-22,1654
Jersey,Uganda,Uganda,5 runs,Bulawayo,15-Jul-22,1653
Jersey,Singapore,Jersey,13 runs,Bulawayo,14-Jul-22,1652
Zimbabwe,U.S.A.,Zimbabwe,46 runs,Bulawayo,14-Jul-22,1651
Hong Kong,P.N.G.,Hong Kong,2 wickets,Bulawayo,14-Jul-22,1650
Netherlands,Uganda,Netherlands,97 runs,Bulawayo,14-Jul-22,1649
Finland,Italy,Italy,5 wickets,Kerava,13-Jul-22,1648
Isle of Man,Serbia,Isle of Man,68 runs,Vantaa,13-Jul-22,1647
Croatia,Sweden,Sweden,8 wickets,Kerava,13-Jul-22,1646
Cyprus,Romania,Cyprus,20 runs,Vantaa,13-Jul-22,1645
Finland,Sweden,Finland,12 runs,Vantaa,12-Jul-22,1644
Romania,Turkey,Romania,51 runs,Kerava,12-Jul-22,1643
Hong Kong,Netherlands,Netherlands,7 wickets,Bulawayo,12-Jul-22,1642
P.N.G.,Uganda,P.N.G.,8 wickets,Bulawayo,12-Jul-22,1641
Cyprus,Isle of Man,Isle of Man,8 wickets,Kerava,12-Jul-22,1640
Greece,Italy,Italy,9 wickets,Vantaa,12-Jul-22,1639
Singapore,U.S.A.,U.S.A.,132 runs,Bulawayo,12-Jul-22,1638
Zimbabwe,Jersey,Zimbabwe,23 runs,Bulawayo,12-Jul-22,1637
Hong Kong,Uganda,Uganda,2 wickets,Bulawayo,11-Jul-22,1636
Netherlands,P.N.G.,Netherlands,52 runs,Bulawayo,11-Jul-22,1635
Jersey,U.S.A.,U.S.A.,8 wickets,Bulawayo,11-Jul-22,1634
Zimbabwe,Singapore,Zimbabwe,111 runs,Bulawayo,11-Jul-22,1633
Malaysia,Bhutan,Malaysia,9 wickets,Bangi,11-Jul-22,1632
England,India,England,17 runs,Nottingham,10-Jul-22,1631
Czech Rep.,Austria,Czech Rep.,6 wickets,Vinor,10-Jul-22,1630
Czech Rep.,Luxembourg,Czech Rep.,36 runs,Vinor,10-Jul-22,1629
England,India,India,49 runs,Birmingham,9-Jul-22,1628
Austria,Luxembourg,Austria,35 runs,Vinor,9-Jul-22,1627
Serbia,Bulgaria,Bulgaria,95 runs,Belgrade,9-Jul-22,1626
Czech Rep.,Austria,Austria,4 wickets,Vinor,9-Jul-22,1625
Serbia,Bulgaria,Serbia,8 wickets,Belgrade,9-Jul-22,1624
Bhutan,Thailand,Bhutan,28 runs,Bangi,9-Jul-22,1623
Malaysia,Maldives,Malaysia,94 runs,Bangi,9-Jul-22,1622
Serbia,Bulgaria,Serbia,7 wickets,Belgrade,8-Jul-22,1621
Czech Rep.,Luxembourg,Czech Rep.,5 wickets,Vinor,8-Jul-22,1620
Austria,Luxembourg,Austria,5 wickets,Vinor,8-Jul-22,1619
Maldives,Thailand,Maldives,41 runs,Bangi,8-Jul-22,1618
West Indies,Bangladesh,West Indies,5 wickets,Providence,7-Jul-22,1617
England,India,India,50 runs,Southampton,7-Jul-22,1616
Malaysia,Thailand,Malaysia,9 wickets,Bangi,7-Jul-22,1615
Bhutan,Maldives,Bhutan,2 runs,Bangi,7-Jul-22,1614
Malaysia,Maldives,Malaysia,8 wickets,Bangi,6-Jul-22,1613
Bhutan,Thailand,Bhutan,6 wickets,Bangi,6-Jul-22,1612
Denmark,Portugal,Denmark,9 wickets,Waterloo,4-Jul-22,1611
Belgium,Spain,Belgium,5 wickets,Waterloo,4-Jul-22,1610
Bhutan,Maldives,Bhutan,6 runs,Bangi,4-Jul-22,1609
Malaysia,Thailand,Malaysia,9 wickets,Bangi,4-Jul-22,1608
West Indies,Bangladesh,West Indies,35 runs,Roseau,3-Jul-22,1607
Gibraltar,Malta,Malta,7 wickets,Waterloo,3-Jul-22,1606
Singapore,P.N.G.,P.N.G.,3 wickets,Singapore,3-Jul-22,1605
Hungary,Israel,Israel,12 runs,Waterloo,3-Jul-22,1604
Malaysia,Bhutan,Malaysia,39 runs,Bangi,3-Jul-22,1603
Maldives,Thailand,Maldives,7 wickets,Bangi,3-Jul-22,1602
West Indies,Bangladesh,no result,-,Roseau,2-Jul-22,1601
Denmark,Spain,Denmark,41 runs,Waterloo,2-Jul-22,1600
Singapore,P.N.G.,Singapore,18 runs,Singapore,2-Jul-22,1599
Belgium,Portugal,Portugal,8 wickets,Waterloo,2-Jul-22,1598
Malaysia,Bhutan,Malaysia,155 runs,Bangi,2-Jul-22,1597
Belgium,Denmark,Belgium,12 runs,Waterloo,1-Jul-22,1596
Israel,Malta,Malta,16 runs,Gent,1-Jul-22,1595
Gibraltar,Hungary,Gibraltar,4 wickets,Waterloo,1-Jul-22,1594
Portugal,Spain,Spain,8 wickets,Gent,1-Jul-22,1593
Singapore,Malaysia,Malaysia,5 wickets,Singapore,30-Jun-22,1592
Belgium,Hungary,Belgium,2 wickets,Waterloo,29-Jun-22,1591
Israel,Spain,Spain,7 wickets,Gent,29-Jun-22,1590
Singapore,Malaysia,Malaysia,23 runs,Singapore,29-Jun-22,1589
Denmark,Gibraltar,Denmark,132 runs,Waterloo,29-Jun-22,1588
Malta,Portugal,Portugal,11 runs,Gent,29-Jun-22,1587
Ireland,India,India,4 runs,Dublin (Malahide),28-Jun-22,1586
Denmark,Hungary,Denmark,88 runs,Gent,28-Jun-22,1585
Israel,Portugal,Portugal,47 runs,Waterloo,28-Jun-22,1584
Singapore,Malaysia,Singapore,4 wickets,Singapore,28-Jun-22,1583
Belgium,Gibraltar,Belgium,7 wickets,Gent,28-Jun-22,1582
Malta,Spain,Spain,6 wickets,Waterloo,28-Jun-22,1581
Ireland,India,India,7 wickets,Dublin (Malahide),26-Jun-22,1580
Bulgaria,Serbia,Bulgaria,6 wickets,Sofia,26-Jun-22,1579
Bulgaria,Serbia,Bulgaria,40 runs,Sofia,25-Jun-22,1578
Bulgaria,Serbia,Bulgaria,5 wickets,Sofia,25-Jun-22,1577
Bulgaria,Serbia,Bulgaria,6 wickets,Sofia,24-Jun-22,1576
India,South Africa,no result,-,Bengaluru,19-Jun-22,1575
Finland,Estonia,Finland,11 runs,Kerava,19-Jun-22,1574
Finland,Estonia,Finland,23 runs,Kerava,19-Jun-22,1573
India,South Africa,India,82 runs,Rajkot,17-Jun-22,1572
India,South Africa,India,48 runs,Visakhapatnam,14-Jun-22,1571
Zimbabwe,Afghanistan,Afghanistan,35 runs,Harare,14-Jun-22,1570
India,South Africa,South Africa,4 wickets,Cuttack,12-Jun-22,1569
Zimbabwe,Afghanistan,Afghanistan,21 runs,Harare,12-Jun-22,1568
Germany,Austria,Germany,3 wickets,Krefeld,12-Jun-22,1567
Belgium,Malta,Belgium,122 runs,Waterloo,12-Jun-22,1566
Germany,Sweden,Germany,29 runs,Krefeld,11-Jun-22,1565
Sri Lanka,Australia,Sri Lanka,4 wickets,Pallekele,11-Jun-22,1564
Luxembourg,Switzerland,Switzerland,78 runs,Walferdange,11-Jun-22,1563
Belgium,Malta,Belgium,84 runs,Gent,11-Jun-22,1562
Zimbabwe,Afghanistan,Afghanistan,6 wickets,Harare,11-Jun-22,1561
Austria,Sweden,Austria,1 run,Krefeld,11-Jun-22,1560
Luxembourg,Switzerland,Luxembourg,18 runs,Walferdange,11-Jun-22,1559
Belgium,Malta,Belgium,111 runs,Gent,11-Jun-22,1558
Austria,Sweden,Austria,3 runs,Krefeld,10-Jun-22,1557
Germany,Austria,Austria,38 runs,Krefeld,10-Jun-22,1556
Germany,Sweden,Germany,4 wickets,Krefeld,9-Jun-22,1555
India,South Africa,South Africa,7 wickets,Delhi,9-Jun-22,1554
Germany,Austria,Germany,54 runs,Krefeld,9-Jun-22,1553
Sri Lanka,Australia,Australia,3 wickets,Colombo (RPS),8-Jun-22,1552
Sri Lanka,Australia,Australia,10 wickets,Colombo (RPS),7-Jun-22,1551
Austria,Hungary,Hungary,4 wickets,Lower Austria,5-Jun-22,1550
Austria,Hungary,no result,-,Lower Austria,4-Jun-22,1549
Austria,Hungary,Austria,105 runs,Lower Austria,4-Jun-22,1548
Zimbabwe,Namibia,Namibia,32 runs,Bulawayo,24-May-22,1547
Zimbabwe,Namibia,Namibia,6 wickets,Bulawayo,22-May-22,1546
Guernsey,Jersey,Jersey,37 runs,Castel,21-May-22,1545
Zimbabwe,Namibia,Zimbabwe,8 wickets,Bulawayo,21-May-22,1544
Guernsey,Jersey,Jersey,60 runs,Castel,21-May-22,1543
Guernsey,Jersey,Jersey,37 runs,St Peter Port,20-May-22,1542
Zimbabwe,Namibia,Namibia,8 wickets,Bulawayo,19-May-22,1541
Zimbabwe,Namibia,Zimbabwe,7 runs,Bulawayo,17-May-22,1540
Malta,Romania,Romania,9 runs,Marsa,15-May-22,1539
Czech Rep.,Hungary,Czech Rep.,70 runs,Marsa,15-May-22,1538
Bulgaria,Gibraltar,Bulgaria,5 wickets,Marsa,15-May-22,1537
Malta,Bulgaria,Malta,6 wickets,Marsa,14-May-22,1536
Gibraltar,Romania,Romania,8 wickets,Marsa,14-May-22,1535
Czech Rep.,Hungary,Czech Rep.,7 wickets,Marsa,14-May-22,1534
Bulgaria,Romania,Romania,8 wickets,Marsa,13-May-22,1533
Czech Rep.,Romania,Romania,26 runs,Marsa,13-May-22,1532
Bulgaria,Gibraltar,Gibraltar,21 runs,Marsa,13-May-22,1531
Hungary,Romania,Hungary,6 wickets,Marsa,12-May-22,1530
Bulgaria,Czech Rep.,Czech Rep.,88 runs,Marsa,12-May-22,1529
Malta,Czech Rep.,Malta,2 runs,Marsa,12-May-22,1528
Bulgaria,Hungary,Hungary,5 runs,Marsa,11-May-22,1527
Czech Rep.,Gibraltar,Czech Rep.,40 runs,Marsa,11-May-22,1526
Malta,Romania,Malta,5 wickets,Marsa,11-May-22,1525
Gibraltar,Hungary,Hungary,4 wickets,Marsa,10-May-22,1524
Malta,Hungary,Malta,45 runs,Marsa,10-May-22,1523
Malta,Gibraltar,Malta,5 wickets,Marsa,10-May-22,1522
Denmark,Finland,Denmark,53 runs,Brondby,8-May-22,1521
Denmark,Finland,Denmark,137 runs,Brondby,7-May-22,1520
Denmark,Finland,Finland,3 wickets,Brondby,7-May-22,1519
Spain,Norway,Spain,41 runs,Almeria,1-May-22,1518
Spain,Guernsey,Guernsey,8 wickets,Almeria,1-May-22,1517
Spain,Guernsey,Spain,8 wickets,Almeria,30-Apr-22,1516
Guernsey,Norway,Guernsey,8 wickets,Almeria,30-Apr-22,1515
Spain,Norway,Spain,51 runs,Almeria,30-Apr-22,1514
Guernsey,Norway,Norway,37 runs,Almeria,29-Apr-22,1513
Cayman,Bahamas,Cayman,42 runs,George Town,17-Apr-22,1512
Cayman,Bahamas,Cayman,65 runs,George Town,16-Apr-22,1511
Cayman,Bahamas,Cayman,7 wickets,George Town,16-Apr-22,1510
Cayman,Bahamas,Cayman,15 runs,George Town,14-Apr-22,1509
Cayman,Bahamas,Cayman,8 wickets,George Town,13-Apr-22,1508
Namibia,Uganda,Namibia,52 runs,Windhoek,10-Apr-22,1507
Namibia,Uganda,Uganda,7 wickets,Windhoek,9-Apr-22,1506
Namibia,Uganda,Namibia,8 wickets,Windhoek,8-Apr-22,1505
Pakistan,Australia,Australia,3 wickets,Lahore,5-Apr-22,1504
Nepal,P.N.G.,Nepal,50 runs,Kirtipur,4-Apr-22,1503
Nepal,Malaysia,Nepal,85 runs,Kirtipur,2-Apr-22,1502
Malaysia,P.N.G.,P.N.G.,8 wickets,Kirtipur,1-Apr-22,1501
Nepal,P.N.G.,Nepal,37 runs,Kirtipur,31-Mar-22,1500
Nepal,Malaysia,Nepal,6 wickets,Kirtipur,30-Mar-22,1499
Malaysia,P.N.G.,Malaysia,8 runs,Kirtipur,29-Mar-22,1498
Nepal,P.N.G.,Nepal,15 runs,Kirtipur,28-Mar-22,1497
Bangladesh,Afghanistan,Afghanistan,8 wickets,Mirpur,5-Mar-22,1496
Bangladesh,Afghanistan,Bangladesh,61 runs,Mirpur,3-Mar-22,1495
India,Sri Lanka,India,6 wickets,Dharamsala,27-Feb-22,1494
India,Sri Lanka,India,7 wickets,Dharamsala,26-Feb-22,1493
India,Sri Lanka,India,62 runs,Lucknow,24-Feb-22,1492
Ireland,U.A.E.,U.A.E.,7 wickets,Al Amerat,24-Feb-22,1491
Oman,Nepal,Nepal,9 wickets,Al Amerat,24-Feb-22,1490
Bahrain,Canada,Canada,7 wickets,Al Amerat,24-Feb-22,1489
Germany,Philippines,Germany,9 wickets,Al Amerat,24-Feb-22,1488
Nepal,U.A.E.,U.A.E.,68 runs,Al Amerat,22-Feb-22,1487
Oman,Ireland,Ireland,56 runs,Al Amerat,22-Feb-22,1486
Bahrain,Philippines,Bahrain,91 runs,Al Amerat,22-Feb-22,1485
Canada,Germany,Canada,6 wickets,Al Amerat,22-Feb-22,1484
Canada,Nepal,Nepal,8 wickets,Al Amerat,21-Feb-22,1483
Oman,Philippines,Oman,9 wickets,Al Amerat,21-Feb-22,1482
Bahrain,U.A.E.,Bahrain,2 runs,Al Amerat,21-Feb-22,1481
Germany,Ireland,Ireland,7 wickets,Al Amerat,21-Feb-22,1480
India,West Indies,India,17 runs,Eden Gardens,20-Feb-22,1479
Australia,Sri Lanka,Sri Lanka,5 wickets,Melbourne,20-Feb-22,1478
Bahrain,Ireland,Ireland,21 runs,Al Amerat,19-Feb-22,1477
Germany,U.A.E.,U.A.E.,24 runs,Al Amerat,19-Feb-22,1476
Nepal,Philippines,Nepal,136 runs,Al Amerat,19-Feb-22,1475
Oman,Canada,Oman,9 wickets,Al Amerat,19-Feb-22,1474
India,West Indies,India,8 runs,Eden Gardens,18-Feb-22,1473
Bahrain,Germany,Bahrain,6 wickets,Al Amerat,18-Feb-22,1472
Ireland,U.A.E.,U.A.E.,18 runs,Al Amerat,18-Feb-22,1471
Australia,Sri Lanka,Australia,6 wickets,Melbourne,18-Feb-22,1470
Canada,Philippines,Canada,118 runs,Al Amerat,18-Feb-22,1469
Oman,Nepal,Nepal,39 runs,Al Amerat,18-Feb-22,1468
India,West Indies,India,6 wickets,Eden Gardens,16-Feb-22,1467
Australia,Sri Lanka,Australia,6 wickets,Canberra,15-Feb-22,1466
Ireland,Nepal,Ireland,16 runs,Al Amerat,14-Feb-22,1465
Oman,U.A.E.,Oman,7 wickets,Al Amerat,14-Feb-22,1464
Australia,Sri Lanka,tied,-,Sydney,13-Feb-22,1463
Ireland,U.A.E.,U.A.E.,13 runs,Al Amerat,13-Feb-22,1462
Oman,Ireland,Ireland,9 wickets,Al Amerat,12-Feb-22,1461
Nepal,U.A.E.,U.A.E.,25 runs,Al Amerat,12-Feb-22,1460
Oman,Nepal,Nepal,6 wickets,Al Amerat,11-Feb-22,1459
Australia,Sri Lanka,Australia,20 runs,Sydney,11-Feb-22,1458
West Indies,England,West Indies,17 runs,Bridgetown,30-Jan-22,1457
West Indies,England,England,34 runs,Bridgetown,29-Jan-22,1456
West Indies,England,West Indies,20 runs,Bridgetown,26-Jan-22,1455
West Indies,England,England,1 run,Bridgetown,23-Jan-22,1454
West Indies,England,West Indies,9 wickets,Bridgetown,22-Jan-22,1453
U.S.A.,Ireland,Ireland,9 runs,Lauderhill,23-Dec-21,1452
U.S.A.,Ireland,U.S.A.,26 runs,Lauderhill,22-Dec-21,1451
Pakistan,West Indies,Pakistan,7 wickets,Karachi,16-Dec-21,1450
Pakistan,West Indies,Pakistan,9 runs,Karachi,14-Dec-21,1449
Pakistan,West Indies,Pakistan,63 runs,Karachi,13-Dec-21,1448
Bangladesh,Pakistan,Pakistan,5 wickets,Mirpur,22-Nov-21,1447
India,New Zealand,India,73 runs,Eden Gardens,21-Nov-21,1446
Kenya,Uganda,Uganda,6 wickets,Rwanda,20-Nov-21,1445
Nigeria,Tanzania,Tanzania,69 runs,Kigali,20-Nov-21,1444
Bangladesh,Pakistan,Pakistan,8 wickets,Mirpur,20-Nov-21,1443
Tanzania,Uganda,Uganda,6 wickets,Rwanda,20-Nov-21,1442
Kenya,Nigeria,Kenya,60 runs,Kigali,20-Nov-21,1441
India,New Zealand,India,7 wickets,Ranchi,19-Nov-21,1440
Bangladesh,Pakistan,Pakistan,4 wickets,Mirpur,19-Nov-21,1439
Kenya,Tanzania,Kenya,7 wickets,Rwanda,18-Nov-21,1438
Nigeria,Uganda,Uganda,8 wickets,Kigali,18-Nov-21,1437
Tanzania,Uganda,Uganda,8 wickets,Rwanda,18-Nov-21,1436
Kenya,Nigeria,Kenya,8 wickets,Kigali,18-Nov-21,1435
India,New Zealand,India,5 wickets,Jaipur,17-Nov-21,1434
Nigeria,Uganda,Uganda,12 runs,Rwanda,17-Nov-21,1433
Kenya,Tanzania,Tanzania,49 runs,Kigali,17-Nov-21,1432
Nigeria,Tanzania,Tanzania,6 wickets,Rwanda,17-Nov-21,1431
Kenya,Uganda,Kenya,1 run,Kigali,17-Nov-21,1430
Argentina,Bermuda,Bermuda,3 wickets,Coolidge,14-Nov-21,1429
Australia,New Zealand,Australia,8 wickets,Dubai (DICS),14-Nov-21,1428
Canada,Panama,Canada,208 runs,Coolidge,14-Nov-21,1427
Bahamas,Panama,Panama,26 runs,Coolidge,13-Nov-21,1426
Argentina,Canada,Canada,9 wickets,North Sound,13-Nov-21,1425
Bahamas,U.S.A.,U.S.A.,10 wickets,Coolidge,13-Nov-21,1424
Belize,Bermuda,Bermuda,7 wickets,North Sound,13-Nov-21,1423
Bermuda,Panama,Bermuda,86 runs,Coolidge,11-Nov-21,1422
Argentina,U.S.A.,U.S.A.,8 wickets,North Sound,11-Nov-21,1421
Australia,Pakistan,Australia,5 wickets,Dubai (DICS),11-Nov-21,1420
Bermuda,Canada,Canada,46 runs,Coolidge,11-Nov-21,1419
Bahamas,Belize,Bahamas,11 runs,North Sound,11-Nov-21,1418
Canada,U.S.A.,tied,-,Coolidge,10-Nov-21,1417
Argentina,Panama,Argentina,45 runs,North Sound,10-Nov-21,1416
England,New Zealand,New Zealand,5 wickets,Abu Dhabi,10-Nov-21,1415
Bahamas,Bermuda,Bermuda,140 runs,Coolidge,10-Nov-21,1414
Argentina,Belize,Argentina,59 runs,North Sound,10-Nov-21,1413
Belize,Panama,Belize,12 runs,Coolidge,8-Nov-21,1412
Bermuda,U.S.A.,U.S.A.,23 runs,North Sound,8-Nov-21,1411
India,Namibia,India,9 wickets,Dubai (DICS),8-Nov-21,1410
Belize,Canada,Canada,145 runs,Coolidge,8-Nov-21,1409
Argentina,Bahamas,Bahamas,12 runs,North Sound,8-Nov-21,1408
Panama,U.S.A.,U.S.A.,9 wickets,Coolidge,7-Nov-21,1407
Pakistan,Scotland,Pakistan,72 runs,Sharjah,7-Nov-21,1406
Belize,U.S.A.,U.S.A.,10 wickets,Coolidge,7-Nov-21,1405
Bahamas,Canada,Canada,122 runs,North Sound,7-Nov-21,1404
Botswana,Tanzania,Tanzania,3 runs,Rwanda,7-Nov-21,1403
Afghanistan,New Zealand,New Zealand,8 wickets,Abu Dhabi,7-Nov-21,1402
Cameroon,Sierra Leone,Sierra Leone,6 wickets,Rwanda,7-Nov-21,1401
England,South Africa,South Africa,10 runs,Sharjah,6-Nov-21,1400
Cameroon,Tanzania,Tanzania,178 runs,Rwanda,6-Nov-21,1399
Australia,West Indies,Australia,8 wickets,Abu Dhabi,6-Nov-21,1398
Botswana,Mozambique,Botswana,52 runs,Rwanda,6-Nov-21,1397
India,Scotland,India,8 wickets,Dubai (DICS),5-Nov-21,1396
Mozambique,Sierra Leone,Sierra Leone,5 wickets,Rwanda,5-Nov-21,1395
Namibia,New Zealand,New Zealand,52 runs,Sharjah,5-Nov-21,1394
Botswana,Cameroon,Botswana,9 wickets,Rwanda,5-Nov-21,1393
Sri Lanka,West Indies,Sri Lanka,20 runs,Abu Dhabi,4-Nov-21,1392
Australia,Bangladesh,Australia,8 wickets,Dubai (DICS),4-Nov-21,1391
Afghanistan,India,India,66 runs,Abu Dhabi,3-Nov-21,1390
Sierra Leone,Tanzania,Tanzania,8 wickets,Rwanda,3-Nov-21,1389
New Zealand,Scotland,New Zealand,16 runs,Dubai (DICS),3-Nov-21,1388
Cameroon,Mozambique,Mozambique,171 runs,Rwanda,3-Nov-21,1387
Namibia,Pakistan,Pakistan,45 runs,Abu Dhabi,2-Nov-21,1386
Mozambique,Tanzania,Tanzania,87 runs,Rwanda,2-Nov-21,1385
Bangladesh,South Africa,South Africa,6 wickets,Abu Dhabi,2-Nov-21,1384
Botswana,Sierra Leone,Botswana,72 runs,Rwanda,2-Nov-21,1383
England,Sri Lanka,England,26 runs,Sharjah,1-Nov-21,1382
India,New Zealand,New Zealand,8 wickets,Dubai (DICS),31-Oct-21,1381
Afghanistan,Namibia,Afghanistan,62 runs,Abu Dhabi,31-Oct-21,1380
Australia,England,England,8 wickets,Dubai (DICS),30-Oct-21,1379
South Africa,Sri Lanka,South Africa,4 wickets,Sharjah,30-Oct-21,1378
Afghanistan,Pakistan,Pakistan,5 wickets,Dubai (DICS),29-Oct-21,1377
Qatar,Kuwait,Qatar,2 wickets,Doha,29-Oct-21,1376
Bangladesh,West Indies,West Indies,3 runs,Sharjah,29-Oct-21,1375
Bahrain,Saudi Arabia,Bahrain,18 runs,Doha,28-Oct-21,1374
Australia,Sri Lanka,Australia,7 wickets,Dubai (DICS),28-Oct-21,1373
Kuwait,Maldives,Kuwait,5 wickets,Doha,28-Oct-21,1372
Namibia,Scotland,Namibia,4 wickets,Abu Dhabi,27-Oct-21,1371
Qatar,Saudi Arabia,Qatar,5 wickets,Doha,27-Oct-21,1370
Bangladesh,England,England,8 wickets,Abu Dhabi,27-Oct-21,1369
Bahrain,Maldives,Bahrain,7 wickets,Doha,27-Oct-21,1368
New Zealand,Pakistan,Pakistan,5 wickets,Sharjah,26-Oct-21,1367
South Africa,West Indies,South Africa,8 wickets,Dubai (DICS),26-Oct-21,1366
Nigeria,Sierra Leone,Nigeria,36 runs,Lagos,26-Oct-21,1365
Afghanistan,Scotland,Afghanistan,130 runs,Sharjah,25-Oct-21,1364
Malta,Gibraltar,tied,-,Marsa,25-Oct-21,1363
Kuwait,Saudi Arabia,Saudi Arabia,4 wickets,Doha,25-Oct-21,1362
India,Pakistan,Pakistan,10 wickets,Dubai (DICS),24-Oct-21,1361
Nigeria,Sierra Leone,Nigeria,19 runs,Lagos,24-Oct-21,1360
Malta,Switzerland,Malta,6 runs,Marsa,24-Oct-21,1359
Qatar,Maldives,Qatar,98 runs,Doha,24-Oct-21,1358
Bangladesh,Sri Lanka,Sri Lanka,5 wickets,Sharjah,24-Oct-21,1357
Bulgaria,Gibraltar,Bulgaria,6 wickets,Marsa,24-Oct-21,1356
Bahrain,Kuwait,Kuwait,6 wickets,Doha,24-Oct-21,1355
England,West Indies,England,6 wickets,Dubai (DICS),23-Oct-21,1354
Malta,Bulgaria,Malta,6 wickets,Marsa,23-Oct-21,1353
Maldives,Saudi Arabia,Saudi Arabia,7 wickets,Doha,23-Oct-21,1352
Australia,South Africa,Australia,5 wickets,Abu Dhabi,23-Oct-21,1351
Malta,Switzerland,Switzerland,8 runs,Marsa,23-Oct-21,1350
Nigeria,Sierra Leone,Nigeria,9 wickets,Lagos,23-Oct-21,1349
Bulgaria,Gibraltar,Gibraltar,37 runs,Marsa,23-Oct-21,1348
Qatar,Bahrain,Bahrain,8 wickets,Doha,23-Oct-21,1347
Netherlands,Sri Lanka,Sri Lanka,8 wickets,Sharjah,22-Oct-21,1346
Bulgaria,Switzerland,Switzerland,8 wickets,Marsa,22-Oct-21,1345
Rwanda,Malawi,Malawi,24 runs,Rwanda,22-Oct-21,1344
Seychelles,Uganda,Uganda,95 runs,Kigali,22-Oct-21,1343
Ireland,Namibia,Namibia,8 wickets,Sharjah,22-Oct-21,1342
Gibraltar,Switzerland,Switzerland,9 wickets,Marsa,22-Oct-21,1341
Rwanda,Swaziland,Rwanda,7 wickets,Rwanda,22-Oct-21,1340
Lesotho,Malawi,Malawi,22 runs,Kigali,22-Oct-21,1339
Oman,Scotland,Scotland,8 wickets,Al Amerat,21-Oct-21,1338
Denmark,Jersey,Jersey,4 wickets,Almeria,21-Oct-21,1337
Nigeria,Sierra Leone,Nigeria,69 runs,Lagos,21-Oct-21,1336
Malta,Gibraltar,Malta,61 runs,Marsa,21-Oct-21,1335
Bangladesh,P.N.G.,Bangladesh,84 runs,Al Amerat,21-Oct-21,1334
Germany,Italy,Italy,1 run,Almeria,21-Oct-21,1333
Ghana,Uganda,Uganda,79 runs,Rwanda,21-Oct-21,1332
Ireland,Sri Lanka,Sri Lanka,70 runs,Abu Dhabi,20-Oct-21,1331
Denmark,Germany,Germany,12 runs,Almeria,20-Oct-21,1330
Seychelles,Swaziland,Seychelles,7 wickets,Rwanda,20-Oct-21,1329
Rwanda,Lesotho,Rwanda,22 runs,Kigali,"Oct 20-21, 2021",1328
Namibia,Netherlands,Namibia,6 wickets,Abu Dhabi,20-Oct-21,1327
Nigeria,Sierra Leone,Nigeria,6 runs,Lagos,20-Oct-21,1326
Italy,Jersey,Jersey,8 wickets,Almeria,20-Oct-21,1325
Malawi,Seychelles,Malawi,21 runs,Rwanda,20-Oct-21,1324
Ghana,Swaziland,Ghana,7 wickets,Kigali,20-Oct-21,1323
Oman,Bangladesh,Bangladesh,26 runs,Al Amerat,19-Oct-21,1322
Germany,Jersey,Jersey,4 wickets,Almeria,19-Oct-21,1321
Rwanda,Seychelles,Rwanda,78 runs,Rwanda,19-Oct-21,1320
Swaziland,Uganda,Uganda,6 wickets,Kigali,19-Oct-21,1319
P.N.G.,Scotland,Scotland,17 runs,Al Amerat,19-Oct-21,1318
Nigeria,Sierra Leone,Sierra Leone,6 wickets,Lagos,19-Oct-21,1317
Denmark,Italy,Italy,9 runs,Almeria,19-Oct-21,1316
Ghana,Malawi,Ghana,7 wickets,Rwanda,19-Oct-21,1315
Lesotho,Uganda,Uganda,10 wickets,Kigali,19-Oct-21,1314
Namibia,Sri Lanka,Sri Lanka,7 wickets,Abu Dhabi,18-Oct-21,1313
Ireland,Netherlands,Ireland,7 wickets,Abu Dhabi,18-Oct-21,1312
Bangladesh,Scotland,Scotland,6 runs,Al Amerat,17-Oct-21,1311
Germany,Italy,Germany,4 wickets,Almeria,17-Oct-21,1310
Ghana,Lesotho,Ghana,116 runs,Rwanda,17-Oct-21,1309
Rwanda,Uganda,Uganda,106 runs,Kigali,17-Oct-21,1308
Oman,P.N.G.,Oman,10 wickets,Al Amerat,17-Oct-21,1307
Denmark,Jersey,Jersey,5 runs,Almeria,17-Oct-21,1306
Lesotho,Seychelles,Seychelles,6 wickets,Rwanda,17-Oct-21,1305
Malawi,Swaziland,Malawi,8 wickets,Kigali,17-Oct-21,1304
Italy,Jersey,Jersey,41 runs,Almeria,16-Oct-21,1303
Ghana,Seychelles,Ghana,9 wickets,Rwanda,16-Oct-21,1302
Malawi,Uganda,Uganda,10 wickets,Kigali,16-Oct-21,1301
Denmark,Germany,Germany,6 wickets,Almeria,16-Oct-21,1300
Rwanda,Ghana,Ghana,5 wickets,Rwanda,16-Oct-21,1299
Lesotho,Swaziland,Swaziland,54 runs,Kigali,16-Oct-21,1298
Denmark,Italy,Italy,6 wickets,Almeria,15-Oct-21,1297
Germany,Jersey,Jersey,4 runs,Almeria,15-Oct-21,1296
Namibia,P.N.G.,Namibia,14 runs,ICCA Dubai,10-Oct-21,1295
U.A.E.,Ireland,U.A.E.,7 wickets,ICCA Dubai,10-Oct-21,1294
Namibia,Scotland,Namibia,5 wickets,ICCA Dubai,9-Oct-21,1293
Estonia,Isle of Man,Isle of Man,8 wickets,Episkopi,8-Oct-21,1292
P.N.G.,Scotland,Scotland,8 wickets,ICCA Dubai,8-Oct-21,1291
Cyprus,Estonia,Cyprus,39 runs,Episkopi,8-Oct-21,1290
U.A.E.,Ireland,U.A.E.,54 runs,ICCA Dubai,8-Oct-21,1289
Cyprus,Estonia,Cyprus,79 runs,Episkopi,7-Oct-21,1288
Cyprus,Isle of Man,Isle of Man,3 wickets,Episkopi,7-Oct-21,1287
U.A.E.,Ireland,Ireland,7 wickets,ICCA Dubai,7-Oct-21,1286
Estonia,Isle of Man,Isle of Man,6 wickets,Episkopi,6-Oct-21,1285
Cyprus,Isle of Man,Isle of Man,8 wickets,Episkopi,6-Oct-21,1284
Cyprus,Estonia,Cyprus,8 wickets,Episkopi,5-Oct-21,1283
Cyprus,Estonia,Cyprus,4 wickets,Episkopi,5-Oct-21,1282
U.A.E.,Namibia,Namibia,17 runs,ICCA Dubai,5-Oct-21,1281
Scotland,Zimbabwe,Zimbabwe,6 wickets,Edinburgh,19-Sep-21,1280
Scotland,Zimbabwe,Zimbabwe,10 runs,Edinburgh,17-Sep-21,1279
Uganda,Kenya,Uganda,6 runs,Entebbe,17-Sep-21,1278
Kenya,Nigeria,Nigeria,4 runs,Entebbe,16-Sep-21,1277
Scotland,Zimbabwe,Scotland,7 runs,Edinburgh,15-Sep-21,1276
Uganda,Nigeria,Uganda,55 runs,Entebbe,15-Sep-21,1275
Uganda,Kenya,Uganda,4 wickets,Entebbe,15-Sep-21,1274
Sri Lanka,South Africa,South Africa,10 wickets,Colombo (RPS),14-Sep-21,1273
Kenya,Nigeria,Kenya,61 runs,Entebbe,13-Sep-21,1272
Uganda,Nigeria,Uganda,8 wickets,Entebbe,13-Sep-21,1271
Sri Lanka,South Africa,South Africa,9 wickets,Colombo (RPS),12-Sep-21,1270
Spain,Germany,Spain,1 wicket,Almeria,11-Sep-21,1269
Uganda,Nigeria,Uganda,56 runs,Entebbe,11-Sep-21,1268
Spain,Germany,Spain,5 wickets,Almeria,11-Sep-21,1267
Kenya,Nigeria,Kenya,8 wickets,Entebbe,11-Sep-21,1266
Sri Lanka,South Africa,South Africa,28 runs,Colombo (RPS),10-Sep-21,1265
Uganda,Kenya,Kenya,22 runs,Entebbe,10-Sep-21,1264
Bangladesh,New Zealand,New Zealand,27 runs,Mirpur,10-Sep-21,1263
Spain,Germany,Germany,7 wickets,Almeria,10-Sep-21,1262
Uganda,Kenya,no result,-,Entebbe,10-Sep-21,1261
Bangladesh,New Zealand,Bangladesh,6 wickets,Mirpur,8-Sep-21,1260
Bangladesh,New Zealand,New Zealand,52 runs,Mirpur,5-Sep-21,1259
Hungary,Malta,Hungary,8 wickets,Ilfov County,5-Sep-21,1258
Romania,Luxembourg,Romania,33 runs,Ilfov County,5-Sep-21,1257
Ireland,Zimbabwe,Zimbabwe,5 runs,Bready,4-Sep-21,1256
Romania,Malta,Romania,36 runs,Ilfov County,4-Sep-21,1255
Hungary,Luxembourg,Luxembourg,2 runs,Ilfov County,4-Sep-21,1254
Bulgaria,Czech Rep.,Czech Rep.,7 wickets,Ilfov County,4-Sep-21,1253
Romania,Hungary,Romania,8 runs,Ilfov County,3-Sep-21,1252
Bangladesh,New Zealand,Bangladesh,4 runs,Mirpur,3-Sep-21,1251
Bulgaria,Malta,Malta,7 wickets,Ilfov County,3-Sep-21,1250
Romania,Czech Rep.,Romania,35 runs,Ilfov County,3-Sep-21,1249
Ireland,Zimbabwe,Ireland,64 runs,Bready,2-Sep-21,1248
Luxembourg,Malta,Luxembourg,4 wickets,Ilfov County,2-Sep-21,1247
Czech Rep.,Hungary,Hungary,5 runs,Ilfov County,2-Sep-21,1246
Bulgaria,Luxembourg,Luxembourg,62 runs,Ilfov County,2-Sep-21,1245
Ireland,Zimbabwe,Ireland,40 runs,Bready,1-Sep-21,1244
Bangladesh,New Zealand,Bangladesh,7 wickets,Mirpur,1-Sep-21,1243
Ireland,Zimbabwe,Ireland,7 wickets,Dublin,29-Aug-21,1242
Ireland,Zimbabwe,Zimbabwe,3 runs,Dublin,27-Aug-21,1241
Portugal,Malta,Portugal,3 wickets,Albergaria,22-Aug-21,1240
Finland,Sweden,Sweden,6 wickets,Kerava,22-Aug-21,1239
Portugal,Gibraltar,Portugal,110 runs,Albergaria,22-Aug-21,1238
Finland,Sweden,Sweden,3 wickets,Kerava,22-Aug-21,1237
Gibraltar,Malta,Malta,4 runs,Albergaria,21-Aug-21,1236
Finland,Sweden,Finland,4 wickets,Kerava,21-Aug-21,1235
Rwanda,Ghana,Ghana,7 wickets,Rwanda,21-Aug-21,1234
Portugal,Gibraltar,Portugal,96 runs,Albergaria,21-Aug-21,1233
Finland,Sweden,Finland,4 wickets,Kerava,21-Aug-21,1232
Rwanda,Ghana,Ghana,-,Rwanda,20-Aug-21,1231
Gibraltar,Malta,Malta,8 wickets,Albergaria,20-Aug-21,1230
Rwanda,Ghana,Rwanda,57 runs,Rwanda,20-Aug-21,1229
Portugal,Malta,Portugal,6 wickets,Albergaria,19-Aug-21,1228
Rwanda,Ghana,Ghana,2 wickets,Rwanda,18-Aug-21,1227
Rwanda,Ghana,Rwanda,1 wicket,Rwanda,18-Aug-21,1226
Denmark,Sweden,Denmark,6 wickets,Brondby,15-Aug-21,1225
Denmark,Sweden,Sweden,3 wickets,Brondby,14-Aug-21,1224
Denmark,Sweden,Denmark,8 runs,Brondby,14-Aug-21,1223
Bangladesh,Australia,Bangladesh,60 runs,Mirpur,9-Aug-21,1222
Germany,Norway,Germany,6 wickets,Krefeld,8-Aug-21,1221
Germany,Norway,Norway,51 runs,Krefeld,8-Aug-21,1220
France,Norway,Norway,3 runs,Krefeld,7-Aug-21,1219
Bangladesh,Australia,Australia,3 wickets,Mirpur,7-Aug-21,1218
Germany,France,Germany,48 runs,Krefeld,7-Aug-21,1217
Bangladesh,Australia,Bangladesh,10 runs,Mirpur,6-Aug-21,1216
Germany,France,Germany,2 wickets,Krefeld,6-Aug-21,1215
France,Norway,France,4 wickets,Krefeld,5-Aug-21,1214
Germany,Norway,Germany,5 wickets,Krefeld,5-Aug-21,1213
Bangladesh,Australia,Bangladesh,5 wickets,Mirpur,4-Aug-21,1212
West Indies,Pakistan,no result,-,Providence,3-Aug-21,1211
Bangladesh,Australia,Bangladesh,23 runs,Mirpur,3-Aug-21,1210
West Indies,Pakistan,no result,-,Providence,1-Aug-21,1209
West Indies,Pakistan,Pakistan,7 runs,Providence,31-Jul-21,1208
Sri Lanka,India,Sri Lanka,7 wickets,Colombo (RPS),29-Jul-21,1207
Sri Lanka,India,Sri Lanka,4 wickets,Colombo (RPS),28-Jul-21,1206
West Indies,Pakistan,no result,-,Bridgetown,28-Jul-21,1205
Sri Lanka,India,India,38 runs,Colombo (RPS),25-Jul-21,1204
Zimbabwe,Bangladesh,Bangladesh,5 wickets,Harare,25-Jul-21,1203
Belgium,Austria,Austria,6 wickets,Waterloo,25-Jul-21,1202
Ireland,South Africa,South Africa,49 runs,Belfast,24-Jul-21,1201
Belgium,Austria,Belgium,12 runs,Waterloo,24-Jul-21,1200
Belgium,Austria,Belgium,7 wickets,Waterloo,24-Jul-21,1199
Zimbabwe,Bangladesh,Zimbabwe,23 runs,Harare,23-Jul-21,1198
Ireland,South Africa,South Africa,42 runs,Belfast,22-Jul-21,1197
Zimbabwe,Bangladesh,Bangladesh,8 wickets,Harare,22-Jul-21,1196
England,Pakistan,England,3 wickets,Manchester,20-Jul-21,1195
Ireland,South Africa,South Africa,33 runs,Dublin (Malahide),19-Jul-21,1194
England,Pakistan,England,45 runs,Leeds,18-Jul-21,1193
West Indies,Australia,West Indies,16 runs,Gros Islet,16-Jul-21,1192
England,Pakistan,Pakistan,31 runs,Nottingham,16-Jul-21,1191
West Indies,Australia,Australia,4 runs,Gros Islet,14-Jul-21,1190
West Indies,Australia,West Indies,6 wickets,Gros Islet,12-Jul-21,1189
West Indies,Australia,West Indies,56 runs,Gros Islet,10-Jul-21,1188
Malta,Belgium,Belgium,39 runs,Marsa,10-Jul-21,1187
Malta,Belgium,Malta,-,Marsa,10-Jul-21,1186
West Indies,Australia,West Indies,18 runs,Gros Islet,9-Jul-21,1185
Malta,Belgium,Belgium,4 wickets,Marsa,9-Jul-21,1184
Malta,Belgium,Belgium,10 wickets,Marsa,8-Jul-21,1183
Malta,Belgium,Malta,6 wickets,Marsa,8-Jul-21,1182
West Indies,South Africa,South Africa,25 runs,St George's,3-Jul-21,1181
West Indies,South Africa,West Indies,21 runs,St George's,1-Jul-21,1180
West Indies,South Africa,South Africa,1 run,St George's,29-Jun-21,1179
West Indies,South Africa,South Africa,16 runs,St George's,27-Jun-21,1178
Bulgaria,Romania,Romania,7 wickets,Sofia,27-Jun-21,1177
West Indies,South Africa,West Indies,8 wickets,St George's,26-Jun-21,1176
Bulgaria,Greece,no result,-,Sofia,26-Jun-21,1175
England,Sri Lanka,England,89 runs,Southampton,26-Jun-21,1174
Romania,Serbia,Romania,10 wickets,Sofia,26-Jun-21,1173
Bulgaria,Greece,Bulgaria,64 runs,Sofia,26-Jun-21,1172
Romania,Serbia,Romania,91 runs,Sofia,25-Jun-21,1171
Bulgaria,Romania,Romania,7 wickets,Sofia,25-Jun-21,1170
Greece,Serbia,Greece,5 wickets,Sofia,25-Jun-21,1169
England,Sri Lanka,England,5 wickets,Cardiff,24-Jun-21,1168
Greece,Romania,Romania,3 wickets,Sofia,24-Jun-21,1167
Bulgaria,Serbia,Bulgaria,61 runs,Sofia,24-Jun-21,1166
England,Sri Lanka,England,8 wickets,Cardiff,23-Jun-21,1165
Czech Rep.,Austria,Austria,4 wickets,Vinor,23-May-21,1164
Austria,Luxembourg,Luxembourg,5 wickets,Vinor,23-May-21,1163
Czech Rep.,Luxembourg,Luxembourg,6 wickets,Vinor,22-May-21,1162
Czech Rep.,Austria,Austria,78 runs,Vinor,22-May-21,1161
Austria,Luxembourg,Austria,5 runs,Vinor,21-May-21,1160
Czech Rep.,Luxembourg,Czech Rep.,9 wickets,Vinor,21-May-21,1159
Zimbabwe,Pakistan,Pakistan,24 runs,Harare,25-Apr-21,1158
Nepal,Netherlands,Nepal,142 runs,Kirtipur,24-Apr-21,1157
Zimbabwe,Pakistan,Zimbabwe,19 runs,Harare,23-Apr-21,1156
Nepal,Malaysia,Nepal,69 runs,Kirtipur,22-Apr-21,1155
Zimbabwe,Pakistan,Pakistan,11 runs,Harare,21-Apr-21,1154
Malaysia,Netherlands,tied,-,Kirtipur,21-Apr-21,1153
Nepal,Netherlands,Netherlands,3 wickets,Kirtipur,20-Apr-21,1152
Nepal,Malaysia,Nepal,9 wickets,Kirtipur,19-Apr-21,1151
Malaysia,Netherlands,Netherlands,15 runs,Kirtipur,18-Apr-21,1150
Nepal,Netherlands,Nepal,9 wickets,Kirtipur,17-Apr-21,1149
South Africa,Pakistan,Pakistan,3 wickets,Centurion,16-Apr-21,1148
South Africa,Pakistan,Pakistan,9 wickets,Centurion,14-Apr-21,1147
South Africa,Pakistan,South Africa,6 wickets,Johannesburg,12-Apr-21,1146
South Africa,Pakistan,Pakistan,4 wickets,Johannesburg,10-Apr-21,1145
Namibia,Uganda,Namibia,65 runs,Windhoek,5-Apr-21,1144
Namibia,Uganda,Namibia,20 runs,Windhoek,5-Apr-21,1143
Namibia,Uganda,Namibia,7 wickets,Windhoek,3-Apr-21,1142
New Zealand,Bangladesh,New Zealand,65 runs,Auckland,1-Apr-21,1141
New Zealand,Bangladesh,New Zealand,28 runs,Napier,30-Mar-21,1140
New Zealand,Bangladesh,New Zealand,66 runs,Hamilton,28-Mar-21,1139
India,England,India,36 runs,Ahmedabad,20-Mar-21,1138
Afghanistan,Zimbabwe,Afghanistan,47 runs,Abu Dhabi,20-Mar-21,1137
Afghanistan,Zimbabwe,Afghanistan,45 runs,Abu Dhabi,19-Mar-21,1136
India,England,India,8 runs,Ahmedabad,18-Mar-21,1135
Afghanistan,Zimbabwe,Afghanistan,48 runs,Abu Dhabi,17-Mar-21,1134
India,England,England,8 wickets,Ahmedabad,16-Mar-21,1133
India,England,India,7 wickets,Ahmedabad,14-Mar-21,1132
India,England,England,8 wickets,Ahmedabad,12-Mar-21,1131
West Indies,Sri Lanka,West Indies,3 wickets,Coolidge,7-Mar-21,1130
New Zealand,Australia,New Zealand,7 wickets,Wellington,7-Mar-21,1129
West Indies,Sri Lanka,Sri Lanka,43 runs,Coolidge,5-Mar-21,1128
New Zealand,Australia,Australia,50 runs,Wellington,5-Mar-21,1127
West Indies,Sri Lanka,West Indies,4 wickets,Coolidge,3-Mar-21,1126
New Zealand,Australia,Australia,64 runs,Wellington,3-Mar-21,1125
New Zealand,Australia,New Zealand,4 runs,Dunedin,25-Feb-21,1124
New Zealand,Australia,New Zealand,53 runs,Christchurch,22-Feb-21,1123
Pakistan,South Africa,Pakistan,4 wickets,Lahore,14-Feb-21,1122
Pakistan,South Africa,South Africa,6 wickets,Lahore,13-Feb-21,1121
Pakistan,South Africa,Pakistan,3 runs,Lahore,11-Feb-21,1120
New Zealand,Pakistan,Pakistan,4 wickets,Napier,22-Dec-20,1119
New Zealand,Pakistan,New Zealand,9 wickets,Hamilton,20-Dec-20,1118
New Zealand,Pakistan,New Zealand,5 wickets,Auckland,18-Dec-20,1117
Australia,India,Australia,12 runs,Sydney,8-Dec-20,1116
Australia,India,India,6 wickets,Sydney,6-Dec-20,1115
Australia,India,India,11 runs,Canberra,4-Dec-20,1114
South Africa,England,England,9 wickets,Cape Town,1-Dec-20,1113
New Zealand,West Indies,no result,-,Mount Maunganui,30-Nov-20,1112
South Africa,England,England,4 wickets,Paarl,29-Nov-20,1111
New Zealand,West Indies,New Zealand,72 runs,Mount Maunganui,29-Nov-20,1110
South Africa,England,England,5 wickets,Cape Town,27-Nov-20,1109
New Zealand,West Indies,New Zealand,5 wickets,Auckland,27-Nov-20,1108
Pakistan,Zimbabwe,Pakistan,8 wickets,Rawalpindi,10-Nov-20,1107
Pakistan,Zimbabwe,Pakistan,8 wickets,Rawalpindi,8-Nov-20,1106
Pakistan,Zimbabwe,Pakistan,6 wickets,Rawalpindi,7-Nov-20,1105
Romania,Bulgaria,Romania,6 wickets,Ilfov County,18-Oct-20,1104
Romania,Bulgaria,Romania,34 runs,Ilfov County,17-Oct-20,1103
Romania,Bulgaria,Romania,52 runs,Ilfov County,17-Oct-20,1102
Romania,Bulgaria,Bulgaria,33 runs,Ilfov County,16-Oct-20,1101
Bulgaria,Malta,no result,-,Sofia,24-Sep-20,1100
Bulgaria,Malta,Malta,8 wickets,Sofia,23-Sep-20,1099
Bulgaria,Malta,Malta,57 runs,Sofia,23-Sep-20,1098
England,Australia,Australia,5 wickets,Southampton,8-Sep-20,1097
England,Australia,England,6 wickets,Southampton,6-Sep-20,1096
England,Australia,England,2 runs,Southampton,4-Sep-20,1095
England,Pakistan,Pakistan,5 runs,Manchester,1-Sep-20,1094
England,Pakistan,England,5 wickets,Manchester,30-Aug-20,1093
Luxembourg,Belgium,Belgium,49 runs,Walferdange,30-Aug-20,1092
Belgium,Czech Rep.,Belgium,87 runs,Walferdange,30-Aug-20,1091
Belgium,Czech Rep.,Belgium,46 runs,Walferdange,29-Aug-20,1090
Luxembourg,Belgium,Belgium,37 runs,Walferdange,29-Aug-20,1089
Luxembourg,Czech Rep.,Czech Rep.,5 wickets,Walferdange,29-Aug-20,1088
England,Pakistan,no result,-,Manchester,28-Aug-20,1087
Luxembourg,Czech Rep.,Luxembourg,63 runs,Walferdange,28-Aug-20,1086
Guernsey,Isle of Man,Guernsey,8 wickets,St Peter Port,21-Aug-20,1085
Bangladesh,Zimbabwe,Bangladesh,9 wickets,Mirpur,11-Mar-20,1084
Afghanistan,Ireland,tied,-,Greater Noida,10-Mar-20,1083
Bangladesh,Zimbabwe,Bangladesh,48 runs,Mirpur,9-Mar-20,1082
Spain,Germany,Germany,58 runs,Almeria,8-Mar-20,1081
Spain,Germany,Spain,9 wickets,Almeria,8-Mar-20,1080
Afghanistan,Ireland,Afghanistan,21 runs,Greater Noida,8-Mar-20,1079
Sri Lanka,West Indies,West Indies,7 wickets,Pallekele,6-Mar-20,1078
Afghanistan,Ireland,Afghanistan,11 runs,Greater Noida,6-Mar-20,1077
Hong Kong,Malaysia,Hong Kong,6 wickets,Bangkok,6-Mar-20,1076
Sri Lanka,West Indies,West Indies,25 runs,Pallekele,4-Mar-20,1075
Hong Kong,Singapore,Singapore,16 runs,Bangkok,4-Mar-20,1074
Thailand,Nepal,Nepal,9 wickets,Bangkok,4-Mar-20,1073
Thailand,Hong Kong,Hong Kong,8 wickets,Bangkok,3-Mar-20,1072
Malaysia,Singapore,Singapore,128 runs,Bangkok,3-Mar-20,1071
Thailand,Malaysia,Malaysia,8 wickets,Bangkok,1-Mar-20,1070
Hong Kong,Nepal,Hong Kong,43 runs,Bangkok,1-Mar-20,1069
Malaysia,Nepal,Malaysia,22 runs,Bangkok,29-Feb-20,1068
Thailand,Singapore,Singapore,43 runs,Bangkok,29-Feb-20,1067
Kuwait,U.A.E.,U.A.E.,102 runs,Al Amerat,27-Feb-20,1066
South Africa,Australia,Australia,97 runs,Cape Town,26-Feb-20,1065
Bahrain,Kuwait,Kuwait,87 runs,Al Amerat,26-Feb-20,1064
Qatar,U.A.E.,U.A.E.,28 runs,Al Amerat,26-Feb-20,1063
Malaysia,Hong Kong,Malaysia,6 wickets,Kuala Lumpur,26-Feb-20,1062
Bahrain,Qatar,Bahrain,6 wickets,Al Amerat,25-Feb-20,1061
Iran,Kuwait,Kuwait,8 wickets,Al Amerat,25-Feb-20,1060
Oman,Maldives,Oman,10 wickets,Al Amerat,25-Feb-20,1059
Saudi Arabia,U.A.E.,U.A.E.,12 runs,Al Amerat,25-Feb-20,1058
Bahrain,Maldives,Bahrain,65 runs,Al Amerat,24-Feb-20,1057
Kuwait,U.A.E.,U.A.E.,47 runs,Al Amerat,24-Feb-20,1056
Malaysia,Hong Kong,Malaysia,13 runs,Kuala Lumpur,24-Feb-20,1055
Iran,Saudi Arabia,Saudi Arabia,9 wickets,Al Amerat,24-Feb-20,1054
Oman,Qatar,Qatar,34 runs,Al Amerat,24-Feb-20,1053
South Africa,Australia,South Africa,12 runs,Gqeberha,23-Feb-20,1052
Malaysia,Hong Kong,Malaysia,8 runs,Kuala Lumpur,23-Feb-20,1051
Kuwait,Saudi Arabia,Kuwait,9 wickets,Al Amerat,23-Feb-20,1050
Oman,Bahrain,Oman,8 wickets,Al Amerat,23-Feb-20,1049
Iran,U.A.E.,U.A.E.,10 wickets,Al Amerat,23-Feb-20,1048
Maldives,Qatar,Qatar,106 runs,Al Amerat,23-Feb-20,1047
South Africa,Australia,Australia,107 runs,Johannesburg,21-Feb-20,1046
Malaysia,Hong Kong,Malaysia,35 runs,Kuala Lumpur,21-Feb-20,1045
Malaysia,Hong Kong,Malaysia,21 runs,Kuala Lumpur,20-Feb-20,1044
South Africa,England,England,5 wickets,Centurion,16-Feb-20,1043
Qatar,Uganda,Uganda,18 runs,Doha,15-Feb-20,1042
South Africa,England,England,2 runs,Durban,14-Feb-20,1041
Qatar,Uganda,Qatar,28 runs,Doha,13-Feb-20,1040
South Africa,England,South Africa,1 run,East London,12-Feb-20,1039
Qatar,Uganda,Qatar,40 runs,Doha,12-Feb-20,1038
New Zealand,India,India,7 runs,Mount Maunganui,2-Feb-20,1037
New Zealand,India,tied,-,Wellington,31-Jan-20,1036
New Zealand,India,tied,-,Hamilton,29-Jan-20,1035
New Zealand,India,India,7 wickets,Auckland,26-Jan-20,1034
Pakistan,Bangladesh,Pakistan,9 wickets,Lahore,25-Jan-20,1033
Pakistan,Bangladesh,Pakistan,5 wickets,Lahore,24-Jan-20,1032
New Zealand,India,India,6 wickets,Auckland,24-Jan-20,1031
West Indies,Ireland,West Indies,9 wickets,Basseterre,19-Jan-20,1030
West Indies,Ireland,no result,-,Basseterre,18-Jan-20,1029
West Indies,Ireland,Ireland,4 runs,St George's,15-Jan-20,1028
India,Sri Lanka,India,78 runs,Pune,10-Jan-20,1027
India,Sri Lanka,India,7 wickets,Indore,7-Jan-20,1026
India,Sri Lanka,no result,-,Guwahati,5-Jan-20,1025
India,West Indies,India,67 runs,Wankhede,11-Dec-19,1024
Nepal,Maldives,Nepal,5 wickets,Kirtipur,9-Dec-19,1023
India,West Indies,West Indies,8 wickets,Thiruvananthapuram,8-Dec-19,1022
Bhutan,Maldives,Maldives,8 wickets,Kirtipur,7-Dec-19,1021
India,West Indies,India,6 wickets,Hyderabad,6-Dec-19,1020
Nepal,Maldives,Nepal,84 runs,Kirtipur,6-Dec-19,1019
Nepal,Bhutan,Nepal,141 runs,Kirtipur,5-Dec-19,1018
Afghanistan,West Indies,Afghanistan,29 runs,Lucknow,17-Nov-19,1017
Afghanistan,West Indies,Afghanistan,41 runs,Lucknow,16-Nov-19,1016
Afghanistan,West Indies,West Indies,30 runs,Lucknow,14-Nov-19,1015
India,Bangladesh,India,30 runs,Nagpur,10-Nov-19,1014
Malawi,Mozambique,Mozambique,11 runs,Blantyre,10-Nov-19,1013
New Zealand,England,tied,-,Auckland,10-Nov-19,1012
Malawi,Mozambique,no result,-,Blantyre,9-Nov-19,1011
Malawi,Mozambique,Malawi,15 runs,Blantyre,9-Nov-19,1010
Australia,Pakistan,Australia,10 wickets,Perth,8-Nov-19,1009
New Zealand,England,England,76 runs,Napier,8-Nov-19,1008
India,Bangladesh,India,8 wickets,Rajkot,7-Nov-19,1007
Malawi,Mozambique,Malawi,4 wickets,Lilongwe,7-Nov-19,1006
Malawi,Mozambique,Malawi,25 runs,Lilongwe,7-Nov-19,1005
Malawi,Mozambique,Malawi,7 wickets,Lilongwe,6-Nov-19,1004
Malawi,Mozambique,Malawi,3 wickets,Lilongwe,6-Nov-19,1003
Australia,Pakistan,Australia,7 wickets,Canberra,5-Nov-19,1002
New Zealand,England,New Zealand,14 runs,Nelson,5-Nov-19,1001
India,Bangladesh,Bangladesh,7 wickets,Delhi,3-Nov-19,1000
Australia,Pakistan,no result,-,Sydney,3-Nov-19,999
New Zealand,England,New Zealand,21 runs,Wellington,3-Nov-19,998
Netherlands,P.N.G.,Netherlands,7 wickets,Dubai (DICS),2-Nov-19,997
Ireland,Namibia,Ireland,27 runs,Dubai (DICS),2-Nov-19,996
Namibia,P.N.G.,P.N.G.,18 runs,Dubai (DICS),1-Nov-19,995
Ireland,Netherlands,Netherlands,21 runs,Dubai (DICS),1-Nov-19,994
Australia,Sri Lanka,Australia,7 wickets,Melbourne,1-Nov-19,993
New Zealand,England,England,7 wickets,Christchurch,1-Nov-19,992
Oman,Scotland,Scotland,5 wickets,ICCA Dubai,31-Oct-19,991
Hong Kong,Oman,Oman,12 runs,Dubai (DICS),30-Oct-19,990
U.A.E.,Scotland,Scotland,90 runs,Dubai (DICS),30-Oct-19,989
Australia,Sri Lanka,Australia,9 wickets,Brisbane,30-Oct-19,988
Namibia,Oman,Namibia,54 runs,Dubai (DICS),29-Oct-19,987
U.A.E.,Netherlands,Netherlands,8 wickets,Dubai (DICS),29-Oct-19,986
U.A.E.,Canada,U.A.E.,14 runs,Abu Dhabi,27-Oct-19,985
Spain,Gibraltar,Spain,6 wickets,Cartagena,27-Oct-19,984
Jersey,Oman,Jersey,14 runs,Abu Dhabi,27-Oct-19,983
Netherlands,Scotland,Netherlands,4 wickets,Dubai (DICS),27-Oct-19,982
Gibraltar,Portugal,Portugal,4 wickets,Cartagena,27-Oct-19,981
Kenya,P.N.G.,P.N.G.,45 runs,Dubai (DICS),27-Oct-19,980
Hong Kong,Nigeria,Hong Kong,5 wickets,Tolerance Oval,27-Oct-19,979
Australia,Sri Lanka,Australia,134 runs,Adelaide,27-Oct-19,978
Namibia,Singapore,Namibia,87 runs,Dubai (DICS),26-Oct-19,977
Spain,Portugal,Spain,29 runs,Cartagena,26-Oct-19,976
Spain,Gibraltar,Spain,8 wickets,Cartagena,26-Oct-19,975
Bermuda,Netherlands,Netherlands,92 runs,Dubai (DICS),26-Oct-19,974
Gibraltar,Portugal,Portugal,6 wickets,Cartagena,26-Oct-19,973
Ireland,Nigeria,Ireland,8 wickets,Abu Dhabi,26-Oct-19,972
Canada,Oman,Oman,8 wickets,Abu Dhabi,25-Oct-19,971
Spain,Portugal,Spain,8 wickets,Cartagena,25-Oct-19,970
Kenya,Namibia,Namibia,87 runs,Dubai (DICS),25-Oct-19,969
P.N.G.,Singapore,P.N.G.,43 runs,Dubai (DICS),25-Oct-19,968
Ireland,Jersey,Ireland,8 wickets,Tolerance Oval,25-Oct-19,967
Bermuda,Scotland,Scotland,46 runs,Dubai (DICS),24-Oct-19,966
Canada,Hong Kong,Hong Kong,32 runs,Tolerance Oval,24-Oct-19,965
Netherlands,P.N.G.,P.N.G.,5 wickets,ICCA Dubai,24-Oct-19,964
U.A.E.,Nigeria,U.A.E.,5 wickets,Tolerance Oval,24-Oct-19,963
Hong Kong,Jersey,Hong Kong,8 runs,Abu Dhabi,23-Oct-19,962
Kenya,Singapore,Kenya,7 wickets,ICCA 2 Dubai,23-Oct-19,961
Canada,Ireland,Canada,10 runs,Abu Dhabi,23-Oct-19,960
Bermuda,Namibia,Namibia,6 wickets,ICCA 2 Dubai,23-Oct-19,959
Nigeria,Oman,Oman,7 wickets,Tolerance Oval,23-Oct-19,958
Netherlands,Singapore,Netherlands,5 wickets,ICCA Dubai,22-Oct-19,957
U.A.E.,Jersey,Jersey,35 runs,Tolerance Oval,22-Oct-19,956
Namibia,Scotland,Namibia,24 runs,ICCA Dubai,22-Oct-19,955
Canada,Nigeria,Canada,50 runs,Abu Dhabi,21-Oct-19,954
U.A.E.,Hong Kong,U.A.E.,8 wickets,Abu Dhabi,21-Oct-19,953
Ireland,Oman,Ireland,35 runs,Tolerance Oval,21-Oct-19,952
Bermuda,Kenya,Kenya,45 runs,ICCA Dubai,21-Oct-19,951
P.N.G.,Scotland,Scotland,4 runs,ICCA Dubai,21-Oct-19,950
Bermuda,Singapore,Singapore,5 wickets,ICCA 2 Dubai,20-Oct-19,949
Hong Kong,Oman,Oman,7 wickets,Abu Dhabi,20-Oct-19,948
Malta,Czech Rep.,Czech Rep.,82 runs,Marsa,20-Oct-19,947
Namibia,P.N.G.,P.N.G.,81 runs,ICCA 2 Dubai,20-Oct-19,946
Canada,Jersey,Canada,53 runs,Tolerance Oval,20-Oct-19,945
U.A.E.,Ireland,U.A.E.,5 wickets,Abu Dhabi,19-Oct-19,944
Jersey,Nigeria,Jersey,69 runs,Abu Dhabi,19-Oct-19,943
Namibia,Netherlands,Netherlands,44 runs,ICCA Dubai,19-Oct-19,942
Kenya,Scotland,Scotland,31 runs,ICCA 2 Dubai,19-Oct-19,941
Bermuda,P.N.G.,P.N.G.,10 wickets,ICCA Dubai,19-Oct-19,940
U.A.E.,Oman,Oman,7 wickets,Abu Dhabi,18-Oct-19,939
Greece,Bulgaria,Bulgaria,18 runs,Corfu,18-Oct-19,938
Hong Kong,Ireland,Ireland,8 wickets,Abu Dhabi,18-Oct-19,937
Kenya,Netherlands,Netherlands,30 runs,ICCA Dubai,18-Oct-19,936
Malta,Czech Rep.,Czech Rep.,12 runs,Marsa,18-Oct-19,935
Scotland,Singapore,Singapore,2 runs,ICCA Dubai,18-Oct-19,934
Greece,Bulgaria,Greece,9 wickets,Corfu,16-Oct-19,933
Greece,Serbia,Greece,10 wickets,Corfu,15-Oct-19,932
Bulgaria,Serbia,Bulgaria,6 wickets,Corfu,14-Oct-19,931
Qatar,Jersey,Qatar,8 wickets,Doha,11-Oct-19,930
Qatar,Jersey,Qatar,6 wickets,Doha,10-Oct-19,929
Oman,Nepal,Oman,6 wickets,Al Amerat,10-Oct-19,928
Hong Kong,Netherlands,Netherlands,37 runs,Al Amerat,10-Oct-19,927
Qatar,Jersey,Qatar,20 runs,Doha,9-Oct-19,926
Pakistan,Sri Lanka,Sri Lanka,13 runs,Lahore,9-Oct-19,925
Oman,Netherlands,Oman,7 wickets,Al Amerat,9-Oct-19,924
Ireland,Nepal,Ireland,13 runs,Al Amerat,9-Oct-19,923
Pakistan,Sri Lanka,Sri Lanka,35 runs,Lahore,7-Oct-19,922
Hong Kong,Ireland,Ireland,66 runs,Al Amerat,7-Oct-19,921
Nepal,Netherlands,Nepal,4 wickets,Al Amerat,7-Oct-19,920
Argentina,Mexico,Argentina,4 wickets,Lima Cricket and Football,6-Oct-19,919
Hong Kong,Nepal,Nepal,4 wickets,Al Amerat,6-Oct-19,918
Oman,Ireland,Oman,43 runs,Al Amerat,6-Oct-19,917
Brazil,Mexico,Mexico,20 runs,Cortijo Polo Club Pitch B,5-Oct-19,916
Peru,Chile,Peru,60 runs,Cortijo Polo Club Pitch A,5-Oct-19,915
Pakistan,Sri Lanka,Sri Lanka,64 runs,Lahore,5-Oct-19,914
Argentina,Chile,Argentina,28 runs,Cortijo Polo Club Pitch A,5-Oct-19,913
Peru,Mexico,Mexico,39 runs,Cortijo Polo Club Pitch B,5-Oct-19,912
Ireland,Netherlands,Ireland,6 wickets,Al Amerat,5-Oct-19,911
Oman,Hong Kong,Oman,7 wickets,Al Amerat,5-Oct-19,910
Argentina,Brazil,Argentina,29 runs,Cortijo Polo Club Pitch A,4-Oct-19,909
Peru,Argentina,Argentina,7 wickets,Cortijo Polo Club Pitch B,4-Oct-19,908
Chile,Mexico,Chile,4 wickets,Cortijo Polo Club Pitch A,4-Oct-19,907
Malaysia,Vanuatu,Malaysia,22 runs,Kuala Lumpur,4-Oct-19,906
Peru,Brazil,Peru,2 runs,Cortijo Polo Club Pitch A,3-Oct-19,905
Brazil,Chile,Brazil,35 runs,Cortijo Polo Club Pitch B,3-Oct-19,904
Argentina,Mexico,Argentina,9 wickets,Cortijo Polo Club Pitch A,3-Oct-19,903
Singapore,Zimbabwe,Zimbabwe,8 wickets,Singapore,3-Oct-19,902
Malaysia,Vanuatu,Vanuatu,6 wickets,Kuala Lumpur,3-Oct-19,901
Malaysia,Vanuatu,Malaysia,26 runs,Kuala Lumpur,2-Oct-19,900
Nepal,Zimbabwe,Zimbabwe,40 runs,Singapore,1-Oct-19,899
Malaysia,Vanuatu,Vanuatu,51 runs,Kuala Lumpur,"Oct 1-2, 2019",898
Singapore,Zimbabwe,Singapore,4 runs,Singapore,29-Sep-19,897
Malaysia,Vanuatu,Vanuatu,17 runs,Kuala Lumpur,29-Sep-19,896
Singapore,Nepal,Nepal,9 wickets,Singapore,28-Sep-19,895
Nepal,Zimbabwe,Zimbabwe,5 wickets,Singapore,27-Sep-19,894
India,South Africa,South Africa,9 wickets,Bengaluru,22-Sep-19,893
Bangladesh,Afghanistan,Bangladesh,4 wickets,Chattogram,21-Sep-19,892
Afghanistan,Zimbabwe,Zimbabwe,7 wickets,Chattogram,20-Sep-19,891
Ireland,Scotland,Ireland,1 run,Dublin (Malahide),20-Sep-19,890
Netherlands,Scotland,Scotland,6 wickets,Dublin (Malahide),19-Sep-19,889
India,South Africa,India,7 wickets,Mohali,18-Sep-19,888
Bangladesh,Zimbabwe,Bangladesh,39 runs,Chattogram,18-Sep-19,887
Ireland,Netherlands,Netherlands,6 wickets,Dublin (Malahide),18-Sep-19,886
Ireland,Scotland,Ireland,4 wickets,Dublin (Malahide),17-Sep-19,885
Netherlands,Scotland,Scotland,58 runs,Dublin (Malahide),16-Sep-19,884
Bangladesh,Afghanistan,Afghanistan,25 runs,Mirpur,15-Sep-19,883
Afghanistan,Zimbabwe,Afghanistan,28 runs,Mirpur,14-Sep-19,882
Bangladesh,Zimbabwe,Bangladesh,3 wickets,Mirpur,13-Sep-19,881
Sri Lanka,New Zealand,Sri Lanka,37 runs,Pallekele,6-Sep-19,880
Sri Lanka,New Zealand,New Zealand,4 wickets,Pallekele,3-Sep-19,879
Sri Lanka,New Zealand,New Zealand,5 wickets,Pallekele,1-Sep-19,878
Austria,Czech Rep.,Austria,30 runs,Ilfov County,1-Sep-19,877
Czech Rep.,Luxembourg,Czech Rep.,6 wickets,Ilfov County,1-Sep-19,876
Austria,Turkey,Austria,10 wickets,Ilfov County,31-Aug-19,875
Romania,Czech Rep.,Czech Rep.,6 wickets,Ilfov County,31-Aug-19,874
Austria,Luxembourg,Austria,135 runs,Ilfov County,31-Aug-19,873
Czech Rep.,Turkey,Czech Rep.,257 runs,Ilfov County,30-Aug-19,872
Romania,Luxembourg,Romania,7 wickets,Ilfov County,30-Aug-19,871
Austria,Czech Rep.,Austria,8 wickets,Ilfov County,30-Aug-19,870
Romania,Turkey,Romania,173 runs,Ilfov County,29-Aug-19,869
Luxembourg,Turkey,Luxembourg,8 wickets,Ilfov County,29-Aug-19,868
Romania,Austria,Romania,31 runs,Ilfov County,29-Aug-19,867
Bermuda,Cayman,Bermuda,6 wickets,Sandys Parish,25-Aug-19,866
Canada,U.S.A.,Canada,15 runs,Sandys Parish,25-Aug-19,865
Bermuda,Canada,Canada,8 wickets,Sandys Parish,24-Aug-19,864
Cayman,U.S.A.,U.S.A.,9 wickets,Sandys Parish,24-Aug-19,863
Namibia,Botswana,Namibia,8 wickets,Windhoek,23-Aug-19,862
Bermuda,U.S.A.,Bermuda,4 wickets,Sandys Parish,22-Aug-19,861
Canada,Cayman,Canada,8 wickets,Sandys Parish,22-Aug-19,860
Namibia,Botswana,Namibia,78 runs,Windhoek,22-Aug-19,859
Canada,U.S.A.,Canada,4 wickets,Sandys Parish,21-Aug-19,858
Bermuda,Cayman,Bermuda,6 wickets,Sandys Parish,21-Aug-19,857
Namibia,Botswana,Namibia,124 runs,Windhoek,20-Aug-19,856
Cayman,U.S.A.,U.S.A.,10 runs,Hamilton,19-Aug-19,855
Bermuda,Canada,no result,-,Hamilton,19-Aug-19,854
Namibia,Botswana,Namibia,93 runs,Windhoek,19-Aug-19,853
Canada,Cayman,Canada,84 runs,Sandys Parish,18-Aug-19,852
Bermuda,U.S.A.,Bermuda,6 runs,Sandys Parish,18-Aug-19,851
Finland,Spain,Spain,4 wickets,Kerava,18-Aug-19,850
Finland,Spain,Spain,6 wickets,Kerava,17-Aug-19,849
Finland,Spain,Finland,82 runs,Kerava,17-Aug-19,848
Netherlands,U.A.E.,U.A.E.,7 wickets,The Hague,8-Aug-19,847
West Indies,India,India,7 wickets,Providence,6-Aug-19,846
Netherlands,U.A.E.,U.A.E.,14 runs,The Hague,6-Aug-19,845
Netherlands,U.A.E.,U.A.E.,5 wickets,Amstelveen,5-Aug-19,844
India,West Indies,India,22 runs,Lauderhill,4-Aug-19,843
India,West Indies,India,4 wickets,Lauderhill,3-Aug-19,842
Netherlands,U.A.E.,U.A.E.,13 runs,Amstelveen,3-Aug-19,841
Singapore,Nepal,Singapore,82 runs,Singapore,28-Jul-19,840
Malaysia,Qatar,Qatar,4 wickets,Singapore,27-Jul-19,839
Kuwait,Nepal,Nepal,7 wickets,Singapore,27-Jul-19,838
Singapore,Malaysia,Singapore,8 wickets,Singapore,26-Jul-19,837
Kuwait,Qatar,Kuwait,10 runs,Singapore,26-Jul-19,836
Malaysia,Nepal,Nepal,7 wickets,Singapore,24-Jul-19,835
Nepal,Qatar,Qatar,4 wickets,Singapore,23-Jul-19,834
Kuwait,Malaysia,Malaysia,42 runs,Singapore,22-Jul-19,833
Singapore,Qatar,Singapore,33 runs,Singapore,22-Jul-19,832
Ireland,Zimbabwe,Zimbabwe,8 wickets,Bready,14-Jul-19,831
Malaysia,Nepal,Nepal,6 runs,Kuala Lumpur,14-Jul-19,830
Denmark,Finland,Denmark,38 runs,Brondby,13-Jul-19,829
Denmark,Finland,Denmark,1 run,Brondby,13-Jul-19,828
Malaysia,Nepal,Nepal,7 wickets,Kuala Lumpur,13-Jul-19,827
P.N.G.,Vanuatu,P.N.G.,32 runs,Apia (No 2),13-Jul-19,826
Ireland,Zimbabwe,Ireland,9 wickets,Bready,12-Jul-19,825
P.N.G.,Vanuatu,P.N.G.,59 runs,Apia (No 2),12-Jul-19,824
Samoa,Vanuatu,Vanuatu,32 runs,Apia (No 3),12-Jul-19,823
Samoa,P.N.G.,P.N.G.,7 wickets,Apia (No 2),10-Jul-19,822
P.N.G.,Vanuatu,P.N.G.,3 wickets,Apia (No 3),9-Jul-19,821
Samoa,Vanuatu,Samoa,2 wickets,Apia (No 1),9-Jul-19,820
Samoa,P.N.G.,P.N.G.,9 wickets,Apia (No 1),8-Jul-19,819
Qatar,Kuwait,Qatar,3 wickets,Doha,6-Jul-19,818
Qatar,Kuwait,tied,-,Doha,5-Jul-19,817
Qatar,Kuwait,Kuwait,7 wickets,Doha,4-Jul-19,816
Maldives,Thailand,Thailand,5 wickets,Kuala Lumpur,29-Jun-19,815
Malaysia,Maldives,no result,-,Kuala Lumpur,28-Jun-19,814
Malaysia,Thailand,Malaysia,8 wickets,Kuala Lumpur,27-Jun-19,813
Maldives,Thailand,Maldives,2 wickets,Kuala Lumpur,26-Jun-19,812
Netherlands,Zimbabwe,tied,-,Rotterdam,25-Jun-19,811
Malaysia,Maldives,Malaysia,73 runs,Kuala Lumpur,25-Jun-19,810
Malaysia,Thailand,Malaysia,5 wickets,Kuala Lumpur,24-Jun-19,809
Netherlands,Zimbabwe,Netherlands,49 runs,Rotterdam,23-Jun-19,808
Denmark,Italy,Denmark,30 runs,Castel,20-Jun-19,807
Germany,Jersey,Germany,3 wickets,St Peter Port,20-Jun-19,806
Guernsey,Denmark,Guernsey,6 runs,Castel,20-Jun-19,805
Germany,Norway,Germany,7 wickets,St Peter Port,20-Jun-19,804
Italy,Jersey,Jersey,73 runs,St Peter Port,19-Jun-19,803
Denmark,Germany,Germany,7 wickets,Castel,19-Jun-19,802
Guernsey,Norway,Guernsey,4 wickets,Castel,19-Jun-19,801
Denmark,Italy,no result,-,Castel,18-Jun-19,800
Guernsey,Denmark,no result,-,Castel,18-Jun-19,799
Denmark,Norway,Denmark,46 runs,Castel,17-Jun-19,798
Guernsey,Italy,Italy,11 runs,St Peter Port,16-Jun-19,797
Jersey,Norway,Jersey,80 runs,Castel,16-Jun-19,796
Germany,Italy,Italy,5 wickets,St Peter Port,16-Jun-19,795
Denmark,Jersey,Jersey,18 runs,Castel,16-Jun-19,794
Guernsey,Germany,Germany,5 wickets,Castel,15-Jun-19,793
Guernsey,Jersey,Jersey,8 wickets,Castel,15-Jun-19,792
Italy,Norway,Italy,20 runs,St Peter Port,15-Jun-19,791
Guernsey,Jersey,Jersey,41 runs,Castel,1-Jun-19,790
Guernsey,Jersey,Jersey,76 runs,Castel,1-Jun-19,789
Guernsey,Jersey,tied,-,St Peter Port,31-May-19,788
Germany,Italy,Italy,6 wickets,Utrecht,25-May-19,787
Germany,Italy,Italy,7 wickets,Utrecht,25-May-19,786
Uganda,Ghana,Uganda,7 wickets,Kampala,23-May-19,785
Botswana,Namibia,Namibia,10 wickets,Kampala,22-May-19,784
Uganda,Kenya,Kenya,1 run,Kampala,22-May-19,783
Ghana,Nigeria,Nigeria,28 runs,Kampala,22-May-19,782
Botswana,Nigeria,Nigeria,11 runs,Kampala,21-May-19,781
Ghana,Kenya,Kenya,53 runs,Kampala,21-May-19,780
Uganda,Namibia,Namibia,42 runs,Kampala,21-May-19,779
Ghana,Namibia,Namibia,9 wickets,Kampala,20-May-19,778
Uganda,Botswana,Uganda,52 runs,Kampala,20-May-19,777
Kenya,Nigeria,Kenya,8 wickets,Kampala,20-May-19,776
Belgium,Germany,Germany,6 wickets,Waterloo,12-May-19,775
Belgium,Germany,Germany,62 runs,Waterloo,11-May-19,774
Belgium,Germany,Germany,9 runs,Waterloo,11-May-19,773
England,Pakistan,England,7 wickets,Cardiff,5-May-19,772
Mexico,Panama,Panama,33 runs,Naucalpan,27-Apr-19,771
Belize,Costa Rica,Belize,5 wickets,Naucalpan,27-Apr-19,770
Belize,Panama,Belize,9 runs,Naucalpan,26-Apr-19,769
Mexico,Costa Rica,Mexico,3 wickets,Naucalpan,26-Apr-19,768
Costa Rica,Panama,Panama,7 wickets,Naucalpan,25-Apr-19,767
Mexico,Belize,Belize,4 wickets,Naucalpan,25-Apr-19,766
Spain,Malta,Spain,109 runs,Cartagena,30-Mar-19,765
Spain,Malta,Spain,7 wickets,Cartagena,29-Mar-19,764
South Africa,Sri Lanka,South Africa,45 runs,Johannesburg,24-Mar-19,763
P.N.G.,Vanuatu,P.N.G.,10 wickets,Port Moresby,24-Mar-19,762
Philippines,Vanuatu,Philippines,10 runs,Port Moresby,24-Mar-19,761
P.N.G.,Philippines,no result,-,Port Moresby,23-Mar-19,760
Philippines,Vanuatu,Vanuatu,63 runs,Port Moresby,23-Mar-19,759
South Africa,Sri Lanka,South Africa,16 runs,Centurion,22-Mar-19,758
P.N.G.,Vanuatu,P.N.G.,8 wickets,Port Moresby,22-Mar-19,757
P.N.G.,Philippines,P.N.G.,133 runs,Port Moresby,22-Mar-19,756
South Africa,Sri Lanka,tied,-,Cape Town,19-Mar-19,755
U.A.E.,U.S.A.,U.A.E.,24 runs,ICCA Dubai,16-Mar-19,754
U.A.E.,U.S.A.,no result,-,ICCA Dubai,15-Mar-19,753
West Indies,England,England,8 wickets,Basseterre,10-Mar-19,752
West Indies,England,England,137 runs,Basseterre,8-Mar-19,751
West Indies,England,England,4 wickets,Gros Islet,5-Mar-19,750
India,Australia,Australia,7 wickets,Bengaluru,27-Feb-19,749
India,Australia,Australia,3 wickets,Visakhapatnam,24-Feb-19,748
Afghanistan,Ireland,Afghanistan,32 runs,Dehradun,24-Feb-19,747
Afghanistan,Ireland,Afghanistan,84 runs,Dehradun,23-Feb-19,746
Afghanistan,Ireland,Afghanistan,5 wickets,Dehradun,21-Feb-19,745
Oman,Scotland,Scotland,7 wickets,Al Amerat,17-Feb-19,744
Ireland,Netherlands,Ireland,1 wicket,Al Amerat,17-Feb-19,743
Ireland,Scotland,Scotland,6 wickets,Al Amerat,15-Feb-19,742
Oman,Netherlands,Netherlands,8 wickets,Al Amerat,15-Feb-19,741
Oman,Ireland,Ireland,15 runs,Al Amerat,13-Feb-19,740
Netherlands,Scotland,Netherlands,7 wickets,Al Amerat,13-Feb-19,739
New Zealand,India,New Zealand,4 runs,Hamilton,10-Feb-19,738
New Zealand,India,India,7 wickets,Auckland,8-Feb-19,737
South Africa,Pakistan,Pakistan,27 runs,Centurion,6-Feb-19,736
New Zealand,India,New Zealand,80 runs,Wellington,6-Feb-19,735
South Africa,Pakistan,South Africa,7 runs,Johannesburg,3-Feb-19,734
U.A.E.,Nepal,Nepal,14 runs,ICCA Dubai,3-Feb-19,733
South Africa,Pakistan,South Africa,6 runs,Cape Town,1-Feb-19,732
U.A.E.,Nepal,Nepal,4 wickets,ICCA Dubai,1-Feb-19,731
U.A.E.,Nepal,U.A.E.,21 runs,ICCA Dubai,31-Jan-19,730
Qatar,Saudi Arabia,Saudi Arabia,8 wickets,Al Amerat,24-Jan-19,729
Kuwait,Saudi Arabia,Saudi Arabia,7 wickets,Al Amerat,24-Jan-19,728
Bahrain,Qatar,Qatar,48 runs,Al Amerat,24-Jan-19,727
Maldives,Qatar,Qatar,8 wickets,Al Amerat,23-Jan-19,726
Bahrain,Kuwait,Kuwait,7 wickets,Al Amerat,23-Jan-19,725
Kuwait,Qatar,tied,-,Al Amerat,22-Jan-19,724
Maldives,Saudi Arabia,Saudi Arabia,6 wickets,Al Amerat,22-Jan-19,723
Bahrain,Maldives,Bahrain,2 wickets,Al Amerat,21-Jan-19,722
Qatar,Saudi Arabia,Qatar,4 wickets,Al Amerat,21-Jan-19,721
Bahrain,Saudi Arabia,Bahrain,41 runs,Al Amerat,20-Jan-19,720
Kuwait,Maldives,Kuwait,8 wickets,Al Amerat,20-Jan-19,719
New Zealand,Sri Lanka,New Zealand,35 runs,Auckland,11-Jan-19,718
Bangladesh,West Indies,West Indies,50 runs,Mirpur,22-Dec-18,717
Bangladesh,West Indies,Bangladesh,36 runs,Mirpur,20-Dec-18,716
Bangladesh,West Indies,West Indies,8 wickets,Sylhet,17-Dec-18,715
Australia,India,India,6 wickets,Sydney,25-Nov-18,714
Australia,India,no result,-,Melbourne,23-Nov-18,713
Australia,India,Australia,4 runs,Brisbane,21-Nov-18,712
Australia,South Africa,South Africa,21 runs,Carrara,17-Nov-18,711
India,West Indies,India,6 wickets,Chennai,11-Nov-18,710
India,West Indies,India,71 runs,Lucknow,6-Nov-18,709
New Zealand,Pakistan,Pakistan,47 runs,Dubai (DICS),4-Nov-18,708
India,West Indies,India,5 wickets,Eden Gardens,4-Nov-18,707
New Zealand,Pakistan,Pakistan,6 wickets,Dubai (DICS),2-Nov-18,706
New Zealand,Pakistan,Pakistan,2 runs,Abu Dhabi,31-Oct-18,705
Australia,Pakistan,Pakistan,33 runs,Dubai (DICS),28-Oct-18,704
Sri Lanka,England,England,30 runs,Colombo (RPS),27-Oct-18,703
Australia,Pakistan,Pakistan,11 runs,Dubai (DICS),26-Oct-18,702
Australia,Pakistan,Pakistan,66 runs,Abu Dhabi,24-Oct-18,701
U.A.E.,Australia,Australia,7 wickets,Abu Dhabi,22-Oct-18,700
South Africa,Zimbabwe,South Africa,6 wickets,Potchefstroom,12-Oct-18,699
South Africa,Zimbabwe,South Africa,34 runs,East London,9-Oct-18,698
Ireland,Afghanistan,Afghanistan,81 runs,Bready,22-Aug-18,697
Ireland,Afghanistan,Afghanistan,16 runs,Bready,20-Aug-18,696
Sri Lanka,South Africa,Sri Lanka,3 wickets,Colombo (RPS),14-Aug-18,695
Bangladesh,West Indies,Bangladesh,19 runs,Lauderhill,5-Aug-18,694
Bangladesh,West Indies,Bangladesh,12 runs,Lauderhill,4-Aug-18,693
West Indies,Bangladesh,West Indies,7 wickets,Basseterre,31-Jul-18,692
Nepal,Netherlands,no result,-,Lord's,29-Jul-18,691
England,India,India,7 wickets,Bristol,8-Jul-18,690
Australia,Pakistan,Pakistan,6 wickets,Harare,8-Jul-18,689
England,India,England,5 wickets,Cardiff,6-Jul-18,688
Zimbabwe,Australia,Australia,5 wickets,Harare,6-Jul-18,687
Australia,Pakistan,Pakistan,45 runs,Harare,5-Jul-18,686
Zimbabwe,Pakistan,Pakistan,7 wickets,Harare,4-Jul-18,685
England,India,India,8 wickets,Manchester,3-Jul-18,684
Zimbabwe,Australia,Australia,100 runs,Harare,3-Jul-18,683
Australia,Pakistan,Australia,9 wickets,Harare,2-Jul-18,682
Zimbabwe,Pakistan,Pakistan,74 runs,Harare,1-Jul-18,681
Ireland,India,India,143 runs,Dublin (Malahide),29-Jun-18,680
England,Australia,England,28 runs,Birmingham,27-Jun-18,679
Ireland,India,India,76 runs,Dublin (Malahide),27-Jun-18,678
Netherlands,Scotland,Scotland,115 runs,Amstelveen,20-Jun-18,677
Netherlands,Scotland,Scotland,7 wickets,Amstelveen,19-Jun-18,676
Ireland,Scotland,tied,-,Deventer,17-Jun-18,675
Ireland,Scotland,Ireland,46 runs,Deventer,16-Jun-18,674
Netherlands,Ireland,Netherlands,4 wickets,Rotterdam,13-Jun-18,673
Scotland,Pakistan,Pakistan,84 runs,Edinburgh,13-Jun-18,672
Netherlands,Ireland,Netherlands,4 runs,Rotterdam,12-Jun-18,671
Scotland,Pakistan,Pakistan,48 runs,Edinburgh,12-Jun-18,670
Afghanistan,Bangladesh,Afghanistan,1 run,Dehradun,7-Jun-18,669
Afghanistan,Bangladesh,Afghanistan,6 wickets,Dehradun,5-Jun-18,668
Afghanistan,Bangladesh,Afghanistan,45 runs,Dehradun,3-Jun-18,667
ICC World XI,West Indies,West Indies,72 runs,Lord's,31-May-18,666
Pakistan,West Indies,Pakistan,8 wickets,Karachi,3-Apr-18,665
Pakistan,West Indies,Pakistan,82 runs,Karachi,2-Apr-18,664
Pakistan,West Indies,Pakistan,143 runs,Karachi,1-Apr-18,663
Bangladesh,India,India,4 wickets,Colombo (RPS),18-Mar-18,662
Sri Lanka,Bangladesh,Bangladesh,2 wickets,Colombo (RPS),16-Mar-18,661
Bangladesh,India,India,17 runs,Colombo (RPS),14-Mar-18,660
Sri Lanka,India,India,6 wickets,Colombo (RPS),12-Mar-18,659
Sri Lanka,Bangladesh,Bangladesh,5 wickets,Colombo (RPS),10-Mar-18,658
Bangladesh,India,India,6 wickets,Colombo (RPS),8-Mar-18,657
Sri Lanka,India,Sri Lanka,5 wickets,Colombo (RPS),6-Mar-18,656
South Africa,India,India,7 runs,Cape Town,24-Feb-18,655
South Africa,India,South Africa,6 wickets,Centurion,21-Feb-18,654
New Zealand,Australia,Australia,19 runs,Auckland,21-Feb-18,653
South Africa,India,India,28 runs,Johannesburg,18-Feb-18,652
Bangladesh,Sri Lanka,Sri Lanka,75 runs,Sylhet,18-Feb-18,651
New Zealand,England,England,2 runs,Hamilton,18-Feb-18,650
New Zealand,Australia,Australia,5 wickets,Auckland,16-Feb-18,649
Bangladesh,Sri Lanka,Sri Lanka,6 wickets,Mirpur,15-Feb-18,648
New Zealand,England,New Zealand,12 runs,Wellington,13-Feb-18,647
Australia,England,Australia,7 wickets,Melbourne,10-Feb-18,646
Australia,England,Australia,5 wickets,Hobart,7-Feb-18,645
Afghanistan,Zimbabwe,Afghanistan,17 runs,Sharjah,6-Feb-18,644
Afghanistan,Zimbabwe,Afghanistan,5 wickets,Sharjah,5-Feb-18,643
Australia,New Zealand,Australia,7 wickets,Sydney,3-Feb-18,642
New Zealand,Pakistan,Pakistan,18 runs,Mount Maunganui,28-Jan-18,641
New Zealand,Pakistan,Pakistan,48 runs,Auckland,25-Jan-18,640
New Zealand,Pakistan,New Zealand,7 wickets,Wellington,22-Jan-18,639
New Zealand,West Indies,New Zealand,119 runs,Mount Maunganui,3-Jan-18,638
New Zealand,West Indies,no result,-,Mount Maunganui,1-Jan-18,637
New Zealand,West Indies,New Zealand,47 runs,Nelson,29-Dec-17,636
India,Sri Lanka,India,5 wickets,Wankhede,24-Dec-17,635
India,Sri Lanka,India,88 runs,Indore,22-Dec-17,634
India,Sri Lanka,India,93 runs,Cuttack,20-Dec-17,633
India,New Zealand,India,6 runs,Thiruvananthapuram,7-Nov-17,632
India,New Zealand,New Zealand,40 runs,Rajkot,4-Nov-17,631
India,New Zealand,India,53 runs,Delhi,1-Nov-17,630
Pakistan,Sri Lanka,Pakistan,36 runs,Lahore,29-Oct-17,629
South Africa,Bangladesh,South Africa,83 runs,Potchefstroom,29-Oct-17,628
Pakistan,Sri Lanka,Pakistan,2 wickets,Abu Dhabi,27-Oct-17,627
Pakistan,Sri Lanka,Pakistan,7 wickets,Abu Dhabi,26-Oct-17,626
South Africa,Bangladesh,South Africa,20 runs,Bloemfontein,26-Oct-17,625
India,Australia,Australia,8 wickets,Guwahati,10-Oct-17,624
India,Australia,India,9 wickets,Ranchi,7-Oct-17,623
England,West Indies,West Indies,21 runs,Chester-le-Street,16-Sep-17,622
Pakistan,World-XI,Pakistan,33 runs,Lahore,15-Sep-17,621
Pakistan,World-XI,World-XI,7 wickets,Lahore,13-Sep-17,620
Pakistan,World-XI,Pakistan,20 runs,Lahore,12-Sep-17,619
Sri Lanka,India,India,7 wickets,Colombo (RPS),6-Sep-17,618
West Indies,India,West Indies,9 wickets,Kingston,9-Jul-17,617
England,South Africa,England,19 runs,Cardiff,25-Jun-17,616
England,South Africa,South Africa,3 runs,Taunton,23-Jun-17,615
England,South Africa,England,9 wickets,Southampton,21-Jun-17,614
West Indies,Afghanistan,West Indies,7 wickets,Basseterre,5-Jun-17,613
West Indies,Afghanistan,West Indies,29 runs,Basseterre,3-Jun-17,612
West Indies,Afghanistan,West Indies,6 wickets,Basseterre,2-Jun-17,611
U.A.E.,P.N.G.,U.A.E.,5 wickets,Abu Dhabi,14-Apr-17,610
U.A.E.,P.N.G.,U.A.E.,30 runs,Abu Dhabi,14-Apr-17,609
U.A.E.,P.N.G.,U.A.E.,5 wickets,Abu Dhabi,12-Apr-17,608
Sri Lanka,Bangladesh,Bangladesh,45 runs,Colombo (RPS),6-Apr-17,607
Sri Lanka,Bangladesh,Sri Lanka,6 wickets,Colombo (RPS),4-Apr-17,606
West Indies,Pakistan,Pakistan,7 wickets,Port of Spain,2-Apr-17,605
West Indies,Pakistan,West Indies,7 wickets,Port of Spain,1-Apr-17,604
West Indies,Pakistan,Pakistan,3 runs,Port of Spain,30-Mar-17,603
West Indies,Pakistan,Pakistan,6 wickets,Bridgetown,26-Mar-17,602
Afghanistan,Ireland,Afghanistan,28 runs,Greater Noida,12-Mar-17,601
Afghanistan,Ireland,Afghanistan,17 runs,Greater Noida,10-Mar-17,600
Afghanistan,Ireland,Afghanistan,6 wickets,Greater Noida,8-Mar-17,599
Australia,Sri Lanka,Australia,41 runs,Adelaide,22-Feb-17,598
Australia,Sri Lanka,Sri Lanka,2 wickets,Geelong,19-Feb-17,597
Australia,Sri Lanka,Sri Lanka,5 wickets,Melbourne,17-Feb-17,596
New Zealand,South Africa,South Africa,78 runs,Auckland,17-Feb-17,595
India,England,India,75 runs,Bengaluru,1-Feb-17,594
India,England,India,5 runs,Nagpur,29-Jan-17,593
India,England,England,7 wickets,Kanpur,26-Jan-17,592
South Africa,Sri Lanka,Sri Lanka,5 wickets,Cape Town,25-Jan-17,591
South Africa,Sri Lanka,Sri Lanka,3 wickets,Johannesburg,22-Jan-17,590
South Africa,Sri Lanka,South Africa,19 runs,Centurion,20-Jan-17,589
Afghanistan,Ireland,Afghanistan,10 wickets,Dubai (DICS),20-Jan-17,588
Ireland,Scotland,Ireland,98 runs,Dubai (DICS),20-Jan-17,587
Afghanistan,Oman,Afghanistan,8 wickets,Dubai (DICS),20-Jan-17,586
Oman,Scotland,Scotland,7 wickets,Dubai (DICS),19-Jan-17,585
Hong Kong,Netherlands,Hong Kong,91 runs,Dubai (DICS),18-Jan-17,584
U.A.E.,Ireland,Ireland,24 runs,Dubai (DICS),18-Jan-17,583
Netherlands,Scotland,Scotland,7 runs,Abu Dhabi,17-Jan-17,582
U.A.E.,Afghanistan,Afghanistan,5 wickets,Abu Dhabi,16-Jan-17,581
Hong Kong,Oman,Oman,7 wickets,Abu Dhabi,16-Jan-17,580
Netherlands,Oman,Netherlands,5 wickets,Abu Dhabi,15-Jan-17,579
Afghanistan,Ireland,Afghanistan,5 wickets,Abu Dhabi,14-Jan-17,578
Hong Kong,Scotland,Scotland,24 runs,Abu Dhabi,14-Jan-17,577
New Zealand,Bangladesh,New Zealand,27 runs,Mount Maunganui,8-Jan-17,576
New Zealand,Bangladesh,New Zealand,47 runs,Mount Maunganui,6-Jan-17,575
New Zealand,Bangladesh,New Zealand,6 wickets,Napier,3-Jan-17,574
U.A.E.,Afghanistan,Afghanistan,44 runs,ICCA Dubai,18-Dec-16,573
U.A.E.,Afghanistan,Afghanistan,5 wickets,Dubai (DICS),16-Dec-16,572
U.A.E.,Afghanistan,Afghanistan,11 runs,ICCA Dubai,14-Dec-16,571
Pakistan,West Indies,Pakistan,8 wickets,Abu Dhabi,27-Sep-16,570
Pakistan,West Indies,Pakistan,16 runs,Dubai (DICS),24-Sep-16,569
Pakistan,West Indies,Pakistan,9 wickets,Dubai (DICS),23-Sep-16,568
Sri Lanka,Australia,Australia,4 wickets,Colombo (RPS),9-Sep-16,567
England,Pakistan,Pakistan,9 wickets,Manchester,7-Sep-16,566
Sri Lanka,Australia,Australia,85 runs,Pallekele,6-Sep-16,565
Ireland,Hong Kong,Hong Kong,40 runs,Bready,5-Sep-16,564
India,West Indies,no result,-,Lauderhill,28-Aug-16,563
India,West Indies,West Indies,1 run,Lauderhill,27-Aug-16,562
England,Sri Lanka,England,8 wickets,Southampton,5-Jul-16,561
Zimbabwe,India,India,3 runs,Harare,22-Jun-16,560
Zimbabwe,India,India,10 wickets,Harare,20-Jun-16,559
Zimbabwe,India,Zimbabwe,2 runs,Harare,18-Jun-16,558
England,West Indies,West Indies,4 wickets,Eden Gardens,3-Apr-16,557
India,West Indies,West Indies,7 wickets,Wankhede,31-Mar-16,556
England,New Zealand,England,7 wickets,Delhi,30-Mar-16,555
South Africa,Sri Lanka,South Africa,8 wickets,Delhi,28-Mar-16,554
India,Australia,India,6 wickets,Mohali,27-Mar-16,553
Afghanistan,West Indies,Afghanistan,6 runs,Nagpur,27-Mar-16,552
England,Sri Lanka,England,10 runs,Delhi,26-Mar-16,551
Bangladesh,New Zealand,New Zealand,75 runs,Eden Gardens,26-Mar-16,550
South Africa,West Indies,West Indies,3 wickets,Nagpur,25-Mar-16,549
Australia,Pakistan,Australia,21 runs,Mohali,25-Mar-16,548
India,Bangladesh,India,1 run,Bengaluru,23-Mar-16,547
Afghanistan,England,England,15 runs,Delhi,23-Mar-16,546
New Zealand,Pakistan,New Zealand,22 runs,Mohali,22-Mar-16,545
Australia,Bangladesh,Australia,3 wickets,Bengaluru,21-Mar-16,544
Sri Lanka,West Indies,West Indies,7 wickets,Bengaluru,20-Mar-16,543
Afghanistan,South Africa,South Africa,37 runs,Wankhede,20-Mar-16,542
India,Pakistan,India,6 wickets,Eden Gardens,19-Mar-16,541
England,South Africa,England,2 wickets,Wankhede,18-Mar-16,540
Australia,New Zealand,New Zealand,8 runs,Dharamsala,18-Mar-16,539
Afghanistan,Sri Lanka,Sri Lanka,6 wickets,Eden Gardens,17-Mar-16,538
England,West Indies,West Indies,6 wickets,Wankhede,16-Mar-16,537
Bangladesh,Pakistan,Pakistan,55 runs,Eden Gardens,16-Mar-16,536
India,New Zealand,New Zealand,47 runs,Nagpur,15-Mar-16,535
Bangladesh,Oman,Bangladesh,54 runs,Dharamsala,13-Mar-16,534
Ireland,Netherlands,Netherlands,12 runs,Dharamsala,13-Mar-16,533
Hong Kong,Scotland,Scotland,8 wickets,Nagpur,12-Mar-16,532
Afghanistan,Zimbabwe,Afghanistan,59 runs,Nagpur,12-Mar-16,531
Bangladesh,Ireland,no result,-,Dharamsala,11-Mar-16,530
Netherlands,Oman,no result,-,Dharamsala,11-Mar-16,529
Afghanistan,Hong Kong,Afghanistan,6 wickets,Nagpur,10-Mar-16,528
Scotland,Zimbabwe,Zimbabwe,11 runs,Nagpur,10-Mar-16,527
South Africa,Australia,Australia,6 wickets,Cape Town,9-Mar-16,526
Ireland,Oman,Oman,2 wickets,Dharamsala,9-Mar-16,525
Bangladesh,Netherlands,Bangladesh,8 runs,Dharamsala,9-Mar-16,524
Afghanistan,Scotland,Afghanistan,14 runs,Nagpur,8-Mar-16,523
Hong Kong,Zimbabwe,Zimbabwe,14 runs,Nagpur,8-Mar-16,522
Bangladesh,India,India,8 wickets,Mirpur,6-Mar-16,521
South Africa,Australia,Australia,5 wickets,Johannesburg,6-Mar-16,520
South Africa,Australia,South Africa,3 wickets,Durban,4-Mar-16,519
Pakistan,Sri Lanka,Pakistan,6 wickets,Mirpur,4-Mar-16,518
India,U.A.E.,India,9 wickets,Mirpur,3-Mar-16,517
Bangladesh,Pakistan,Bangladesh,5 wickets,Mirpur,2-Mar-16,516
India,Sri Lanka,India,5 wickets,Mirpur,1-Mar-16,515
Pakistan,U.A.E.,Pakistan,7 wickets,Mirpur,29-Feb-16,514
Bangladesh,Sri Lanka,Bangladesh,23 runs,Mirpur,28-Feb-16,513
India,Pakistan,India,5 wickets,Mirpur,27-Feb-16,512
Bangladesh,U.A.E.,Bangladesh,51 runs,Mirpur,26-Feb-16,511
Sri Lanka,U.A.E.,Sri Lanka,14 runs,Mirpur,25-Feb-16,510
Bangladesh,India,India,45 runs,Mirpur,24-Feb-16,509
Oman,U.A.E.,U.A.E.,71 runs,Mirpur,22-Feb-16,508
Afghanistan,Hong Kong,Afghanistan,66 runs,Mirpur,22-Feb-16,507
South Africa,England,South Africa,9 wickets,Johannesburg,21-Feb-16,506
Hong Kong,U.A.E.,U.A.E.,6 wickets,Fatullah,21-Feb-16,505
Afghanistan,Oman,Afghanistan,3 wickets,Fatullah,20-Feb-16,504
South Africa,England,South Africa,3 wickets,Cape Town,19-Feb-16,503
Hong Kong,Oman,Oman,5 runs,Fatullah,19-Feb-16,502
Afghanistan,U.A.E.,U.A.E.,16 runs,Fatullah,19-Feb-16,501
U.A.E.,Ireland,U.A.E.,5 runs,Abu Dhabi,16-Feb-16,500
India,Sri Lanka,India,9 wickets,Visakhapatnam,14-Feb-16,499
U.A.E.,Ireland,Ireland,34 runs,Abu Dhabi,14-Feb-16,498
India,Sri Lanka,India,69 runs,Ranchi,12-Feb-16,497
India,Sri Lanka,Sri Lanka,5 wickets,Pune,9-Feb-16,496
Ireland,P.N.G.,P.N.G.,11 runs,Townsville,9-Feb-16,495
Ireland,P.N.G.,Ireland,7 runs,Townsville,7-Feb-16,494
Ireland,P.N.G.,Ireland,5 wickets,Townsville,6-Feb-16,493
Netherlands,Scotland,Scotland,37 runs,ICCA Dubai,5-Feb-16,492
U.A.E.,Scotland,U.A.E.,9 runs,ICCA Dubai,4-Feb-16,491
U.A.E.,Netherlands,Netherlands,84 runs,ICCA Dubai,3-Feb-16,490
Australia,India,India,7 wickets,Sydney,31-Jan-16,489
Hong Kong,Scotland,Scotland,37 runs,Mong Kok,31-Jan-16,488
Hong Kong,Scotland,Hong Kong,9 wickets,Mong Kok,30-Jan-16,487
Australia,India,India,27 runs,Melbourne,29-Jan-16,486
Australia,India,India,37 runs,Adelaide,26-Jan-16,485
Bangladesh,Zimbabwe,Zimbabwe,18 runs,Khulna,22-Jan-16,484
New Zealand,Pakistan,New Zealand,95 runs,Wellington,22-Jan-16,483
Bangladesh,Zimbabwe,Zimbabwe,31 runs,Khulna,20-Jan-16,482
Bangladesh,Zimbabwe,Bangladesh,42 runs,Khulna,17-Jan-16,481
New Zealand,Pakistan,New Zealand,10 wickets,Hamilton,17-Jan-16,480
Bangladesh,Zimbabwe,Bangladesh,4 wickets,Khulna,15-Jan-16,479
New Zealand,Pakistan,Pakistan,16 runs,Auckland,15-Jan-16,478
Afghanistan,Zimbabwe,Afghanistan,81 runs,Sharjah,10-Jan-16,477
New Zealand,Sri Lanka,New Zealand,9 wickets,Auckland,10-Jan-16,476
Afghanistan,Zimbabwe,Afghanistan,5 runs,Sharjah,8-Jan-16,475
New Zealand,Sri Lanka,New Zealand,3 runs,Mount Maunganui,7-Jan-16,474
England,Pakistan,tied,-,Sharjah,30-Nov-15,473
Afghanistan,Oman,Afghanistan,12 runs,Abu Dhabi,30-Nov-15,472
Afghanistan,Oman,Afghanistan,27 runs,Abu Dhabi,29-Nov-15,471
Afghanistan,Hong Kong,Hong Kong,4 wickets,Abu Dhabi,28-Nov-15,470
England,Pakistan,England,3 runs,Dubai (DICS),27-Nov-15,469
England,Pakistan,England,14 runs,Dubai (DICS),26-Nov-15,468
Hong Kong,Oman,Hong Kong,8 wickets,Abu Dhabi,26-Nov-15,467
Hong Kong,Oman,Oman,4 runs,Abu Dhabi,25-Nov-15,466
U.A.E.,Oman,U.A.E.,7 wickets,Abu Dhabi,22-Nov-15,465
Hong Kong,Oman,Oman,6 wickets,Abu Dhabi,21-Nov-15,464
Bangladesh,Zimbabwe,Zimbabwe,3 wickets,Mirpur,15-Nov-15,463
Bangladesh,Zimbabwe,Bangladesh,4 wickets,Mirpur,13-Nov-15,462
Sri Lanka,West Indies,West Indies,23 runs,Colombo (RPS),11-Nov-15,461
Sri Lanka,West Indies,Sri Lanka,30 runs,Pallekele,9-Nov-15,460
Zimbabwe,Afghanistan,Afghanistan,5 wickets,Bulawayo,28-Oct-15,459
Zimbabwe,Afghanistan,Afghanistan,6 wickets,Bulawayo,26-Oct-15,458
India,South Africa,South Africa,6 wickets,Cuttack,5-Oct-15,457
India,South Africa,South Africa,7 wickets,Dharamsala,2-Oct-15,456
Zimbabwe,Pakistan,Pakistan,15 runs,Harare,29-Sep-15,455
Zimbabwe,Pakistan,Pakistan,13 runs,Harare,27-Sep-15,454
England,Australia,England,5 runs,Cardiff,31-Aug-15,453
South Africa,New Zealand,New Zealand,32 runs,Centurion,16-Aug-15,452
South Africa,New Zealand,South Africa,6 wickets,Durban,14-Aug-15,451
Zimbabwe,New Zealand,New Zealand,80 runs,Harare,9-Aug-15,450
Sri Lanka,Pakistan,Pakistan,1 wicket,Colombo (RPS),1-Aug-15,449
Sri Lanka,Pakistan,Pakistan,29 runs,Colombo (RPS),30-Jul-15,448
Ireland,Netherlands,Netherlands,5 wickets,Dublin (Malahide),25-Jul-15,447
Hong Kong,Scotland,Scotland,5 wickets,Dublin (Malahide),25-Jul-15,446
Afghanistan,Oman,Afghanistan,5 wickets,Dublin,25-Jul-15,445
Afghanistan,P.N.G.,Afghanistan,6 wickets,Dublin (Malahide),23-Jul-15,444
Afghanistan,Hong Kong,Hong Kong,5 wickets,Dublin (Malahide),21-Jul-15,443
Zimbabwe,India,Zimbabwe,10 runs,Harare,19-Jul-15,442
Ireland,Hong Kong,Hong Kong,5 runs,Dublin (Malahide),17-Jul-15,441
Zimbabwe,India,India,54 runs,Harare,17-Jul-15,440
Nepal,P.N.G.,P.N.G.,8 wickets,Dublin (Malahide),17-Jul-15,439
Hong Kong,Nepal,Hong Kong,5 wickets,Belfast,15-Jul-15,438
Ireland,P.N.G.,P.N.G.,2 wickets,Belfast,15-Jul-15,437
Ireland,Nepal,Ireland,8 wickets,Belfast,13-Jul-15,436
Scotland,Afghanistan,Afghanistan,37 runs,Edinburgh,12-Jul-15,435
Netherlands,U.A.E.,Netherlands,7 wickets,Edinburgh,12-Jul-15,434
Scotland,Netherlands,Netherlands,32 runs,Edinburgh,11-Jul-15,433
Afghanistan,U.A.E.,Afghanistan,8 wickets,Edinburgh,10-Jul-15,432
Afghanistan,Netherlands,Afghanistan,32 runs,Edinburgh,9-Jul-15,431
Scotland,U.A.E.,Scotland,9 wickets,Edinburgh,9-Jul-15,430
Bangladesh,South Africa,South Africa,31 runs,Mirpur,7-Jul-15,429
Bangladesh,South Africa,South Africa,52 runs,Mirpur,5-Jul-15,428
Netherlands,Nepal,Nepal,3 wickets,Rotterdam,3-Jul-15,427
Netherlands,Nepal,Netherlands,18 runs,Rotterdam,2-Jul-15,426
Netherlands,Nepal,Netherlands,103 runs,Amstelveen,1-Jul-15,425
Netherlands,Nepal,Netherlands,18 runs,Amstelveen,30-Jun-15,424
England,New Zealand,England,56 runs,Manchester,23-Jun-15,423
Ireland,Scotland,no result,-,Bready,21-Jun-15,422
Ireland,Scotland,Scotland,6 wickets,Bready,20-Jun-15,421
Ireland,Scotland,no result,-,Bready,19-Jun-15,420
Ireland,Scotland,Scotland,6 wickets,Bready,18-Jun-15,419
Pakistan,Zimbabwe,Pakistan,2 wickets,Lahore,24-May-15,418
Pakistan,Zimbabwe,Pakistan,5 wickets,Lahore,22-May-15,417
Bangladesh,Pakistan,Bangladesh,7 wickets,Mirpur,24-Apr-15,416
South Africa,West Indies,South Africa,69 runs,Durban,14-Jan-15,415
South Africa,West Indies,West Indies,4 wickets,Johannesburg,11-Jan-15,414
South Africa,West Indies,West Indies,4 wickets,Cape Town,9-Jan-15,413
New Zealand,Pakistan,New Zealand,17 runs,Dubai (DICS),5-Dec-14,412
New Zealand,Pakistan,Pakistan,7 wickets,Dubai (DICS),4-Dec-14,411
Hong Kong,Nepal,Hong Kong,2 wickets,Colombo (PSS),24-Nov-14,410
Australia,South Africa,Australia,2 wickets,Sydney,9-Nov-14,409
Australia,South Africa,Australia,7 wickets,Melbourne,7-Nov-14,408
Australia,South Africa,South Africa,7 wickets,Adelaide,5-Nov-14,407
Australia,Pakistan,Australia,6 wickets,Dubai (DICS),5-Oct-14,406
England,India,England,3 runs,Birmingham,7-Sep-14,405
West Indies,Bangladesh,no result,-,Basseterre,27-Aug-14,404
West Indies,New Zealand,West Indies,39 runs,Roseau,6-Jul-14,403
West Indies,New Zealand,New Zealand,12 runs,Roseau,5-Jul-14,402
England,Sri Lanka,Sri Lanka,9 runs,The Oval,20-May-14,401
India,Sri Lanka,Sri Lanka,6 wickets,Mirpur,6-Apr-14,400
India,South Africa,India,6 wickets,Mirpur,4-Apr-14,399
Sri Lanka,West Indies,Sri Lanka,27 runs,Mirpur,3-Apr-14,398
Pakistan,West Indies,West Indies,84 runs,Mirpur,1-Apr-14,397
Bangladesh,Australia,Australia,7 wickets,Mirpur,1-Apr-14,396
New Zealand,Sri Lanka,Sri Lanka,59 runs,Chattogram,31-Mar-14,395
England,Netherlands,Netherlands,45 runs,Chattogram,31-Mar-14,394
Australia,India,India,73 runs,Mirpur,30-Mar-14,393
Bangladesh,Pakistan,Pakistan,50 runs,Mirpur,30-Mar-14,392
England,South Africa,South Africa,3 runs,Chattogram,29-Mar-14,391
Netherlands,New Zealand,New Zealand,6 wickets,Chattogram,29-Mar-14,390
Bangladesh,India,India,8 wickets,Mirpur,28-Mar-14,389
Australia,West Indies,West Indies,6 wickets,Mirpur,28-Mar-14,388
England,Sri Lanka,England,6 wickets,Chattogram,27-Mar-14,387
Netherlands,South Africa,South Africa,6 runs,Chattogram,27-Mar-14,386
Bangladesh,West Indies,West Indies,73 runs,Mirpur,25-Mar-14,385
Netherlands,Sri Lanka,Sri Lanka,9 wickets,Chattogram,24-Mar-14,384
New Zealand,South Africa,South Africa,2 runs,Chattogram,24-Mar-14,383
India,West Indies,India,7 wickets,Mirpur,23-Mar-14,382
Australia,Pakistan,Pakistan,16 runs,Mirpur,23-Mar-14,381
England,New Zealand,New Zealand,9 runs,Chattogram,22-Mar-14,380
South Africa,Sri Lanka,Sri Lanka,5 runs,Chattogram,22-Mar-14,379
India,Pakistan,India,7 wickets,Mirpur,21-Mar-14,378
Ireland,Netherlands,Netherlands,6 wickets,Sylhet,21-Mar-14,377
U.A.E.,Zimbabwe,Zimbabwe,5 wickets,Sylhet,21-Mar-14,376
Bangladesh,Hong Kong,Hong Kong,2 wickets,Chattogram,20-Mar-14,375
Afghanistan,Nepal,Nepal,9 runs,Chattogram,20-Mar-14,374
Ireland,U.A.E.,Ireland,21 runs,Sylhet,19-Mar-14,373
Netherlands,Zimbabwe,Zimbabwe,5 wickets,Sylhet,19-Mar-14,372
Bangladesh,Nepal,Bangladesh,8 wickets,Chattogram,18-Mar-14,371
Afghanistan,Hong Kong,Afghanistan,7 wickets,Chattogram,18-Mar-14,370
Netherlands,U.A.E.,Netherlands,6 wickets,Sylhet,17-Mar-14,369
Ireland,Zimbabwe,Ireland,3 wickets,Sylhet,17-Mar-14,368
Hong Kong,Nepal,Nepal,80 runs,Chattogram,16-Mar-14,367
Bangladesh,Afghanistan,Bangladesh,9 wickets,Mirpur,16-Mar-14,366
South Africa,Australia,Australia,6 wickets,Centurion,14-Mar-14,365
West Indies,England,England,5 runs,Bridgetown,13-Mar-14,364
South Africa,Australia,Australia,5 wickets,Durban,12-Mar-14,363
West Indies,England,West Indies,5 wickets,Bridgetown,11-Mar-14,362
West Indies,England,West Indies,27 runs,Bridgetown,9-Mar-14,361
West Indies,Ireland,West Indies,11 runs,Kingston,21-Feb-14,360
West Indies,Ireland,Ireland,6 wickets,Kingston,19-Feb-14,359
Bangladesh,Sri Lanka,Sri Lanka,3 wickets,Chattogram,14-Feb-14,358
Bangladesh,Sri Lanka,Sri Lanka,2 runs,Chattogram,12-Feb-14,357
Australia,England,Australia,84 runs,Sydney,2-Feb-14,356
Australia,England,Australia,8 wickets,Melbourne,31-Jan-14,355
Australia,England,Australia,13 runs,Hobart,29-Jan-14,354
New Zealand,West Indies,New Zealand,4 wickets,Wellington,15-Jan-14,353
New Zealand,West Indies,New Zealand,81 runs,Auckland,11-Jan-14,352
Pakistan,Sri Lanka,Sri Lanka,24 runs,Dubai (DICS),13-Dec-13,351
Pakistan,Sri Lanka,Pakistan,3 wickets,Dubai (DICS),11-Dec-13,350
Afghanistan,Pakistan,Pakistan,6 wickets,Sharjah,8-Dec-13,349
Afghanistan,Ireland,Ireland,68 runs,Abu Dhabi,30-Nov-13,348
Netherlands,Scotland,Netherlands,8 wickets,Abu Dhabi,28-Nov-13,347
Canada,Kenya,Kenya,21 runs,Sharjah,26-Nov-13,346
Afghanistan,Kenya,Afghanistan,34 runs,Sharjah,24-Nov-13,345
Kenya,Netherlands,Netherlands,29 runs,ICCA Dubai,23-Nov-13,344
South Africa,Pakistan,Pakistan,6 runs,Cape Town,22-Nov-13,343
Netherlands,Scotland,Scotland,15 runs,ICCA Dubai,22-Nov-13,342
Sri Lanka,New Zealand,Sri Lanka,8 wickets,Pallekele,21-Nov-13,341
South Africa,Pakistan,South Africa,4 runs,Johannesburg,20-Nov-13,340
Kenya,Scotland,Kenya,92 runs,ICCA Dubai,19-Nov-13,339
Afghanistan,Scotland,Afghanistan,17 runs,Sharjah,16-Nov-13,338
Canada,Ireland,Ireland,2 runs,Abu Dhabi,16-Nov-13,337
Pakistan,South Africa,South Africa,6 runs,Dubai (DICS),15-Nov-13,336
Afghanistan,Netherlands,Netherlands,7 wickets,Sharjah,15-Nov-13,335
Pakistan,South Africa,South Africa,9 wickets,Dubai (DICS),13-Nov-13,334
Bangladesh,New Zealand,New Zealand,15 runs,Mirpur,6-Nov-13,333
Afghanistan,Kenya,Kenya,34 runs,Sharjah,11-Oct-13,332
India,Australia,India,6 wickets,Rajkot,10-Oct-13,331
Afghanistan,Kenya,Afghanistan,106 runs,Sharjah,30-Sep-13,330
England,Australia,England,27 runs,Chester-le-Street,31-Aug-13,329
England,Australia,Australia,39 runs,Southampton,29-Aug-13,328
Zimbabwe,Pakistan,Pakistan,19 runs,Harare,24-Aug-13,327
Zimbabwe,Pakistan,Pakistan,25 runs,Harare,23-Aug-13,326
Sri Lanka,South Africa,Sri Lanka,6 wickets,Hambantota,6-Aug-13,325
Sri Lanka,South Africa,South Africa,22 runs,Hambantota,4-Aug-13,324
Sri Lanka,South Africa,South Africa,12 runs,Colombo (RPS),2-Aug-13,323
West Indies,Pakistan,Pakistan,11 runs,Kingstown,28-Jul-13,322
West Indies,Pakistan,Pakistan,2 wickets,Kingstown,27-Jul-13,321
Scotland,Kenya,Scotland,7 wickets,Aberdeen,5-Jul-13,320
Scotland,Kenya,Scotland,35 runs,Aberdeen,4-Jul-13,319
England,New Zealand,no result,-,The Oval,27-Jun-13,318
England,New Zealand,New Zealand,5 runs,The Oval,25-Jun-13,317
Zimbabwe,Bangladesh,Bangladesh,34 runs,Bulawayo,12-May-13,316
Zimbabwe,Bangladesh,Zimbabwe,6 runs,Bulawayo,11-May-13,315
Kenya,Netherlands,Kenya,7 wickets,Windhoek,20-Apr-13,314
Kenya,Netherlands,Kenya,5 wickets,Windhoek,19-Apr-13,313
Sri Lanka,Bangladesh,Sri Lanka,17 runs,Pallekele,31-Mar-13,312
Canada,Kenya,Kenya,21 runs,ICCA Dubai,16-Mar-13,311
Canada,Kenya,Canada,5 wickets,ICCA Dubai,15-Mar-13,310
Afghanistan,Scotland,Afghanistan,7 wickets,Sharjah,4-Mar-13,309
West Indies,Zimbabwe,West Indies,41 runs,North Sound,3-Mar-13,308
Afghanistan,Scotland,Afghanistan,27 runs,Sharjah,3-Mar-13,307
South Africa,Pakistan,Pakistan,95 runs,Centurion,3-Mar-13,306
West Indies,Zimbabwe,West Indies,8 wickets,North Sound,2-Mar-13,305
New Zealand,England,England,10 wickets,Wellington,15-Feb-13,304
Australia,West Indies,West Indies,27 runs,Brisbane,13-Feb-13,303
New Zealand,England,New Zealand,55 runs,Hamilton,12-Feb-13,302
New Zealand,England,England,40 runs,Auckland,9-Feb-13,301
Australia,Sri Lanka,Sri Lanka,2 runs,Melbourne,28-Jan-13,300
Australia,Sri Lanka,Sri Lanka,5 wickets,Sydney,26-Jan-13,299
India,Pakistan,India,11 runs,Ahmedabad,28-Dec-12,298
South Africa,New Zealand,South Africa,33 runs,Gqeberha,26-Dec-12,297
India,Pakistan,Pakistan,5 wickets,Bengaluru,25-Dec-12,296
South Africa,New Zealand,New Zealand,8 wickets,East London,23-Dec-12,295
India,England,England,6 wickets,Wankhede,22-Dec-12,294
South Africa,New Zealand,South Africa,8 wickets,Durban,21-Dec-12,293
India,England,India,5 wickets,Pune,20-Dec-12,292
Bangladesh,West Indies,West Indies,18 runs,Mirpur,10-Dec-12,291
Sri Lanka,New Zealand,no result,-,Pallekele,30-Oct-12,290
Sri Lanka,West Indies,West Indies,36 runs,Colombo (RPS),7-Oct-12,289
Australia,West Indies,West Indies,74 runs,Colombo (RPS),5-Oct-12,288
Sri Lanka,Pakistan,Sri Lanka,16 runs,Colombo (RPS),4-Oct-12,287
India,South Africa,India,1 run,Colombo (RPS),2-Oct-12,286
Australia,Pakistan,Pakistan,32 runs,Colombo (RPS),2-Oct-12,285
Sri Lanka,England,Sri Lanka,19 runs,Pallekele,1-Oct-12,284
New Zealand,West Indies,tied,-,Pallekele,1-Oct-12,283
India,Pakistan,India,8 wickets,Colombo (RPS),30-Sep-12,282
Australia,South Africa,Australia,8 wickets,Colombo (RPS),30-Sep-12,281
Sri Lanka,West Indies,Sri Lanka,9 wickets,Pallekele,29-Sep-12,280
England,New Zealand,England,6 wickets,Pallekele,29-Sep-12,279
Australia,India,Australia,9 wickets,Colombo (RPS),28-Sep-12,278
Pakistan,South Africa,Pakistan,2 wickets,Colombo (RPS),28-Sep-12,277
England,West Indies,West Indies,15 runs,Pallekele,27-Sep-12,276
Sri Lanka,New Zealand,tied,-,Pallekele,27-Sep-12,275
Bangladesh,Pakistan,Pakistan,8 wickets,Pallekele,25-Sep-12,274
Ireland,West Indies,no result,-,Colombo (RPS),24-Sep-12,273
England,India,India,90 runs,Colombo (RPS),23-Sep-12,272
New Zealand,Pakistan,Pakistan,13 runs,Pallekele,23-Sep-12,271
Australia,West Indies,Australia,17 runs,Colombo (RPS),22-Sep-12,270
Sri Lanka,South Africa,South Africa,32 runs,Hambantota,22-Sep-12,269
Afghanistan,England,England,116 runs,Colombo (RPS),21-Sep-12,268
Bangladesh,New Zealand,New Zealand,59 runs,Pallekele,21-Sep-12,267
South Africa,Zimbabwe,South Africa,10 wickets,Hambantota,20-Sep-12,266
Afghanistan,India,India,23 runs,Colombo (RPS),19-Sep-12,265
Australia,Ireland,Australia,7 wickets,Colombo (RPS),19-Sep-12,264
Sri Lanka,Zimbabwe,Sri Lanka,82 runs,Hambantota,18-Sep-12,263
England,South Africa,England,28 runs,Birmingham,12-Sep-12,262
India,New Zealand,New Zealand,1 run,Chennai,11-Sep-12,261
England,South Africa,no result,-,Manchester,10-Sep-12,260
Australia,Pakistan,Australia,94 runs,Dubai (DICS),10-Sep-12,259
England,South Africa,South Africa,7 wickets,Chester-le-Street,8-Sep-12,258
Australia,Pakistan,tied,-,Dubai (DICS),7-Sep-12,257
Australia,Pakistan,Pakistan,7 wickets,Dubai (DICS),5-Sep-12,256
Sri Lanka,India,India,39 runs,Pallekele,7-Aug-12,255
Netherlands,Bangladesh,Netherlands,1 wicket,The Hague,26-Jul-12,254
Netherlands,Bangladesh,Bangladesh,8 wickets,The Hague,25-Jul-12,253
Bangladesh,Scotland,Scotland,34 runs,The Hague,24-Jul-12,252
Ireland,Bangladesh,Bangladesh,2 wickets,Belfast,21-Jul-12,251
Ireland,Bangladesh,Bangladesh,1 run,Belfast,20-Jul-12,250
Ireland,Bangladesh,Bangladesh,71 runs,Belfast,18-Jul-12,249
New Zealand,West Indies,West Indies,61 runs,Lauderhill,1-Jul-12,248
New Zealand,West Indies,West Indies,56 runs,Lauderhill,30-Jun-12,247
England,West Indies,England,7 wickets,Nottingham,24-Jun-12,246
Sri Lanka,Pakistan,Pakistan,23 runs,Hambantota,3-Jun-12,245
Sri Lanka,Pakistan,Sri Lanka,37 runs,Hambantota,1-Jun-12,244
West Indies,Australia,West Indies,14 runs,Bridgetown,30-Mar-12,243
South Africa,India,South Africa,11 runs,Johannesburg,30-Mar-12,242
West Indies,Australia,Australia,8 wickets,Gros Islet,27-Mar-12,241
Afghanistan,Ireland,Ireland,5 wickets,Dubai (DICS),24-Mar-12,240
Canada,Scotland,Scotland,4 wickets,Dubai (DICS),23-Mar-12,239
Ireland,Netherlands,Ireland,7 wickets,Dubai (DICS),23-Mar-12,238
Canada,Ireland,Ireland,10 wickets,Dubai (DICS),22-Mar-12,237
Netherlands,Scotland,Netherlands,3 wickets,ICCA Dubai,22-Mar-12,236
Afghanistan,Canada,Afghanistan,41 runs,ICCA Dubai,18-Mar-12,235
Ireland,Scotland,Ireland,17 runs,Dubai (DICS),18-Mar-12,234
Afghanistan,Netherlands,Afghanistan,4 wickets,Dubai (DICS),14-Mar-12,233
Ireland,Kenya,Ireland,10 wickets,Dubai (DICS),14-Mar-12,232
Canada,Netherlands,Netherlands,42 runs,Dubai (DICS),13-Mar-12,231
Kenya,Scotland,Scotland,14 runs,ICCA Dubai,13-Mar-12,230
England,Pakistan,England,5 runs,Abu Dhabi,27-Feb-12,229
England,Pakistan,England,38 runs,Dubai (DICS),25-Feb-12,228
Kenya,Ireland,Ireland,2 runs,Mombasa,24-Feb-12,227
England,Pakistan,Pakistan,8 runs,Dubai (DICS),23-Feb-12,226
Kenya,Ireland,Ireland,8 wickets,Mombasa,23-Feb-12,225
Kenya,Ireland,Ireland,6 wickets,Mombasa,22-Feb-12,224
New Zealand,South Africa,South Africa,3 runs,Auckland,22-Feb-12,223
New Zealand,South Africa,South Africa,8 wickets,Hamilton,19-Feb-12,222
New Zealand,South Africa,New Zealand,6 wickets,Wellington,17-Feb-12,221
New Zealand,Zimbabwe,New Zealand,5 wickets,Hamilton,14-Feb-12,220
New Zealand,Zimbabwe,New Zealand,7 wickets,Auckland,11-Feb-12,219
Australia,India,India,8 wickets,Melbourne,3-Feb-12,218
Australia,India,Australia,31 runs,Sydney,1-Feb-12,217
Bangladesh,Pakistan,Pakistan,50 runs,Mirpur,29-Nov-11,216
Pakistan,Sri Lanka,Pakistan,5 wickets,Abu Dhabi,25-Nov-11,215
India,England,England,6 wickets,Eden Gardens,29-Oct-11,214
Zimbabwe,New Zealand,New Zealand,34 runs,Harare,17-Oct-11,213
South Africa,Australia,South Africa,3 wickets,Johannesburg,16-Oct-11,212
Zimbabwe,New Zealand,New Zealand,10 wickets,Harare,15-Oct-11,211
South Africa,Australia,Australia,5 wickets,Cape Town,13-Oct-11,210
Bangladesh,West Indies,Bangladesh,3 wickets,Mirpur,11-Oct-11,209
England,West Indies,West Indies,25 runs,The Oval,25-Sep-11,208
England,West Indies,England,10 wickets,The Oval,23-Sep-11,207
Zimbabwe,Pakistan,Pakistan,5 runs,Harare,18-Sep-11,206
Zimbabwe,Pakistan,Pakistan,85 runs,Harare,16-Sep-11,205
England,India,England,6 wickets,Manchester,31-Aug-11,204
Sri Lanka,Australia,Sri Lanka,8 runs,Pallekele,8-Aug-11,203
Sri Lanka,Australia,Sri Lanka,35 runs,Pallekele,6-Aug-11,202
England,Sri Lanka,Sri Lanka,9 wickets,Bristol,25-Jun-11,201
West Indies,India,India,16 runs,Port of Spain,4-Jun-11,200
West Indies,Pakistan,West Indies,7 runs,Gros Islet,21-Apr-11,199
Australia,England,Australia,4 runs,Melbourne,14-Jan-11,198
Australia,England,England,1 wicket,Adelaide,12-Jan-11,197
South Africa,India,India,21 runs,Durban,9-Jan-11,196
New Zealand,Pakistan,Pakistan,103 runs,Christchurch,30-Dec-10,195
New Zealand,Pakistan,New Zealand,39 runs,Hamilton,28-Dec-10,194
New Zealand,Pakistan,New Zealand,5 wickets,Auckland,26-Dec-10,193
Australia,Sri Lanka,Sri Lanka,7 wickets,W.A.C.A,31-Oct-10,192
Pakistan,South Africa,South Africa,6 wickets,Abu Dhabi,27-Oct-10,191
Pakistan,South Africa,South Africa,6 wickets,Abu Dhabi,26-Oct-10,190
South Africa,Zimbabwe,South Africa,8 runs,Kimberley,10-Oct-10,189
South Africa,Zimbabwe,South Africa,7 wickets,Bloemfontein,8-Oct-10,188
England,Pakistan,England,6 wickets,Cardiff,7-Sep-10,187
England,Pakistan,England,5 wickets,Cardiff,5-Sep-10,186
Australia,Pakistan,Pakistan,11 runs,Birmingham,6-Jul-10,185
Australia,Pakistan,Pakistan,23 runs,Birmingham,5-Jul-10,184
Zimbabwe,India,India,7 wickets,Harare,13-Jun-10,183
Zimbabwe,India,India,6 wickets,Harare,12-Jun-10,182
New Zealand,Sri Lanka,Sri Lanka,7 wickets,Lauderhill,23-May-10,181
New Zealand,Sri Lanka,New Zealand,28 runs,Lauderhill,22-May-10,180
West Indies,South Africa,South Africa,1 run,North Sound,20-May-10,179
West Indies,South Africa,South Africa,13 runs,North Sound,19-May-10,178
Australia,England,England,7 wickets,Bridgetown,16-May-10,177
Australia,Pakistan,Australia,3 wickets,Gros Islet,14-May-10,176
England,Sri Lanka,England,7 wickets,Gros Islet,13-May-10,175
West Indies,Australia,Australia,6 wickets,Gros Islet,11-May-10,174
India,Sri Lanka,Sri Lanka,5 wickets,Gros Islet,11-May-10,173
England,New Zealand,England,3 wickets,Gros Islet,10-May-10,172
Pakistan,South Africa,Pakistan,11 runs,Gros Islet,10-May-10,171
Australia,Sri Lanka,Australia,81 runs,Bridgetown,9-May-10,170
West Indies,India,West Indies,14 runs,Bridgetown,9-May-10,169
England,South Africa,England,39 runs,Bridgetown,8-May-10,168
New Zealand,Pakistan,New Zealand,1 run,Bridgetown,8-May-10,167
West Indies,Sri Lanka,Sri Lanka,57 runs,Bridgetown,7-May-10,166
Australia,India,Australia,49 runs,Bridgetown,7-May-10,165
New Zealand,South Africa,South Africa,13 runs,Bridgetown,6-May-10,164
England,Pakistan,England,6 wickets,Bridgetown,6-May-10,163
Afghanistan,South Africa,South Africa,59 runs,Bridgetown,5-May-10,162
Australia,Bangladesh,Australia,27 runs,Bridgetown,5-May-10,161
England,Ireland,no result,-,Providence,4-May-10,160
New Zealand,Zimbabwe,New Zealand,7 runs,Providence,4-May-10,159
West Indies,England,West Indies,8 wickets,Providence,3-May-10,158
Sri Lanka,Zimbabwe,Sri Lanka,14 runs,Providence,3-May-10,157
Australia,Pakistan,Australia,34 runs,Gros Islet,2-May-10,156
India,South Africa,India,14 runs,Gros Islet,2-May-10,155
Bangladesh,Pakistan,Pakistan,21 runs,Gros Islet,1-May-10,154
Afghanistan,India,India,7 wickets,Gros Islet,1-May-10,153
West Indies,Ireland,West Indies,70 runs,Providence,30-Apr-10,152
New Zealand,Sri Lanka,New Zealand,2 wickets,Providence,30-Apr-10,151
West Indies,Zimbabwe,Zimbabwe,26 runs,Port of Spain,28-Feb-10,150
New Zealand,Australia,tied,-,Christchurch,28-Feb-10,149
New Zealand,Australia,Australia,6 wickets,Wellington,26-Feb-10,148
Australia,West Indies,Australia,8 wickets,Sydney,23-Feb-10,147
Australia,West Indies,Australia,38 runs,Hobart,21-Feb-10,146
England,Pakistan,Pakistan,4 wickets,Dubai (DICS),20-Feb-10,145
England,Pakistan,England,7 wickets,Dubai (DICS),19-Feb-10,144
Afghanistan,Ireland,Afghanistan,8 wickets,Dubai (DICS),13-Feb-10,143
Ireland,Netherlands,Ireland,65 runs,Dubai (DICS),13-Feb-10,142
Afghanistan,Netherlands,Netherlands,4 wickets,Dubai (DICS),12-Feb-10,141
Ireland,Scotland,Ireland,37 runs,Dubai (DICS),11-Feb-10,140
Kenya,Netherlands,Netherlands,7 wickets,Abu Dhabi,11-Feb-10,139
Canada,Kenya,Kenya,9 wickets,Dubai (DICS),10-Feb-10,138
Afghanistan,Scotland,Afghanistan,14 runs,Abu Dhabi,10-Feb-10,137
Canada,Netherlands,Netherlands,6 wickets,Dubai (DICS),9-Feb-10,136
Afghanistan,Ireland,Afghanistan,13 runs,Dubai (DICS),9-Feb-10,135
Australia,Pakistan,Australia,2 runs,Melbourne,5-Feb-10,134
Kenya,Scotland,Kenya,10 wickets,Nairobi (Gym),4-Feb-10,133
Afghanistan,Canada,Afghanistan,5 wickets,Colombo (SSC),4-Feb-10,132
New Zealand,Bangladesh,New Zealand,10 wickets,Hamilton,3-Feb-10,131
Canada,Ireland,Canada,4 runs,Colombo (SSC),3-Feb-10,130
Kenya,Scotland,Kenya,10 wickets,Nairobi (Gym),1-Feb-10,129
Afghanistan,Ireland,Ireland,5 wickets,Colombo (PSS),1-Feb-10,128
India,Sri Lanka,India,6 wickets,Mohali,12-Dec-09,127
India,Sri Lanka,Sri Lanka,29 runs,Nagpur,9-Dec-09,126
South Africa,England,South Africa,84 runs,Centurion,15-Nov-09,125
New Zealand,Pakistan,Pakistan,7 runs,Dubai (DICS),13-Nov-09,124
South Africa,England,England,1 run,Johannesburg,13-Nov-09,123
New Zealand,Pakistan,Pakistan,49 runs,Dubai (DICS),12-Nov-09,122
Sri Lanka,New Zealand,New Zealand,22 runs,Colombo (RPS),4-Sep-09,121
Sri Lanka,New Zealand,New Zealand,3 runs,Colombo (RPS),2-Sep-09,120
England,Australia,no result,-,Manchester,30-Aug-09,119
Sri Lanka,Pakistan,Pakistan,52 runs,Colombo (RPS),12-Aug-09,118
West Indies,Bangladesh,West Indies,5 wickets,Basseterre,2-Aug-09,117
Pakistan,Sri Lanka,Pakistan,8 wickets,Lord's,21-Jun-09,116
Sri Lanka,West Indies,Sri Lanka,57 runs,The Oval,19-Jun-09,115
Pakistan,South Africa,Pakistan,7 runs,Nottingham,18-Jun-09,114
India,South Africa,South Africa,12 runs,Nottingham,16-Jun-09,113
New Zealand,Sri Lanka,Sri Lanka,48 runs,Nottingham,16-Jun-09,112
England,West Indies,West Indies,5 wickets,The Oval,15-Jun-09,111
Ireland,Pakistan,Pakistan,39 runs,The Oval,15-Jun-09,110
England,India,England,3 runs,Lord's,14-Jun-09,109
Ireland,Sri Lanka,Sri Lanka,9 runs,Lord's,14-Jun-09,108
New Zealand,Pakistan,Pakistan,6 wickets,The Oval,13-Jun-09,107
South Africa,West Indies,South Africa,20 runs,The Oval,13-Jun-09,106
India,West Indies,West Indies,7 wickets,Lord's,12-Jun-09,105
Pakistan,Sri Lanka,Sri Lanka,19 runs,Lord's,12-Jun-09,104
England,South Africa,South Africa,7 wickets,Nottingham,11-Jun-09,103
Ireland,New Zealand,New Zealand,83 runs,Nottingham,11-Jun-09,102
India,Ireland,India,8 wickets,Nottingham,10-Jun-09,101
Sri Lanka,West Indies,Sri Lanka,15 runs,Nottingham,10-Jun-09,100
New Zealand,South Africa,South Africa,1 run,Lord's,9-Jun-09,99
Netherlands,Pakistan,Pakistan,82 runs,Lord's,9-Jun-09,98
Australia,Sri Lanka,Sri Lanka,6 wickets,Nottingham,8-Jun-09,97
Bangladesh,Ireland,Ireland,6 wickets,Nottingham,8-Jun-09,96
England,Pakistan,England,48 runs,The Oval,7-Jun-09,95
Scotland,South Africa,South Africa,130 runs,The Oval,7-Jun-09,94
Bangladesh,India,India,25 runs,Nottingham,6-Jun-09,93
Australia,West Indies,West Indies,7 wickets,The Oval,6-Jun-09,92
New Zealand,Scotland,New Zealand,7 wickets,The Oval,6-Jun-09,91
England,Netherlands,Netherlands,4 wickets,Lord's,5-Jun-09,90
Australia,Pakistan,Pakistan,7 wickets,Dubai (DICS),7-May-09,89
South Africa,Australia,South Africa,17 runs,Centurion,29-Mar-09,88
South Africa,Australia,South Africa,4 wickets,Johannesburg,27-Mar-09,87
West Indies,England,West Indies,6 wickets,Port of Spain,15-Mar-09,86
New Zealand,India,New Zealand,5 wickets,Wellington,27-Feb-09,85
New Zealand,India,New Zealand,7 wickets,Christchurch,25-Feb-09,84
Australia,New Zealand,Australia,1 run,Sydney,15-Feb-09,83
Sri Lanka,India,India,3 wickets,Colombo (RPS),10-Feb-09,82
Australia,South Africa,Australia,6 wickets,Brisbane,13-Jan-09,81
Australia,South Africa,Australia,52 runs,Melbourne,11-Jan-09,80
New Zealand,West Indies,New Zealand,36 runs,Hamilton,28-Dec-08,79
New Zealand,West Indies,tied,-,Auckland,26-Dec-08,78
South Africa,Bangladesh,South Africa,12 runs,Johannesburg,5-Nov-08,77
Pakistan,Sri Lanka,Sri Lanka,5 wickets,King City (NW),13-Oct-08,76
Canada,Zimbabwe,Zimbabwe,109 runs,King City (NW),13-Oct-08,75
Canada,Sri Lanka,Sri Lanka,15 runs,King City (NW),12-Oct-08,74
Pakistan,Zimbabwe,Pakistan,7 wickets,King City (NW),12-Oct-08,73
Pakistan,Sri Lanka,Pakistan,3 wickets,King City (NW),11-Oct-08,72
Canada,Zimbabwe,tied,-,King City (NW),11-Oct-08,71
Canada,Pakistan,Pakistan,35 runs,King City (NW),10-Oct-08,70
Sri Lanka,Zimbabwe,Sri Lanka,5 wickets,King City (NW),10-Oct-08,69
Ireland,Netherlands,no result,-,Belfast,5-Aug-08,68
Bermuda,Canada,Canada,8 wickets,Belfast,5-Aug-08,67
Kenya,Scotland,Scotland,9 wickets,Belfast,4-Aug-08,66
Netherlands,Scotland,Netherlands,5 wickets,Belfast,4-Aug-08,65
Ireland,Kenya,Ireland,4 wickets,Belfast,4-Aug-08,64
Ireland,Bermuda,Ireland,4 runs,Belfast,3-Aug-08,63
Canada,Kenya,Kenya,4 wickets,Belfast,3-Aug-08,62
Bermuda,Scotland,Scotland,8 wickets,Belfast,3-Aug-08,61
Canada,Netherlands,Canada,4 wickets,Belfast,2-Aug-08,60
Ireland,Scotland,Ireland,4 wickets,Belfast,2-Aug-08,59
Kenya,Netherlands,Netherlands,19 runs,Belfast,2-Aug-08,58
West Indies,Australia,West Indies,7 wickets,Bridgetown,20-Jun-08,57
England,New Zealand,England,9 wickets,Manchester,13-Jun-08,56
Pakistan,Bangladesh,Pakistan,102 runs,Karachi,20-Apr-08,55
New Zealand,England,England,50 runs,Christchurch,7-Feb-08,54
New Zealand,England,England,32 runs,Auckland,5-Feb-08,53
Australia,India,Australia,9 wickets,Melbourne,1-Feb-08,52
South Africa,West Indies,South Africa,4 wickets,Johannesburg,18-Jan-08,51
South Africa,West Indies,West Indies,5 wickets,Gqeberha,16-Dec-07,50
Australia,New Zealand,Australia,54 runs,W.A.C.A,11-Dec-07,49
South Africa,New Zealand,South Africa,3 wickets,Johannesburg,23-Nov-07,48
India,Australia,India,7 wickets,Brabourne,20-Oct-07,47
India,Pakistan,India,5 runs,Johannesburg,24-Sep-07,46
Australia,India,India,15 runs,Durban,22-Sep-07,45
New Zealand,Pakistan,Pakistan,6 wickets,Cape Town,22-Sep-07,44
South Africa,India,India,37 runs,Durban,20-Sep-07,43
Bangladesh,Pakistan,Pakistan,4 wickets,Cape Town,20-Sep-07,42
Australia,Sri Lanka,Australia,10 wickets,Cape Town,20-Sep-07,41
England,India,India,18 runs,Durban,19-Sep-07,40
South Africa,New Zealand,South Africa,6 wickets,Durban,19-Sep-07,39
Bangladesh,Sri Lanka,Sri Lanka,64 runs,Johannesburg,18-Sep-07,38
Australia,Pakistan,Pakistan,6 wickets,Johannesburg,18-Sep-07,37
England,New Zealand,New Zealand,5 runs,Durban,18-Sep-07,36
Pakistan,Sri Lanka,Pakistan,33 runs,Johannesburg,17-Sep-07,35
South Africa,England,South Africa,19 runs,Cape Town,16-Sep-07,34
Australia,Bangladesh,Australia,9 wickets,Cape Town,16-Sep-07,33
India,New Zealand,New Zealand,10 runs,Johannesburg,16-Sep-07,32
South Africa,Bangladesh,South Africa,7 wickets,Cape Town,15-Sep-07,31
New Zealand,Sri Lanka,Sri Lanka,7 wickets,Johannesburg,15-Sep-07,30
India,Pakistan,tied,-,Durban,14-Sep-07,29
Australia,England,Australia,8 wickets,Cape Town,14-Sep-07,28
Kenya,Sri Lanka,Sri Lanka,172 runs,Johannesburg,14-Sep-07,27
India,Scotland,no result,-,Durban,13-Sep-07,26
England,Zimbabwe,England,50 runs,Cape Town,13-Sep-07,25
Bangladesh,West Indies,Bangladesh,6 wickets,Johannesburg,13-Sep-07,24
Australia,Zimbabwe,Zimbabwe,5 wickets,Cape Town,12-Sep-07,23
Pakistan,Scotland,Pakistan,51 runs,Durban,12-Sep-07,22
Kenya,New Zealand,New Zealand,9 wickets,Durban,12-Sep-07,21
South Africa,West Indies,South Africa,8 wickets,Johannesburg,11-Sep-07,20
Kenya,Pakistan,Pakistan,8 wickets,Nairobi (Gym),4-Sep-07,19
Bangladesh,Pakistan,Pakistan,30 runs,Nairobi (Gym),2-Sep-07,18
Kenya,Bangladesh,Bangladesh,5 wickets,Nairobi (Gym),1-Sep-07,17
England,West Indies,England,5 wickets,The Oval,29-Jun-07,16
England,West Indies,West Indies,15 runs,The Oval,28-Jun-07,15
South Africa,Pakistan,South Africa,10 wickets,Johannesburg,2-Feb-07,14
Australia,England,Australia,77 runs,Sydney,9-Jan-07,13
New Zealand,Sri Lanka,New Zealand,5 wickets,Auckland,26-Dec-06,12
New Zealand,Sri Lanka,Sri Lanka,18 runs,Wellington,22-Dec-06,11
South Africa,India,India,6 wickets,Johannesburg,1-Dec-06,10
Bangladesh,Zimbabwe,Bangladesh,43 runs,Khulna,28-Nov-06,9
England,Pakistan,Pakistan,5 wickets,Bristol,28-Aug-06,8
England,Sri Lanka,Sri Lanka,2 runs,Southampton,15-Jun-06,7
South Africa,Australia,South Africa,2 runs,Johannesburg,24-Feb-06,6
New Zealand,West Indies,tied,-,Auckland,16-Feb-06,5
Australia,South Africa,Australia,95 runs,Brisbane,9-Jan-06,4
South Africa,New Zealand,New Zealand,5 wickets,Johannesburg,21-Oct-05,3
England,Australia,England,100 runs,Southampton,13-Jun-05,2
New Zealand,Australia,Australia,44 runs,Auckland,17-Feb-05,1